Localizacao,Sexo,Cor_Raca,Grupo_Idade,Alfabetizadas,Não alfabetizadas,Total,Taxa_Analfabetismo_Pct
Acre,Homens,Amarela,15 a 19 anos,73.0,0.0,73.0,0.0
Acre,Homens,Amarela,20 a 24 anos,92.0,3.0,95.0,3.1578947368421053
Acre,Homens,Amarela,25 a 34 anos,124.0,5.0,129.0,3.875968992248062
Acre,Homens,Amarela,35 a 44 anos,129.0,17.0,146.0,11.643835616438356
Acre,Homens,Amarela,45 a 54 anos,55.0,21.0,76.0,27.631578947368425
Acre,Homens,Amarela,55 a 64 anos,53.0,13.0,66.0,19.696969696969695
Acre,Homens,Amarela,65 anos ou mais,53.0,11.0,64.0,17.1875
Acre,Homens,Amarela,75 anos ou mais,13.0,5.0,18.0,27.77777777777778
Acre,Homens,Amarela,80 anos ou mais,5.0,1.0,6.0,16.666666666666664
Acre,Homens,Amarela,Total,579.0,70.0,649.0,10.785824345146379
Acre,Homens,Branca,15 a 19 anos,8208.0,233.0,8441.0,2.7603364530268926
Acre,Homens,Branca,20 a 24 anos,7591.0,206.0,7797.0,2.642041810952931
Acre,Homens,Branca,25 a 34 anos,12078.0,521.0,12599.0,4.1352488292721645
Acre,Homens,Branca,35 a 44 anos,10266.0,951.0,11217.0,8.47820272800214
Acre,Homens,Branca,45 a 54 anos,6954.0,1209.0,8163.0,14.810731348768835
Acre,Homens,Branca,55 a 64 anos,4530.0,1175.0,5705.0,20.595968448729185
Acre,Homens,Branca,65 anos ou mais,3904.0,1960.0,5864.0,33.42428376534789
Acre,Homens,Branca,75 anos ou mais,1284.0,917.0,2201.0,41.66288050885961
Acre,Homens,Branca,80 anos ou mais,660.0,532.0,1192.0,44.63087248322148
Acre,Homens,Branca,Total,53531.0,6255.0,59786.0,10.462315592279129
Acre,Homens,Indígena,15 a 19 anos,1519.0,145.0,1664.0,8.713942307692307
Acre,Homens,Indígena,20 a 24 anos,1341.0,118.0,1459.0,8.087731322823851
Acre,Homens,Indígena,25 a 34 anos,1602.0,237.0,1839.0,12.887438825448614
Acre,Homens,Indígena,35 a 44 anos,1058.0,244.0,1302.0,18.74039938556068
Acre,Homens,Indígena,45 a 54 anos,557.0,237.0,794.0,29.848866498740556
Acre,Homens,Indígena,55 a 64 anos,226.0,197.0,423.0,46.57210401891253
Acre,Homens,Indígena,65 anos ou mais,151.0,303.0,454.0,66.74008810572687
Acre,Homens,Indígena,75 anos ou mais,49.0,172.0,221.0,77.82805429864254
Acre,Homens,Indígena,80 anos ou mais,32.0,109.0,141.0,77.30496453900709
Acre,Homens,Indígena,Total,6454.0,1481.0,7935.0,18.66414618777568
Acre,Homens,Parda,15 a 19 anos,26187.0,695.0,26882.0,2.5853731121196337
Acre,Homens,Parda,20 a 24 anos,25054.0,802.0,25856.0,3.1017945544554455
Acre,Homens,Parda,25 a 34 anos,41068.0,2124.0,43192.0,4.917577329135025
Acre,Homens,Parda,35 a 44 anos,36610.0,4445.0,41055.0,10.826939471440749
Acre,Homens,Parda,45 a 54 anos,23281.0,5893.0,29174.0,20.199492698978542
Acre,Homens,Parda,55 a 64 anos,13305.0,5322.0,18627.0,28.57142857142857
Acre,Homens,Parda,65 anos ou mais,9062.0,7066.0,16128.0,43.81200396825397
Acre,Homens,Parda,75 anos ou mais,2568.0,2997.0,5565.0,53.8544474393531
Acre,Homens,Parda,80 anos ou mais,1239.0,1563.0,2802.0,55.78158458244111
Acre,Homens,Parda,Total,174567.0,26347.0,200914.0,13.113570980618572
Acre,Homens,Preta,15 a 19 anos,3286.0,88.0,3374.0,2.6081802015411975
Acre,Homens,Preta,20 a 24 anos,3810.0,134.0,3944.0,3.3975659229208928
Acre,Homens,Preta,25 a 34 anos,6503.0,349.0,6852.0,5.093403385872738
Acre,Homens,Preta,35 a 44 anos,5973.0,901.0,6874.0,13.107361070701193
Acre,Homens,Preta,45 a 54 anos,3980.0,1302.0,5282.0,24.64975388110564
Acre,Homens,Preta,55 a 64 anos,2313.0,1260.0,3573.0,35.26448362720403
Acre,Homens,Preta,65 anos ou mais,1401.0,1605.0,3006.0,53.39321357285429
Acre,Homens,Preta,75 anos ou mais,388.0,641.0,1029.0,62.293488824101075
Acre,Homens,Preta,80 anos ou mais,201.0,340.0,541.0,62.84658040665434
Acre,Homens,Preta,Total,27266.0,5639.0,32905.0,17.137213189484882
Acre,Homens,Total,15 a 19 anos,39274.0,1161.0,40435.0,2.8712748856188948
Acre,Homens,Total,20 a 24 anos,37889.0,1263.0,39152.0,3.2258888434818145
Acre,Homens,Total,25 a 34 anos,61375.0,3236.0,64611.0,5.008435096191051
Acre,Homens,Total,35 a 44 anos,54036.0,6558.0,60594.0,10.82285374789583
Acre,Homens,Total,45 a 54 anos,34827.0,8663.0,43490.0,19.919521729133134
Acre,Homens,Total,55 a 64 anos,20428.0,7967.0,28395.0,28.05775664729706
Acre,Homens,Total,65 anos ou mais,14571.0,10945.0,25516.0,42.89465433453519
Acre,Homens,Total,75 anos ou mais,4302.0,4732.0,9034.0,52.37989816249723
Acre,Homens,Total,80 anos ou mais,2137.0,2545.0,4682.0,54.35711234515165
Acre,Homens,Total,Total,262400.0,39793.0,302193.0,13.168074707223528
Acre,Mulheres,Amarela,15 a 19 anos,92.0,3.0,95.0,3.1578947368421053
Acre,Mulheres,Amarela,20 a 24 anos,112.0,3.0,115.0,2.608695652173913
Acre,Mulheres,Amarela,25 a 34 anos,204.0,5.0,209.0,2.3923444976076556
Acre,Mulheres,Amarela,35 a 44 anos,193.0,9.0,202.0,4.455445544554455
Acre,Mulheres,Amarela,45 a 54 anos,97.0,23.0,120.0,19.166666666666668
Acre,Mulheres,Amarela,55 a 64 anos,59.0,18.0,77.0,23.376623376623375
Acre,Mulheres,Amarela,65 anos ou mais,57.0,17.0,74.0,22.972972972972975
Acre,Mulheres,Amarela,75 anos ou mais,16.0,8.0,24.0,33.33333333333333
Acre,Mulheres,Amarela,80 anos ou mais,8.0,3.0,11.0,27.27272727272727
Acre,Mulheres,Amarela,Total,814.0,78.0,892.0,8.74439461883408
Acre,Mulheres,Branca,15 a 19 anos,8627.0,136.0,8763.0,1.551979915554034
Acre,Mulheres,Branca,20 a 24 anos,7996.0,144.0,8140.0,1.7690417690417692
Acre,Mulheres,Branca,25 a 34 anos,13377.0,283.0,13660.0,2.0717423133235724
Acre,Mulheres,Branca,35 a 44 anos,12499.0,780.0,13279.0,5.8739362903833126
Acre,Mulheres,Branca,45 a 54 anos,8123.0,987.0,9110.0,10.834248079034028
Acre,Mulheres,Branca,55 a 64 anos,5097.0,1125.0,6222.0,18.081002892960463
Acre,Mulheres,Branca,65 anos ou mais,4588.0,2003.0,6591.0,30.389925656197846
Acre,Mulheres,Branca,75 anos ou mais,1735.0,1033.0,2768.0,37.31936416184971
Acre,Mulheres,Branca,80 anos ou mais,951.0,647.0,1598.0,40.48811013767209
Acre,Mulheres,Branca,Total,60307.0,5458.0,65765.0,8.29924732000304
Acre,Mulheres,Indígena,15 a 19 anos,1534.0,194.0,1728.0,11.226851851851851
Acre,Mulheres,Indígena,20 a 24 anos,1078.0,216.0,1294.0,16.69242658423493
Acre,Mulheres,Indígena,25 a 34 anos,1446.0,373.0,1819.0,20.505772402418913
Acre,Mulheres,Indígena,35 a 44 anos,811.0,433.0,1244.0,34.80707395498393
Acre,Mulheres,Indígena,45 a 54 anos,364.0,422.0,786.0,53.68956743002544
Acre,Mulheres,Indígena,55 a 64 anos,144.0,226.0,370.0,61.08108108108108
Acre,Mulheres,Indígena,65 anos ou mais,101.0,456.0,557.0,81.86714542190305
Acre,Mulheres,Indígena,75 anos ou mais,30.0,268.0,298.0,89.93288590604027
Acre,Mulheres,Indígena,80 anos ou mais,14.0,174.0,188.0,92.5531914893617
Acre,Mulheres,Indígena,Total,5478.0,2320.0,7798.0,29.75121826109259
Acre,Mulheres,Parda,15 a 19 anos,24547.0,345.0,24892.0,1.385987465852483
Acre,Mulheres,Parda,20 a 24 anos,25163.0,417.0,25580.0,1.6301798279906177
Acre,Mulheres,Parda,25 a 34 anos,44735.0,1328.0,46063.0,2.883008054186657
Acre,Mulheres,Parda,35 a 44 anos,39188.0,3506.0,42694.0,8.211926734435753
Acre,Mulheres,Parda,45 a 54 anos,25152.0,4724.0,29876.0,15.812023028517874
Acre,Mulheres,Parda,55 a 64 anos,14985.0,5041.0,20026.0,25.172276041146507
Acre,Mulheres,Parda,65 anos ou mais,10326.0,6766.0,17092.0,39.58577112099228
Acre,Mulheres,Parda,75 anos ou mais,3139.0,2857.0,5996.0,47.648432288192126
Acre,Mulheres,Parda,80 anos ou mais,1560.0,1597.0,3157.0,50.585999366487165
Acre,Mulheres,Parda,Total,184096.0,22127.0,206223.0,10.729647032581235
Acre,Mulheres,Preta,15 a 19 anos,2736.0,39.0,2775.0,1.4054054054054055
Acre,Mulheres,Preta,20 a 24 anos,2900.0,66.0,2966.0,2.2252191503708696
Acre,Mulheres,Preta,25 a 34 anos,5095.0,172.0,5267.0,3.2656161002468194
Acre,Mulheres,Preta,35 a 44 anos,4760.0,557.0,5317.0,10.475832236223434
Acre,Mulheres,Preta,45 a 54 anos,3182.0,890.0,4072.0,21.856581532416502
Acre,Mulheres,Preta,55 a 64 anos,1912.0,934.0,2846.0,32.817990161630355
Acre,Mulheres,Preta,65 anos ou mais,1339.0,1401.0,2740.0,51.131386861313864
Acre,Mulheres,Preta,75 anos ou mais,402.0,577.0,979.0,58.93769152196119
Acre,Mulheres,Preta,80 anos ou mais,185.0,309.0,494.0,62.55060728744939
Acre,Mulheres,Preta,Total,21924.0,4059.0,25983.0,15.621752684447523
Acre,Mulheres,Total,15 a 19 anos,37537.0,717.0,38254.0,1.8743137972499608
Acre,Mulheres,Total,20 a 24 anos,37249.0,846.0,38095.0,2.2207638797742484
Acre,Mulheres,Total,25 a 34 anos,64858.0,2161.0,67019.0,3.2244587355824463
Acre,Mulheres,Total,35 a 44 anos,57452.0,5285.0,62737.0,8.424055979724884
Acre,Mulheres,Total,45 a 54 anos,36918.0,7046.0,43964.0,16.02674915840233
Acre,Mulheres,Total,55 a 64 anos,22198.0,7344.0,29542.0,24.85952203642272
Acre,Mulheres,Total,65 anos ou mais,16411.0,10643.0,27054.0,39.33983884083684
Acre,Mulheres,Total,75 anos ou mais,5322.0,4743.0,10065.0,47.12369597615499
Acre,Mulheres,Total,80 anos ou mais,2718.0,2730.0,5448.0,50.110132158590304
Acre,Mulheres,Total,Total,272623.0,34042.0,306665.0,11.100712503872304
Acre,Total,Amarela,15 a 19 anos,165.0,3.0,168.0,1.7857142857142856
Acre,Total,Amarela,20 a 24 anos,204.0,6.0,210.0,2.857142857142857
Acre,Total,Amarela,25 a 34 anos,328.0,10.0,338.0,2.9585798816568047
Acre,Total,Amarela,35 a 44 anos,322.0,26.0,348.0,7.471264367816093
Acre,Total,Amarela,45 a 54 anos,152.0,44.0,196.0,22.448979591836736
Acre,Total,Amarela,55 a 64 anos,112.0,31.0,143.0,21.678321678321677
Acre,Total,Amarela,65 anos ou mais,110.0,28.0,138.0,20.28985507246377
Acre,Total,Amarela,75 anos ou mais,29.0,13.0,42.0,30.952380952380953
Acre,Total,Amarela,80 anos ou mais,13.0,4.0,17.0,23.52941176470588
Acre,Total,Amarela,Total,1393.0,148.0,1541.0,9.604153147306944
Acre,Total,Branca,15 a 19 anos,16835.0,369.0,17204.0,2.1448500348756103
Acre,Total,Branca,20 a 24 anos,15587.0,350.0,15937.0,2.1961473301123173
Acre,Total,Branca,25 a 34 anos,25455.0,804.0,26259.0,3.061807380326745
Acre,Total,Branca,35 a 44 anos,22765.0,1731.0,24496.0,7.066459830176355
Acre,Total,Branca,45 a 54 anos,15077.0,2196.0,17273.0,12.71348347131361
Acre,Total,Branca,55 a 64 anos,9627.0,2300.0,11927.0,19.28397752997401
Acre,Total,Branca,65 anos ou mais,8492.0,3963.0,12455.0,31.81854676836612
Acre,Total,Branca,75 anos ou mais,3019.0,1950.0,4969.0,39.24330851277923
Acre,Total,Branca,80 anos ou mais,1611.0,1179.0,2790.0,42.25806451612903
Acre,Total,Branca,Total,113838.0,11713.0,125551.0,9.32927654897213
Acre,Total,Indígena,15 a 19 anos,3053.0,339.0,3392.0,9.994103773584905
Acre,Total,Indígena,20 a 24 anos,2419.0,334.0,2753.0,12.13221939702143
Acre,Total,Indígena,25 a 34 anos,3048.0,610.0,3658.0,16.675779114270092
Acre,Total,Indígena,35 a 44 anos,1869.0,677.0,2546.0,26.59073055773763
Acre,Total,Indígena,45 a 54 anos,921.0,659.0,1580.0,41.708860759493675
Acre,Total,Indígena,55 a 64 anos,370.0,423.0,793.0,53.34174022698613
Acre,Total,Indígena,65 anos ou mais,252.0,759.0,1011.0,75.07418397626114
Acre,Total,Indígena,75 anos ou mais,79.0,440.0,519.0,84.77842003853564
Acre,Total,Indígena,80 anos ou mais,46.0,283.0,329.0,86.01823708206688
Acre,Total,Indígena,Total,11932.0,3801.0,15733.0,24.159410156994852
Acre,Total,Parda,15 a 19 anos,50734.0,1040.0,51774.0,2.0087302507049873
Acre,Total,Parda,20 a 24 anos,50217.0,1219.0,51436.0,2.369935453767789
Acre,Total,Parda,25 a 34 anos,85803.0,3452.0,89255.0,3.867570444232816
Acre,Total,Parda,35 a 44 anos,75798.0,7951.0,83749.0,9.493844702623315
Acre,Total,Parda,45 a 54 anos,48433.0,10617.0,59050.0,17.979678238780693
Acre,Total,Parda,55 a 64 anos,28290.0,10363.0,38653.0,26.810338136755234
Acre,Total,Parda,65 anos ou mais,19388.0,13832.0,33220.0,41.63756773028296
Acre,Total,Parda,75 anos ou mais,5707.0,5854.0,11561.0,50.63575815240896
Acre,Total,Parda,80 anos ou mais,2799.0,3160.0,5959.0,53.02903171673099
Acre,Total,Parda,Total,358663.0,48474.0,407137.0,11.90606601709007
Acre,Total,Preta,15 a 19 anos,6022.0,127.0,6149.0,2.065376483981135
Acre,Total,Preta,20 a 24 anos,6710.0,200.0,6910.0,2.894356005788712
Acre,Total,Preta,25 a 34 anos,11598.0,521.0,12119.0,4.29903457380972
Acre,Total,Preta,35 a 44 anos,10733.0,1458.0,12191.0,11.959642359117382
Acre,Total,Preta,45 a 54 anos,7162.0,2192.0,9354.0,23.433825101560828
Acre,Total,Preta,55 a 64 anos,4225.0,2194.0,6419.0,34.1797787817417
Acre,Total,Preta,65 anos ou mais,2740.0,3006.0,5746.0,52.31465367211974
Acre,Total,Preta,75 anos ou mais,790.0,1218.0,2008.0,60.657370517928285
Acre,Total,Preta,80 anos ou mais,386.0,649.0,1035.0,62.70531400966184
Acre,Total,Preta,Total,49190.0,9698.0,58888.0,16.46855046868632
Acre,Total,Total,15 a 19 anos,76811.0,1878.0,78689.0,2.386610580894407
Acre,Total,Total,20 a 24 anos,75138.0,2109.0,77247.0,2.7302031146840653
Acre,Total,Total,25 a 34 anos,126233.0,5397.0,131630.0,4.100129149889843
Acre,Total,Total,35 a 44 anos,111488.0,11843.0,123331.0,9.602614103510067
Acre,Total,Total,45 a 54 anos,71745.0,15709.0,87454.0,17.96258604523521
Acre,Total,Total,55 a 64 anos,42626.0,15311.0,57937.0,26.42698103112001
Acre,Total,Total,65 anos ou mais,30982.0,21588.0,52570.0,41.06524633821571
Acre,Total,Total,75 anos ou mais,9624.0,9475.0,19099.0,49.60992722132049
Acre,Total,Total,80 anos ou mais,4855.0,5275.0,10130.0,52.073050345508385
Acre,Total,Total,Total,535023.0,73835.0,608858.0,12.126801323132815
Alagoas,Homens,Amarela,15 a 19 anos,176.0,5.0,181.0,2.7624309392265194
Alagoas,Homens,Amarela,20 a 24 anos,178.0,11.0,189.0,5.82010582010582
Alagoas,Homens,Amarela,25 a 34 anos,355.0,22.0,377.0,5.835543766578249
Alagoas,Homens,Amarela,35 a 44 anos,315.0,45.0,360.0,12.5
Alagoas,Homens,Amarela,45 a 54 anos,172.0,47.0,219.0,21.461187214611872
Alagoas,Homens,Amarela,55 a 64 anos,121.0,52.0,173.0,30.057803468208093
Alagoas,Homens,Amarela,65 anos ou mais,94.0,66.0,160.0,41.25
Alagoas,Homens,Amarela,75 anos ou mais,29.0,26.0,55.0,47.27272727272727
Alagoas,Homens,Amarela,80 anos ou mais,16.0,16.0,32.0,50.0
Alagoas,Homens,Amarela,Total,1411.0,248.0,1659.0,14.948764315852921
Alagoas,Homens,Branca,15 a 19 anos,35602.0,1454.0,37056.0,3.923791018998273
Alagoas,Homens,Branca,20 a 24 anos,32822.0,1605.0,34427.0,4.662038516280826
Alagoas,Homens,Branca,25 a 34 anos,55230.0,3746.0,58976.0,6.351736299511666
Alagoas,Homens,Branca,35 a 44 anos,51323.0,8104.0,59427.0,13.636899052619182
Alagoas,Homens,Branca,45 a 54 anos,38396.0,10201.0,48597.0,20.991007675370906
Alagoas,Homens,Branca,55 a 64 anos,27856.0,9653.0,37509.0,25.73515689567837
Alagoas,Homens,Branca,65 anos ou mais,24042.0,13883.0,37925.0,36.60646011865524
Alagoas,Homens,Branca,75 anos ou mais,8157.0,6195.0,14352.0,43.164715719063544
Alagoas,Homens,Branca,80 anos ou mais,4136.0,3406.0,7542.0,45.16043489790506
Alagoas,Homens,Branca,Total,265271.0,48646.0,313917.0,15.496452884042597
Alagoas,Homens,Indígena,15 a 19 anos,991.0,44.0,1035.0,4.251207729468599
Alagoas,Homens,Indígena,20 a 24 anos,863.0,61.0,924.0,6.6017316017316015
Alagoas,Homens,Indígena,25 a 34 anos,1334.0,146.0,1480.0,9.864864864864865
Alagoas,Homens,Indígena,35 a 44 anos,1052.0,289.0,1341.0,21.551081282624907
Alagoas,Homens,Indígena,45 a 54 anos,677.0,353.0,1030.0,34.271844660194176
Alagoas,Homens,Indígena,55 a 64 anos,448.0,294.0,742.0,39.62264150943396
Alagoas,Homens,Indígena,65 anos ou mais,327.0,388.0,715.0,54.26573426573427
Alagoas,Homens,Indígena,75 anos ou mais,100.0,144.0,244.0,59.01639344262295
Alagoas,Homens,Indígena,80 anos ou mais,50.0,64.0,114.0,56.14035087719298
Alagoas,Homens,Indígena,Total,5692.0,1575.0,7267.0,21.673317737718452
Alagoas,Homens,Parda,15 a 19 anos,77204.0,3658.0,80862.0,4.5237565234597215
Alagoas,Homens,Parda,20 a 24 anos,72622.0,4436.0,77058.0,5.7567027433880975
Alagoas,Homens,Parda,25 a 34 anos,124111.0,11011.0,135122.0,8.148932076197807
Alagoas,Homens,Parda,35 a 44 anos,109645.0,23831.0,133476.0,17.85414606371183
Alagoas,Homens,Parda,45 a 54 anos,76668.0,29899.0,106567.0,28.05652781818011
Alagoas,Homens,Parda,55 a 64 anos,48738.0,27747.0,76485.0,36.277701510100016
Alagoas,Homens,Parda,65 anos ou mais,34202.0,33705.0,67907.0,49.634058344500566
Alagoas,Homens,Parda,75 anos ou mais,9682.0,13365.0,23047.0,57.99019395149043
Alagoas,Homens,Parda,80 anos ou mais,4554.0,6726.0,11280.0,59.62765957446808
Alagoas,Homens,Parda,Total,543190.0,134287.0,677477.0,19.821632321097248
Alagoas,Homens,Preta,15 a 19 anos,11347.0,668.0,12015.0,5.559717020391178
Alagoas,Homens,Preta,20 a 24 anos,13314.0,926.0,14240.0,6.502808988764045
Alagoas,Homens,Preta,25 a 34 anos,24094.0,2420.0,26514.0,9.127253526438862
Alagoas,Homens,Preta,35 a 44 anos,21614.0,5480.0,27094.0,20.225880268694176
Alagoas,Homens,Preta,45 a 54 anos,15997.0,7267.0,23264.0,31.2371045392022
Alagoas,Homens,Preta,55 a 64 anos,9724.0,7041.0,16765.0,41.99821055770951
Alagoas,Homens,Preta,65 anos ou mais,6269.0,8493.0,14762.0,57.532854626744346
Alagoas,Homens,Preta,75 anos ou mais,1661.0,3276.0,4937.0,66.35608669232327
Alagoas,Homens,Preta,80 anos ou mais,780.0,1653.0,2433.0,67.94081381011098
Alagoas,Homens,Preta,Total,102359.0,32295.0,134654.0,23.983691535342434
Alagoas,Homens,Total,15 a 19 anos,125324.0,5829.0,131153.0,4.444427500705283
Alagoas,Homens,Total,20 a 24 anos,119802.0,7040.0,126842.0,5.550212074864793
Alagoas,Homens,Total,25 a 34 anos,205133.0,17346.0,222479.0,7.796690923637736
Alagoas,Homens,Total,35 a 44 anos,183956.0,37750.0,221706.0,17.027053846084453
Alagoas,Homens,Total,45 a 54 anos,131916.0,47768.0,179684.0,26.58444825360077
Alagoas,Homens,Total,55 a 64 anos,86892.0,44788.0,131680.0,34.0127582017011
Alagoas,Homens,Total,65 anos ou mais,64937.0,56536.0,121473.0,46.54202991611305
Alagoas,Homens,Total,75 anos ou mais,19629.0,23006.0,42635.0,53.96036120558227
Alagoas,Homens,Total,80 anos ou mais,9536.0,11865.0,21401.0,55.441334517078644
Alagoas,Homens,Total,Total,917960.0,217057.0,1135017.0,19.12367832376079
Alagoas,Mulheres,Amarela,15 a 19 anos,278.0,2.0,280.0,0.7142857142857143
Alagoas,Mulheres,Amarela,20 a 24 anos,355.0,3.0,358.0,0.8379888268156425
Alagoas,Mulheres,Amarela,25 a 34 anos,650.0,24.0,674.0,3.5608308605341246
Alagoas,Mulheres,Amarela,35 a 44 anos,545.0,56.0,601.0,9.317803660565724
Alagoas,Mulheres,Amarela,45 a 54 anos,343.0,72.0,415.0,17.349397590361445
Alagoas,Mulheres,Amarela,55 a 64 anos,172.0,61.0,233.0,26.180257510729614
Alagoas,Mulheres,Amarela,65 anos ou mais,126.0,84.0,210.0,40.0
Alagoas,Mulheres,Amarela,75 anos ou mais,39.0,26.0,65.0,40.0
Alagoas,Mulheres,Amarela,80 anos ou mais,23.0,9.0,32.0,28.125
Alagoas,Mulheres,Amarela,Total,2469.0,302.0,2771.0,10.8985925658607
Alagoas,Mulheres,Branca,15 a 19 anos,37008.0,641.0,37649.0,1.7025684613137133
Alagoas,Mulheres,Branca,20 a 24 anos,35098.0,843.0,35941.0,2.345510698088534
Alagoas,Mulheres,Branca,25 a 34 anos,63719.0,2295.0,66014.0,3.4765352803950678
Alagoas,Mulheres,Branca,35 a 44 anos,64692.0,6513.0,71205.0,9.14682957657468
Alagoas,Mulheres,Branca,45 a 54 anos,50577.0,10074.0,60651.0,16.609783845278724
Alagoas,Mulheres,Branca,55 a 64 anos,36103.0,11065.0,47168.0,23.45870081411126
Alagoas,Mulheres,Branca,65 anos ou mais,36077.0,19474.0,55551.0,35.05607459811704
Alagoas,Mulheres,Branca,75 anos ou mais,14507.0,9482.0,23989.0,39.52644962274376
Alagoas,Mulheres,Branca,80 anos ou mais,8307.0,5472.0,13779.0,39.712606139777925
Alagoas,Mulheres,Branca,Total,323274.0,50905.0,374179.0,13.604451345479035
Alagoas,Mulheres,Indígena,15 a 19 anos,934.0,20.0,954.0,2.0964360587002098
Alagoas,Mulheres,Indígena,20 a 24 anos,894.0,18.0,912.0,1.9736842105263157
Alagoas,Mulheres,Indígena,25 a 34 anos,1452.0,67.0,1519.0,4.410796576695194
Alagoas,Mulheres,Indígena,35 a 44 anos,1225.0,242.0,1467.0,16.496250852079072
Alagoas,Mulheres,Indígena,45 a 54 anos,858.0,299.0,1157.0,25.842696629213485
Alagoas,Mulheres,Indígena,55 a 64 anos,528.0,312.0,840.0,37.142857142857146
Alagoas,Mulheres,Indígena,65 anos ou mais,358.0,453.0,811.0,55.85696670776819
Alagoas,Mulheres,Indígena,75 anos ou mais,108.0,203.0,311.0,65.27331189710611
Alagoas,Mulheres,Indígena,80 anos ou mais,54.0,110.0,164.0,67.07317073170732
Alagoas,Mulheres,Indígena,Total,6249.0,1411.0,7660.0,18.42036553524804
Alagoas,Mulheres,Parda,15 a 19 anos,76715.0,1433.0,78148.0,1.8337001586732866
Alagoas,Mulheres,Parda,20 a 24 anos,80540.0,1884.0,82424.0,2.285742016888285
Alagoas,Mulheres,Parda,25 a 34 anos,151052.0,6163.0,157215.0,3.9201094043189264
Alagoas,Mulheres,Parda,35 a 44 anos,134917.0,19206.0,154123.0,12.461475574703321
Alagoas,Mulheres,Parda,45 a 54 anos,96134.0,28175.0,124309.0,22.665293743815816
Alagoas,Mulheres,Parda,55 a 64 anos,61836.0,30825.0,92661.0,33.26642276685984
Alagoas,Mulheres,Parda,65 anos ou mais,44151.0,41413.0,85564.0,48.40002804917956
Alagoas,Mulheres,Parda,75 anos ou mais,13616.0,17265.0,30881.0,55.90816359573848
Alagoas,Mulheres,Parda,80 anos ou mais,6927.0,9360.0,16287.0,57.46914717259164
Alagoas,Mulheres,Parda,Total,645345.0,129099.0,774444.0,16.669894789035748
Alagoas,Mulheres,Preta,15 a 19 anos,9755.0,250.0,10005.0,2.498750624687656
Alagoas,Mulheres,Preta,20 a 24 anos,11778.0,382.0,12160.0,3.1414473684210527
Alagoas,Mulheres,Preta,25 a 34 anos,22086.0,1072.0,23158.0,4.629069867864237
Alagoas,Mulheres,Preta,35 a 44 anos,19642.0,3682.0,23324.0,15.786314525810324
Alagoas,Mulheres,Preta,45 a 54 anos,14677.0,5927.0,20604.0,28.76625897883906
Alagoas,Mulheres,Preta,55 a 64 anos,9372.0,6987.0,16359.0,42.71043462314322
Alagoas,Mulheres,Preta,65 anos ou mais,6617.0,9647.0,16264.0,59.31505164781111
Alagoas,Mulheres,Preta,75 anos ou mais,1961.0,3919.0,5880.0,66.64965986394557
Alagoas,Mulheres,Preta,80 anos ou mais,1038.0,2124.0,3162.0,67.17267552182163
Alagoas,Mulheres,Preta,Total,93927.0,27947.0,121874.0,22.93105994715854
Alagoas,Mulheres,Total,15 a 19 anos,124694.0,2346.0,127040.0,1.846662468513854
Alagoas,Mulheres,Total,20 a 24 anos,128668.0,3130.0,131798.0,2.374846355786886
Alagoas,Mulheres,Total,25 a 34 anos,238965.0,9621.0,248586.0,3.870290362289107
Alagoas,Mulheres,Total,35 a 44 anos,221030.0,29702.0,250732.0,11.846114576519948
Alagoas,Mulheres,Total,45 a 54 anos,162598.0,44547.0,207145.0,21.50522580800888
Alagoas,Mulheres,Total,55 a 64 anos,108014.0,49253.0,157267.0,31.318076901066338
Alagoas,Mulheres,Total,65 anos ou mais,87333.0,71074.0,158407.0,44.867966693391075
Alagoas,Mulheres,Total,75 anos ou mais,30233.0,30898.0,61131.0,50.543913889843125
Alagoas,Mulheres,Total,80 anos ou mais,16351.0,17078.0,33429.0,51.08737922163391
Alagoas,Mulheres,Total,Total,1071302.0,209673.0,1280975.0,16.368235133394485
Alagoas,Total,Amarela,15 a 19 anos,454.0,7.0,461.0,1.5184381778741864
Alagoas,Total,Amarela,20 a 24 anos,533.0,14.0,547.0,2.5594149908592323
Alagoas,Total,Amarela,25 a 34 anos,1005.0,46.0,1051.0,4.376784015223597
Alagoas,Total,Amarela,35 a 44 anos,860.0,101.0,961.0,10.509885535900104
Alagoas,Total,Amarela,45 a 54 anos,515.0,119.0,634.0,18.769716088328074
Alagoas,Total,Amarela,55 a 64 anos,293.0,113.0,406.0,27.832512315270936
Alagoas,Total,Amarela,65 anos ou mais,220.0,150.0,370.0,40.54054054054054
Alagoas,Total,Amarela,75 anos ou mais,68.0,52.0,120.0,43.333333333333336
Alagoas,Total,Amarela,80 anos ou mais,39.0,25.0,64.0,39.0625
Alagoas,Total,Amarela,Total,3880.0,550.0,4430.0,12.415349887133182
Alagoas,Total,Branca,15 a 19 anos,72610.0,2095.0,74705.0,2.804363831068871
Alagoas,Total,Branca,20 a 24 anos,67920.0,2448.0,70368.0,3.4788540245566164
Alagoas,Total,Branca,25 a 34 anos,118949.0,6041.0,124990.0,4.833186654932395
Alagoas,Total,Branca,35 a 44 anos,116015.0,14617.0,130632.0,11.18944822095658
Alagoas,Total,Branca,45 a 54 anos,88973.0,20275.0,109248.0,18.55869214997071
Alagoas,Total,Branca,55 a 64 anos,63959.0,20718.0,84677.0,24.467092598934777
Alagoas,Total,Branca,65 anos ou mais,60119.0,33357.0,93476.0,35.685095639522444
Alagoas,Total,Branca,75 anos ou mais,22664.0,15677.0,38341.0,40.88834407031637
Alagoas,Total,Branca,80 anos ou mais,12443.0,8878.0,21321.0,41.63969795037757
Alagoas,Total,Branca,Total,588545.0,99551.0,688096.0,14.467603357671022
Alagoas,Total,Indígena,15 a 19 anos,1925.0,64.0,1989.0,3.217697335344394
Alagoas,Total,Indígena,20 a 24 anos,1757.0,79.0,1836.0,4.302832244008715
Alagoas,Total,Indígena,25 a 34 anos,2786.0,213.0,2999.0,7.102367455818606
Alagoas,Total,Indígena,35 a 44 anos,2277.0,531.0,2808.0,18.91025641025641
Alagoas,Total,Indígena,45 a 54 anos,1535.0,652.0,2187.0,29.812528577960677
Alagoas,Total,Indígena,55 a 64 anos,976.0,606.0,1582.0,38.305941845764856
Alagoas,Total,Indígena,65 anos ou mais,685.0,841.0,1526.0,55.11140235910879
Alagoas,Total,Indígena,75 anos ou mais,208.0,347.0,555.0,62.52252252252253
Alagoas,Total,Indígena,80 anos ou mais,104.0,174.0,278.0,62.589928057553955
Alagoas,Total,Indígena,Total,11941.0,2986.0,14927.0,20.004019561867757
Alagoas,Total,Parda,15 a 19 anos,153919.0,5091.0,159010.0,3.2016854285893968
Alagoas,Total,Parda,20 a 24 anos,153162.0,6320.0,159482.0,3.962829661027577
Alagoas,Total,Parda,25 a 34 anos,275163.0,17174.0,292337.0,5.874726770815873
Alagoas,Total,Parda,35 a 44 anos,244562.0,43037.0,287599.0,14.964238401385263
Alagoas,Total,Parda,45 a 54 anos,172802.0,58074.0,230876.0,25.15376219269218
Alagoas,Total,Parda,55 a 64 anos,110574.0,58572.0,169146.0,34.62807278918804
Alagoas,Total,Parda,65 anos ou mais,78353.0,75118.0,153471.0,48.94605495500778
Alagoas,Total,Parda,75 anos ou mais,23298.0,30630.0,53928.0,56.79795282599021
Alagoas,Total,Parda,80 anos ou mais,11481.0,16086.0,27567.0,58.35237784307324
Alagoas,Total,Parda,Total,1188535.0,263386.0,1451921.0,18.14051866458299
Alagoas,Total,Preta,15 a 19 anos,21102.0,918.0,22020.0,4.168937329700272
Alagoas,Total,Preta,20 a 24 anos,25092.0,1308.0,26400.0,4.954545454545454
Alagoas,Total,Preta,25 a 34 anos,46180.0,3492.0,49672.0,7.030117571267515
Alagoas,Total,Preta,35 a 44 anos,41256.0,9162.0,50418.0,18.17208139950018
Alagoas,Total,Preta,45 a 54 anos,30674.0,13194.0,43868.0,30.076593416613477
Alagoas,Total,Preta,55 a 64 anos,19096.0,14028.0,33124.0,42.34995773457312
Alagoas,Total,Preta,65 anos ou mais,12886.0,18140.0,31026.0,58.467092116289564
Alagoas,Total,Preta,75 anos ou mais,3622.0,7195.0,10817.0,66.51566977905149
Alagoas,Total,Preta,80 anos ou mais,1818.0,3777.0,5595.0,67.50670241286863
Alagoas,Total,Preta,Total,196286.0,60242.0,256528.0,23.483596332564087
Alagoas,Total,Total,15 a 19 anos,250018.0,8175.0,258193.0,3.166236110196636
Alagoas,Total,Total,20 a 24 anos,248470.0,10170.0,258640.0,3.9321064027219297
Alagoas,Total,Total,25 a 34 anos,444098.0,26967.0,471065.0,5.724687675798457
Alagoas,Total,Total,35 a 44 anos,404986.0,67452.0,472438.0,14.277428995974075
Alagoas,Total,Total,45 a 54 anos,294514.0,92315.0,386829.0,23.8645499691078
Alagoas,Total,Total,55 a 64 anos,194906.0,94041.0,288947.0,32.54610707153907
Alagoas,Total,Total,65 anos ou mais,152270.0,127610.0,279880.0,45.594540517364585
Alagoas,Total,Total,75 anos ou mais,49862.0,53904.0,103766.0,51.94765144652391
Alagoas,Total,Total,80 anos ou mais,25887.0,28943.0,54830.0,52.78679554988145
Alagoas,Total,Total,Total,1989262.0,426730.0,2415992.0,17.66272404875513
Amapá,Homens,Amarela,15 a 19 anos,19.0,0.0,19.0,0.0
Amapá,Homens,Amarela,20 a 24 anos,30.0,2.0,32.0,6.25
Amapá,Homens,Amarela,25 a 34 anos,60.0,0.0,60.0,0.0
Amapá,Homens,Amarela,35 a 44 anos,60.0,1.0,61.0,1.639344262295082
Amapá,Homens,Amarela,45 a 54 anos,38.0,1.0,39.0,2.564102564102564
Amapá,Homens,Amarela,55 a 64 anos,30.0,4.0,34.0,11.76470588235294
Amapá,Homens,Amarela,65 anos ou mais,25.0,5.0,30.0,16.666666666666664
Amapá,Homens,Amarela,75 anos ou mais,7.0,4.0,11.0,36.36363636363637
Amapá,Homens,Amarela,80 anos ou mais,3.0,2.0,5.0,40.0
Amapá,Homens,Amarela,Total,262.0,13.0,275.0,4.7272727272727275
Amapá,Homens,Branca,15 a 19 anos,6800.0,145.0,6945.0,2.087832973362131
Amapá,Homens,Branca,20 a 24 anos,6823.0,129.0,6952.0,1.8555811277330265
Amapá,Homens,Branca,25 a 34 anos,11385.0,250.0,11635.0,2.1486892995272884
Amapá,Homens,Branca,35 a 44 anos,9439.0,375.0,9814.0,3.821071938047687
Amapá,Homens,Branca,45 a 54 anos,6332.0,480.0,6812.0,7.046388725778038
Amapá,Homens,Branca,55 a 64 anos,4065.0,442.0,4507.0,9.806966940315064
Amapá,Homens,Branca,65 anos ou mais,2977.0,685.0,3662.0,18.70562534134353
Amapá,Homens,Branca,75 anos ou mais,989.0,317.0,1306.0,24.272588055130168
Amapá,Homens,Branca,80 anos ou mais,505.0,200.0,705.0,28.368794326241137
Amapá,Homens,Branca,Total,47821.0,2506.0,50327.0,4.9794344983805905
Amapá,Homens,Indígena,15 a 19 anos,551.0,10.0,561.0,1.7825311942959003
Amapá,Homens,Indígena,20 a 24 anos,528.0,9.0,537.0,1.675977653631285
Amapá,Homens,Indígena,25 a 34 anos,772.0,20.0,792.0,2.525252525252525
Amapá,Homens,Indígena,35 a 44 anos,521.0,44.0,565.0,7.787610619469026
Amapá,Homens,Indígena,45 a 54 anos,336.0,44.0,380.0,11.578947368421053
Amapá,Homens,Indígena,55 a 64 anos,173.0,46.0,219.0,21.00456621004566
Amapá,Homens,Indígena,65 anos ou mais,101.0,72.0,173.0,41.61849710982659
Amapá,Homens,Indígena,75 anos ou mais,30.0,22.0,52.0,42.30769230769231
Amapá,Homens,Indígena,80 anos ou mais,18.0,12.0,30.0,40.0
Amapá,Homens,Indígena,Total,2982.0,245.0,3227.0,7.592190889370933
Amapá,Homens,Parda,15 a 19 anos,22321.0,503.0,22824.0,2.203820539782685
Amapá,Homens,Parda,20 a 24 anos,22015.0,486.0,22501.0,2.159904004266477
Amapá,Homens,Parda,25 a 34 anos,37508.0,993.0,38501.0,2.579153788213293
Amapá,Homens,Parda,35 a 44 anos,32691.0,1743.0,34434.0,5.061857466457571
Amapá,Homens,Parda,45 a 54 anos,22511.0,2443.0,24954.0,9.790013625070129
Amapá,Homens,Parda,55 a 64 anos,13181.0,2478.0,15659.0,15.824765310683953
Amapá,Homens,Parda,65 anos ou mais,8939.0,3200.0,12139.0,26.361314770574186
Amapá,Homens,Parda,75 anos ou mais,2601.0,1362.0,3963.0,34.36790310370931
Amapá,Homens,Parda,80 anos ou mais,1233.0,763.0,1996.0,38.22645290581163
Amapá,Homens,Parda,Total,159166.0,11846.0,171012.0,6.926999274904685
Amapá,Homens,Preta,15 a 19 anos,3903.0,105.0,4008.0,2.619760479041916
Amapá,Homens,Preta,20 a 24 anos,4636.0,96.0,4732.0,2.0287404902789516
Amapá,Homens,Preta,25 a 34 anos,8330.0,222.0,8552.0,2.5958840037418147
Amapá,Homens,Preta,35 a 44 anos,7496.0,424.0,7920.0,5.353535353535353
Amapá,Homens,Preta,45 a 54 anos,5539.0,693.0,6232.0,11.120025673940951
Amapá,Homens,Preta,55 a 64 anos,3142.0,818.0,3960.0,20.656565656565657
Amapá,Homens,Preta,65 anos ou mais,2110.0,932.0,3042.0,30.637738330046023
Amapá,Homens,Preta,75 anos ou mais,620.0,396.0,1016.0,38.976377952755904
Amapá,Homens,Preta,80 anos ou mais,306.0,228.0,534.0,42.69662921348314
Amapá,Homens,Preta,Total,35156.0,3290.0,38446.0,8.557457212713937
Amapá,Homens,Total,15 a 19 anos,33596.0,763.0,34359.0,2.2206699845746383
Amapá,Homens,Total,20 a 24 anos,34032.0,722.0,34754.0,2.0774587097888015
Amapá,Homens,Total,25 a 34 anos,58057.0,1485.0,59542.0,2.494037822041584
Amapá,Homens,Total,35 a 44 anos,50209.0,2587.0,52796.0,4.8999924236684596
Amapá,Homens,Total,45 a 54 anos,34757.0,3661.0,38418.0,9.529387266385548
Amapá,Homens,Total,55 a 64 anos,20591.0,3788.0,24379.0,15.537963000943437
Amapá,Homens,Total,65 anos ou mais,14152.0,4894.0,19046.0,25.69568413315132
Amapá,Homens,Total,75 anos ou mais,4247.0,2101.0,6348.0,33.09703843730309
Amapá,Homens,Total,80 anos ou mais,2065.0,1205.0,3270.0,36.850152905198776
Amapá,Homens,Total,Total,245394.0,17900.0,263294.0,6.798483824166142
Amapá,Mulheres,Amarela,15 a 19 anos,35.0,0.0,35.0,0.0
Amapá,Mulheres,Amarela,20 a 24 anos,34.0,1.0,35.0,2.857142857142857
Amapá,Mulheres,Amarela,25 a 34 anos,74.0,1.0,75.0,1.3333333333333335
Amapá,Mulheres,Amarela,35 a 44 anos,86.0,1.0,87.0,1.1494252873563218
Amapá,Mulheres,Amarela,45 a 54 anos,48.0,3.0,51.0,5.88235294117647
Amapá,Mulheres,Amarela,55 a 64 anos,26.0,2.0,28.0,7.142857142857142
Amapá,Mulheres,Amarela,65 anos ou mais,20.0,4.0,24.0,16.666666666666664
Amapá,Mulheres,Amarela,75 anos ou mais,8.0,2.0,10.0,20.0
Amapá,Mulheres,Amarela,80 anos ou mais,3.0,1.0,4.0,25.0
Amapá,Mulheres,Amarela,Total,323.0,12.0,335.0,3.582089552238806
Amapá,Mulheres,Branca,15 a 19 anos,7388.0,111.0,7499.0,1.480197359647953
Amapá,Mulheres,Branca,20 a 24 anos,7470.0,87.0,7557.0,1.1512504962286623
Amapá,Mulheres,Branca,25 a 34 anos,12793.0,163.0,12956.0,1.2581043531954308
Amapá,Mulheres,Branca,35 a 44 anos,11242.0,283.0,11525.0,2.4555314533622563
Amapá,Mulheres,Branca,45 a 54 anos,7979.0,437.0,8416.0,5.192490494296578
Amapá,Mulheres,Branca,55 a 64 anos,4704.0,500.0,5204.0,9.607993850883934
Amapá,Mulheres,Branca,65 anos ou mais,3828.0,1144.0,4972.0,23.008849557522122
Amapá,Mulheres,Branca,75 anos ou mais,1395.0,639.0,2034.0,31.41592920353982
Amapá,Mulheres,Branca,80 anos ou mais,741.0,401.0,1142.0,35.1138353765324
Amapá,Mulheres,Branca,Total,55404.0,2725.0,58129.0,4.687849438318223
Amapá,Mulheres,Indígena,15 a 19 anos,569.0,17.0,586.0,2.901023890784983
Amapá,Mulheres,Indígena,20 a 24 anos,520.0,15.0,535.0,2.803738317757009
Amapá,Mulheres,Indígena,25 a 34 anos,718.0,31.0,749.0,4.138851802403204
Amapá,Mulheres,Indígena,35 a 44 anos,483.0,74.0,557.0,13.285457809694792
Amapá,Mulheres,Indígena,45 a 54 anos,243.0,77.0,320.0,24.0625
Amapá,Mulheres,Indígena,55 a 64 anos,114.0,90.0,204.0,44.11764705882353
Amapá,Mulheres,Indígena,65 anos ou mais,76.0,82.0,158.0,51.89873417721519
Amapá,Mulheres,Indígena,75 anos ou mais,27.0,32.0,59.0,54.23728813559322
Amapá,Mulheres,Indígena,80 anos ou mais,15.0,18.0,33.0,54.54545454545454
Amapá,Mulheres,Indígena,Total,2723.0,386.0,3109.0,12.41556770665809
Amapá,Mulheres,Parda,15 a 19 anos,21524.0,284.0,21808.0,1.3022743947175348
Amapá,Mulheres,Parda,20 a 24 anos,22262.0,281.0,22543.0,1.2465066761300625
Amapá,Mulheres,Parda,25 a 34 anos,40883.0,635.0,41518.0,1.5294571029433017
Amapá,Mulheres,Parda,35 a 44 anos,35812.0,1460.0,37272.0,3.9171496029190815
Amapá,Mulheres,Parda,45 a 54 anos,23919.0,2166.0,26085.0,8.303622771707877
Amapá,Mulheres,Parda,55 a 64 anos,13707.0,2602.0,16309.0,15.954381016616592
Amapá,Mulheres,Parda,65 anos ou mais,9189.0,4001.0,13190.0,30.33358605003791
Amapá,Mulheres,Parda,75 anos ou mais,2785.0,1944.0,4729.0,41.108056671600764
Amapá,Mulheres,Parda,80 anos ou mais,1340.0,1190.0,2530.0,47.03557312252965
Amapá,Mulheres,Parda,Total,167296.0,11429.0,178725.0,6.394740523150092
Amapá,Mulheres,Preta,15 a 19 anos,3294.0,47.0,3341.0,1.4067644417838971
Amapá,Mulheres,Preta,20 a 24 anos,3922.0,41.0,3963.0,1.034569770375978
Amapá,Mulheres,Preta,25 a 34 anos,6852.0,88.0,6940.0,1.2680115273775217
Amapá,Mulheres,Preta,35 a 44 anos,6466.0,222.0,6688.0,3.319377990430622
Amapá,Mulheres,Preta,45 a 54 anos,4690.0,347.0,5037.0,6.889021242803256
Amapá,Mulheres,Preta,55 a 64 anos,2681.0,574.0,3255.0,17.634408602150536
Amapá,Mulheres,Preta,65 anos ou mais,1892.0,871.0,2763.0,31.52370611653999
Amapá,Mulheres,Preta,75 anos ou mais,614.0,445.0,1059.0,42.020774315391876
Amapá,Mulheres,Preta,80 anos ou mais,316.0,282.0,598.0,47.15719063545151
Amapá,Mulheres,Preta,Total,29797.0,2190.0,31987.0,6.846531403382625
Amapá,Mulheres,Total,15 a 19 anos,32810.0,459.0,33269.0,1.3796627491057742
Amapá,Mulheres,Total,20 a 24 anos,34209.0,425.0,34634.0,1.2271178610613849
Amapá,Mulheres,Total,25 a 34 anos,61322.0,918.0,62240.0,1.474935732647815
Amapá,Mulheres,Total,35 a 44 anos,54090.0,2040.0,56130.0,3.6344200962052375
Amapá,Mulheres,Total,45 a 54 anos,36879.0,3030.0,39909.0,7.592272419754941
Amapá,Mulheres,Total,55 a 64 anos,21232.0,3768.0,25000.0,15.072
Amapá,Mulheres,Total,65 anos ou mais,15005.0,6102.0,21107.0,28.909840337328845
Amapá,Mulheres,Total,75 anos ou mais,4829.0,3062.0,7891.0,38.80370041819795
Amapá,Mulheres,Total,80 anos ou mais,2415.0,1892.0,4307.0,43.9284885070815
Amapá,Mulheres,Total,Total,255547.0,16742.0,272289.0,6.14861415628248
Amapá,Total,Amarela,15 a 19 anos,54.0,0.0,54.0,0.0
Amapá,Total,Amarela,20 a 24 anos,64.0,3.0,67.0,4.477611940298507
Amapá,Total,Amarela,25 a 34 anos,134.0,1.0,135.0,0.7407407407407408
Amapá,Total,Amarela,35 a 44 anos,146.0,2.0,148.0,1.3513513513513513
Amapá,Total,Amarela,45 a 54 anos,86.0,4.0,90.0,4.444444444444445
Amapá,Total,Amarela,55 a 64 anos,56.0,6.0,62.0,9.67741935483871
Amapá,Total,Amarela,65 anos ou mais,45.0,9.0,54.0,16.666666666666664
Amapá,Total,Amarela,75 anos ou mais,15.0,6.0,21.0,28.57142857142857
Amapá,Total,Amarela,80 anos ou mais,6.0,3.0,9.0,33.33333333333333
Amapá,Total,Amarela,Total,585.0,25.0,610.0,4.098360655737705
Amapá,Total,Branca,15 a 19 anos,14188.0,256.0,14444.0,1.772362226530047
Amapá,Total,Branca,20 a 24 anos,14293.0,216.0,14509.0,1.488731132400579
Amapá,Total,Branca,25 a 34 anos,24178.0,413.0,24591.0,1.6794762311414746
Amapá,Total,Branca,35 a 44 anos,20681.0,658.0,21339.0,3.0835559304559728
Amapá,Total,Branca,45 a 54 anos,14311.0,917.0,15228.0,6.021801943787759
Amapá,Total,Branca,55 a 64 anos,8769.0,942.0,9711.0,9.70033982082175
Amapá,Total,Branca,65 anos ou mais,6805.0,1829.0,8634.0,21.183692378966875
Amapá,Total,Branca,75 anos ou mais,2384.0,956.0,3340.0,28.622754491017965
Amapá,Total,Branca,80 anos ou mais,1246.0,601.0,1847.0,32.53925284244721
Amapá,Total,Branca,Total,103225.0,5231.0,108456.0,4.823154090137936
Amapá,Total,Indígena,15 a 19 anos,1120.0,27.0,1147.0,2.353966870095902
Amapá,Total,Indígena,20 a 24 anos,1048.0,24.0,1072.0,2.2388059701492535
Amapá,Total,Indígena,25 a 34 anos,1490.0,51.0,1541.0,3.309539260220636
Amapá,Total,Indígena,35 a 44 anos,1004.0,118.0,1122.0,10.51693404634581
Amapá,Total,Indígena,45 a 54 anos,579.0,121.0,700.0,17.285714285714285
Amapá,Total,Indígena,55 a 64 anos,287.0,136.0,423.0,32.15130023640662
Amapá,Total,Indígena,65 anos ou mais,177.0,154.0,331.0,46.52567975830816
Amapá,Total,Indígena,75 anos ou mais,57.0,54.0,111.0,48.64864864864865
Amapá,Total,Indígena,80 anos ou mais,33.0,30.0,63.0,47.61904761904761
Amapá,Total,Indígena,Total,5705.0,631.0,6336.0,9.958964646464647
Amapá,Total,Parda,15 a 19 anos,43845.0,787.0,44632.0,1.7633088367090877
Amapá,Total,Parda,20 a 24 anos,44277.0,767.0,45044.0,1.702779504484504
Amapá,Total,Parda,25 a 34 anos,78391.0,1628.0,80019.0,2.0345168022594633
Amapá,Total,Parda,35 a 44 anos,68503.0,3203.0,71706.0,4.4668507516804725
Amapá,Total,Parda,45 a 54 anos,46430.0,4609.0,51039.0,9.030349340700248
Amapá,Total,Parda,55 a 64 anos,26888.0,5080.0,31968.0,15.89089089089089
Amapá,Total,Parda,65 anos ou mais,18128.0,7201.0,25329.0,28.429863002882072
Amapá,Total,Parda,75 anos ou mais,5386.0,3306.0,8692.0,38.034974689369534
Amapá,Total,Parda,80 anos ou mais,2573.0,1953.0,4526.0,43.15068493150685
Amapá,Total,Parda,Total,326462.0,23275.0,349737.0,6.655000757712223
Amapá,Total,Preta,15 a 19 anos,7197.0,152.0,7349.0,2.068308613416791
Amapá,Total,Preta,20 a 24 anos,8558.0,137.0,8695.0,1.575618171362852
Amapá,Total,Preta,25 a 34 anos,15182.0,310.0,15492.0,2.0010327911179964
Amapá,Total,Preta,35 a 44 anos,13962.0,646.0,14608.0,4.42223439211391
Amapá,Total,Preta,45 a 54 anos,10229.0,1040.0,11269.0,9.228857928831308
Amapá,Total,Preta,55 a 64 anos,5823.0,1392.0,7215.0,19.293139293139294
Amapá,Total,Preta,65 anos ou mais,4002.0,1803.0,5805.0,31.059431524547804
Amapá,Total,Preta,75 anos ou mais,1234.0,841.0,2075.0,40.53012048192771
Amapá,Total,Preta,80 anos ou mais,622.0,510.0,1132.0,45.053003533568905
Amapá,Total,Preta,Total,64953.0,5480.0,70433.0,7.780443826047449
Amapá,Total,Total,15 a 19 anos,66406.0,1222.0,67628.0,1.8069438694032058
Amapá,Total,Total,20 a 24 anos,68241.0,1147.0,69388.0,1.653023577563844
Amapá,Total,Total,25 a 34 anos,119379.0,2403.0,121782.0,1.9731980095580626
Amapá,Total,Total,35 a 44 anos,104299.0,4627.0,108926.0,4.247837981749077
Amapá,Total,Total,45 a 54 anos,71636.0,6691.0,78327.0,8.542392789204234
Amapá,Total,Total,55 a 64 anos,41823.0,7556.0,49379.0,15.302051479373823
Amapá,Total,Total,65 anos ou mais,29157.0,10996.0,40153.0,27.38525141334396
Amapá,Total,Total,75 anos ou mais,9076.0,5163.0,14239.0,36.25956878994312
Amapá,Total,Total,80 anos ou mais,4480.0,3097.0,7577.0,40.87369671373895
Amapá,Total,Total,Total,500941.0,34642.0,535583.0,6.468091780358972
Amazonas,Homens,Amarela,15 a 19 anos,191.0,1.0,192.0,0.5208333333333333
Amazonas,Homens,Amarela,20 a 24 anos,190.0,3.0,193.0,1.5544041450777202
Amazonas,Homens,Amarela,25 a 34 anos,419.0,3.0,422.0,0.7109004739336493
Amazonas,Homens,Amarela,35 a 44 anos,479.0,6.0,485.0,1.2371134020618557
Amazonas,Homens,Amarela,45 a 54 anos,420.0,6.0,426.0,1.4084507042253522
Amazonas,Homens,Amarela,55 a 64 anos,287.0,13.0,300.0,4.333333333333334
Amazonas,Homens,Amarela,65 anos ou mais,340.0,25.0,365.0,6.8493150684931505
Amazonas,Homens,Amarela,75 anos ou mais,120.0,10.0,130.0,7.6923076923076925
Amazonas,Homens,Amarela,80 anos ou mais,63.0,7.0,70.0,10.0
Amazonas,Homens,Amarela,Total,2326.0,57.0,2383.0,2.39194292908099
Amazonas,Homens,Branca,15 a 19 anos,30666.0,727.0,31393.0,2.3158028859936928
Amazonas,Homens,Branca,20 a 24 anos,30668.0,640.0,31308.0,2.0442059537498403
Amazonas,Homens,Branca,25 a 34 anos,51885.0,1258.0,53143.0,2.3671979376399523
Amazonas,Homens,Branca,35 a 44 anos,45614.0,1901.0,47515.0,4.000841839419131
Amazonas,Homens,Branca,45 a 54 anos,32286.0,2332.0,34618.0,6.736379917961754
Amazonas,Homens,Branca,55 a 64 anos,22017.0,2423.0,24440.0,9.914075286415711
Amazonas,Homens,Branca,65 anos ou mais,17673.0,3789.0,21462.0,17.654459043891528
Amazonas,Homens,Branca,75 anos ou mais,5550.0,1682.0,7232.0,23.25774336283186
Amazonas,Homens,Branca,80 anos ou mais,2680.0,943.0,3623.0,26.028153463980125
Amazonas,Homens,Branca,Total,230809.0,13070.0,243879.0,5.359215020563476
Amazonas,Homens,Indígena,15 a 19 anos,16007.0,1216.0,17223.0,7.060326307844162
Amazonas,Homens,Indígena,20 a 24 anos,13287.0,1014.0,14301.0,7.090413257814139
Amazonas,Homens,Indígena,25 a 34 anos,19482.0,1880.0,21362.0,8.800674094185938
Amazonas,Homens,Indígena,35 a 44 anos,14181.0,2221.0,16402.0,13.541031581514448
Amazonas,Homens,Indígena,45 a 54 anos,8617.0,2465.0,11082.0,22.243277386753295
Amazonas,Homens,Indígena,55 a 64 anos,5094.0,2341.0,7435.0,31.4862138533961
Amazonas,Homens,Indígena,65 anos ou mais,3467.0,3455.0,6922.0,49.91331984975441
Amazonas,Homens,Indígena,75 anos ou mais,1090.0,1563.0,2653.0,58.91443648699586
Amazonas,Homens,Indígena,80 anos ou mais,553.0,975.0,1528.0,63.80890052356021
Amazonas,Homens,Indígena,Total,80135.0,14592.0,94727.0,15.404266998849325
Amazonas,Homens,Parda,15 a 19 anos,126599.0,3164.0,129763.0,2.438291346531754
Amazonas,Homens,Parda,20 a 24 anos,123302.0,2997.0,126299.0,2.372940403328609
Amazonas,Homens,Parda,25 a 34 anos,209300.0,6337.0,215637.0,2.9387350037331257
Amazonas,Homens,Parda,35 a 44 anos,191972.0,10236.0,202208.0,5.062114258585219
Amazonas,Homens,Parda,45 a 54 anos,130849.0,12740.0,143589.0,8.87254594711294
Amazonas,Homens,Parda,55 a 64 anos,79684.0,12951.0,92635.0,13.980676850002698
Amazonas,Homens,Parda,65 anos ou mais,53926.0,17752.0,71678.0,24.76631602444265
Amazonas,Homens,Parda,75 anos ou mais,14996.0,7411.0,22407.0,33.07448565180524
Amazonas,Homens,Parda,80 anos ou mais,7053.0,4114.0,11167.0,36.84069132264708
Amazonas,Homens,Parda,Total,915632.0,66177.0,981809.0,6.740313034408933
Amazonas,Homens,Preta,15 a 19 anos,8367.0,226.0,8593.0,2.630047713254975
Amazonas,Homens,Preta,20 a 24 anos,9965.0,278.0,10243.0,2.7140486185687784
Amazonas,Homens,Preta,25 a 34 anos,19330.0,674.0,20004.0,3.369326134773045
Amazonas,Homens,Preta,35 a 44 anos,19297.0,1488.0,20785.0,7.159008900649506
Amazonas,Homens,Preta,45 a 54 anos,14484.0,2044.0,16528.0,12.366892545982575
Amazonas,Homens,Preta,55 a 64 anos,8836.0,2140.0,10976.0,19.497084548104958
Amazonas,Homens,Preta,65 anos ou mais,5567.0,2876.0,8443.0,34.063721426033396
Amazonas,Homens,Preta,75 anos ou mais,1476.0,1111.0,2587.0,42.94549671434093
Amazonas,Homens,Preta,80 anos ou mais,674.0,605.0,1279.0,47.30258014073495
Amazonas,Homens,Preta,Total,85846.0,9726.0,95572.0,10.176620767588833
Amazonas,Homens,Total,15 a 19 anos,181833.0,5334.0,187167.0,2.849861353764285
Amazonas,Homens,Total,20 a 24 anos,177415.0,4932.0,182347.0,2.70473328324568
Amazonas,Homens,Total,25 a 34 anos,300431.0,10154.0,310585.0,3.2693143583882027
Amazonas,Homens,Total,35 a 44 anos,271553.0,15852.0,287405.0,5.515561663854143
Amazonas,Homens,Total,45 a 54 anos,186661.0,19589.0,206250.0,9.49769696969697
Amazonas,Homens,Total,55 a 64 anos,115922.0,19869.0,135791.0,14.632044833604581
Amazonas,Homens,Total,65 anos ou mais,80974.0,27898.0,108872.0,25.624586670585643
Amazonas,Homens,Total,75 anos ou mais,23232.0,11777.0,35009.0,33.639921163129486
Amazonas,Homens,Total,80 anos ou mais,11023.0,6644.0,17667.0,37.60683760683761
Amazonas,Homens,Total,Total,1314789.0,103628.0,1418417.0,7.305891003844427
Amazonas,Mulheres,Amarela,15 a 19 anos,259.0,3.0,262.0,1.1450381679389312
Amazonas,Mulheres,Amarela,20 a 24 anos,259.0,4.0,263.0,1.520912547528517
Amazonas,Mulheres,Amarela,25 a 34 anos,531.0,6.0,537.0,1.1173184357541899
Amazonas,Mulheres,Amarela,35 a 44 anos,525.0,5.0,530.0,0.9433962264150944
Amazonas,Mulheres,Amarela,45 a 54 anos,446.0,19.0,465.0,4.086021505376344
Amazonas,Mulheres,Amarela,55 a 64 anos,237.0,17.0,254.0,6.692913385826772
Amazonas,Mulheres,Amarela,65 anos ou mais,288.0,43.0,331.0,12.990936555891238
Amazonas,Mulheres,Amarela,75 anos ou mais,101.0,29.0,130.0,22.30769230769231
Amazonas,Mulheres,Amarela,80 anos ou mais,53.0,18.0,71.0,25.352112676056336
Amazonas,Mulheres,Amarela,Total,2545.0,97.0,2642.0,3.671461014383043
Amazonas,Mulheres,Branca,15 a 19 anos,33329.0,420.0,33749.0,1.2444813179649767
Amazonas,Mulheres,Branca,20 a 24 anos,32638.0,491.0,33129.0,1.4820851821666818
Amazonas,Mulheres,Branca,25 a 34 anos,56385.0,942.0,57327.0,1.6432047726202312
Amazonas,Mulheres,Branca,35 a 44 anos,53988.0,1516.0,55504.0,2.731334678581724
Amazonas,Mulheres,Branca,45 a 54 anos,38821.0,2050.0,40871.0,5.015781360867119
Amazonas,Mulheres,Branca,55 a 64 anos,25930.0,2434.0,28364.0,8.581300239740516
Amazonas,Mulheres,Branca,65 anos ou mais,23884.0,4855.0,28739.0,16.893420091165314
Amazonas,Mulheres,Branca,75 anos ou mais,8935.0,2502.0,11437.0,21.87636617994229
Amazonas,Mulheres,Branca,80 anos ou mais,4897.0,1630.0,6527.0,24.973188294775547
Amazonas,Mulheres,Branca,Total,264975.0,12708.0,277683.0,4.576441481833601
Amazonas,Mulheres,Indígena,15 a 19 anos,15147.0,1126.0,16273.0,6.919437104406072
Amazonas,Mulheres,Indígena,20 a 24 anos,13056.0,1082.0,14138.0,7.653133399349271
Amazonas,Mulheres,Indígena,25 a 34 anos,19149.0,2152.0,21301.0,10.10281207455049
Amazonas,Mulheres,Indígena,35 a 44 anos,12835.0,2943.0,15778.0,18.652554189377614
Amazonas,Mulheres,Indígena,45 a 54 anos,7090.0,3067.0,10157.0,30.195923993305108
Amazonas,Mulheres,Indígena,55 a 64 anos,4081.0,3074.0,7155.0,42.96296296296296
Amazonas,Mulheres,Indígena,65 anos ou mais,2596.0,4525.0,7121.0,63.54444600477461
Amazonas,Mulheres,Indígena,75 anos ou mais,783.0,2173.0,2956.0,73.51150202976996
Amazonas,Mulheres,Indígena,80 anos ou mais,369.0,1278.0,1647.0,77.59562841530054
Amazonas,Mulheres,Indígena,Total,73954.0,17969.0,91923.0,19.547882466847252
Amazonas,Mulheres,Parda,15 a 19 anos,122597.0,1600.0,124197.0,1.2882758842806188
Amazonas,Mulheres,Parda,20 a 24 anos,124001.0,1718.0,125719.0,1.3665396638535146
Amazonas,Mulheres,Parda,25 a 34 anos,221490.0,3857.0,225347.0,1.7115825815298185
Amazonas,Mulheres,Parda,35 a 44 anos,200770.0,7649.0,208419.0,3.6700108915214065
Amazonas,Mulheres,Parda,45 a 54 anos,135896.0,10365.0,146261.0,7.086646474453204
Amazonas,Mulheres,Parda,55 a 64 anos,83662.0,12594.0,96256.0,13.083859707446807
Amazonas,Mulheres,Parda,65 anos ou mais,61116.0,20285.0,81401.0,24.91984127959116
Amazonas,Mulheres,Parda,75 anos ou mais,18717.0,9490.0,28207.0,33.644130889495514
Amazonas,Mulheres,Parda,80 anos ou mais,9490.0,5655.0,15145.0,37.33905579399141
Amazonas,Mulheres,Parda,Total,949532.0,58068.0,1007600.0,5.763001190948789
Amazonas,Mulheres,Preta,15 a 19 anos,6243.0,85.0,6328.0,1.343236409608091
Amazonas,Mulheres,Preta,20 a 24 anos,7159.0,116.0,7275.0,1.5945017182130583
Amazonas,Mulheres,Preta,25 a 34 anos,13801.0,322.0,14123.0,2.2799688451462155
Amazonas,Mulheres,Preta,35 a 44 anos,13654.0,760.0,14414.0,5.272651588733176
Amazonas,Mulheres,Preta,45 a 54 anos,9663.0,1130.0,10793.0,10.469748911331418
Amazonas,Mulheres,Preta,55 a 64 anos,6197.0,1605.0,7802.0,20.571648295308893
Amazonas,Mulheres,Preta,65 anos ou mais,4651.0,2485.0,7136.0,34.82343049327354
Amazonas,Mulheres,Preta,75 anos ou mais,1443.0,1122.0,2565.0,43.74269005847953
Amazonas,Mulheres,Preta,80 anos ou mais,739.0,639.0,1378.0,46.37155297532656
Amazonas,Mulheres,Preta,Total,61368.0,6503.0,67871.0,9.581411795906941
Amazonas,Mulheres,Total,15 a 19 anos,177577.0,3234.0,180811.0,1.7886079939826671
Amazonas,Mulheres,Total,20 a 24 anos,177120.0,3411.0,180531.0,1.8894261927314422
Amazonas,Mulheres,Total,25 a 34 anos,311366.0,7279.0,318645.0,2.2843603383075206
Amazonas,Mulheres,Total,35 a 44 anos,281784.0,12874.0,294658.0,4.36913302879949
Amazonas,Mulheres,Total,45 a 54 anos,191924.0,16631.0,208555.0,7.9743952434609575
Amazonas,Mulheres,Total,55 a 64 anos,120110.0,19724.0,139834.0,14.105296279874707
Amazonas,Mulheres,Total,65 anos ou mais,92541.0,32195.0,124736.0,25.810511800923553
Amazonas,Mulheres,Total,75 anos ou mais,29981.0,15316.0,45297.0,33.81239375676093
Amazonas,Mulheres,Total,80 anos ou mais,15550.0,9220.0,24770.0,37.22244650787243
Amazonas,Mulheres,Total,Total,1352422.0,95348.0,1447770.0,6.585852725225692
Amazonas,Total,Amarela,15 a 19 anos,450.0,4.0,454.0,0.881057268722467
Amazonas,Total,Amarela,20 a 24 anos,449.0,7.0,456.0,1.5350877192982455
Amazonas,Total,Amarela,25 a 34 anos,950.0,9.0,959.0,0.9384775808133473
Amazonas,Total,Amarela,35 a 44 anos,1004.0,11.0,1015.0,1.083743842364532
Amazonas,Total,Amarela,45 a 54 anos,866.0,25.0,891.0,2.8058361391694726
Amazonas,Total,Amarela,55 a 64 anos,524.0,30.0,554.0,5.415162454873646
Amazonas,Total,Amarela,65 anos ou mais,628.0,68.0,696.0,9.770114942528735
Amazonas,Total,Amarela,75 anos ou mais,221.0,39.0,260.0,15.0
Amazonas,Total,Amarela,80 anos ou mais,116.0,25.0,141.0,17.73049645390071
Amazonas,Total,Amarela,Total,4871.0,154.0,5025.0,3.0646766169154227
Amazonas,Total,Branca,15 a 19 anos,63995.0,1147.0,65142.0,1.760768782045378
Amazonas,Total,Branca,20 a 24 anos,63306.0,1131.0,64437.0,1.7552027561804553
Amazonas,Total,Branca,25 a 34 anos,108270.0,2200.0,110470.0,1.991490902507468
Amazonas,Total,Branca,35 a 44 anos,99602.0,3417.0,103019.0,3.3168638794785426
Amazonas,Total,Branca,45 a 54 anos,71107.0,4382.0,75489.0,5.804819245188041
Amazonas,Total,Branca,55 a 64 anos,47947.0,4857.0,52804.0,9.198166805545034
Amazonas,Total,Branca,65 anos ou mais,41557.0,8644.0,50201.0,17.218780502380433
Amazonas,Total,Branca,75 anos ou mais,14485.0,4184.0,18669.0,22.41148427875087
Amazonas,Total,Branca,80 anos ou mais,7577.0,2573.0,10150.0,25.349753694581278
Amazonas,Total,Branca,Total,495784.0,25778.0,521562.0,4.942461298944325
Amazonas,Total,Indígena,15 a 19 anos,31154.0,2342.0,33496.0,6.991879627418199
Amazonas,Total,Indígena,20 a 24 anos,26343.0,2096.0,28439.0,7.370160694820493
Amazonas,Total,Indígena,25 a 34 anos,38631.0,4032.0,42663.0,9.450812179171647
Amazonas,Total,Indígena,35 a 44 anos,27016.0,5164.0,32180.0,16.047234307022997
Amazonas,Total,Indígena,45 a 54 anos,15707.0,5532.0,21239.0,26.046424031263243
Amazonas,Total,Indígena,55 a 64 anos,9175.0,5415.0,14590.0,37.11446196024674
Amazonas,Total,Indígena,65 anos ou mais,6063.0,7980.0,14043.0,56.82546464430677
Amazonas,Total,Indígena,75 anos ou mais,1873.0,3736.0,5609.0,66.60723836691032
Amazonas,Total,Indígena,80 anos ou mais,922.0,2253.0,3175.0,70.96062992125984
Amazonas,Total,Indígena,Total,154089.0,32561.0,186650.0,17.44495044200375
Amazonas,Total,Parda,15 a 19 anos,249196.0,4764.0,253960.0,1.8758859662939047
Amazonas,Total,Parda,20 a 24 anos,247303.0,4715.0,252018.0,1.870898110452428
Amazonas,Total,Parda,25 a 34 anos,430790.0,10194.0,440984.0,2.311648495183499
Amazonas,Total,Parda,35 a 44 anos,392742.0,17885.0,410627.0,4.355534341385248
Amazonas,Total,Parda,45 a 54 anos,266745.0,23105.0,289850.0,7.97136449887873
Amazonas,Total,Parda,55 a 64 anos,163346.0,25545.0,188891.0,13.523672382485136
Amazonas,Total,Parda,65 anos ou mais,115042.0,38037.0,153079.0,24.84795432423781
Amazonas,Total,Parda,75 anos ou mais,33713.0,16901.0,50614.0,33.39194689216423
Amazonas,Total,Parda,80 anos ou mais,16543.0,9769.0,26312.0,37.1275463666768
Amazonas,Total,Parda,Total,1865164.0,124245.0,1989409.0,6.245322103197482
Amazonas,Total,Preta,15 a 19 anos,14610.0,311.0,14921.0,2.0843107030359893
Amazonas,Total,Preta,20 a 24 anos,17124.0,394.0,17518.0,2.249115195798607
Amazonas,Total,Preta,25 a 34 anos,33131.0,996.0,34127.0,2.9185102704603394
Amazonas,Total,Preta,35 a 44 anos,32951.0,2248.0,35199.0,6.38654507230319
Amazonas,Total,Preta,45 a 54 anos,24147.0,3174.0,27321.0,11.617437136268805
Amazonas,Total,Preta,55 a 64 anos,15033.0,3745.0,18778.0,19.94355096389392
Amazonas,Total,Preta,65 anos ou mais,10218.0,5361.0,15579.0,34.41170806855382
Amazonas,Total,Preta,75 anos ou mais,2919.0,2233.0,5152.0,43.34239130434783
Amazonas,Total,Preta,80 anos ou mais,1413.0,1244.0,2657.0,46.81972149040271
Amazonas,Total,Preta,Total,147214.0,16229.0,163443.0,9.9294555288388
Amazonas,Total,Total,15 a 19 anos,359410.0,8568.0,367978.0,2.328400067395333
Amazonas,Total,Total,20 a 24 anos,354535.0,8343.0,362878.0,2.2991198143728746
Amazonas,Total,Total,25 a 34 anos,611797.0,17433.0,629230.0,2.7705290593264786
Amazonas,Total,Total,35 a 44 anos,553337.0,28726.0,582063.0,4.935204608435857
Amazonas,Total,Total,45 a 54 anos,378585.0,36220.0,414805.0,8.731813743807331
Amazonas,Total,Total,55 a 64 anos,236032.0,39593.0,275625.0,14.364807256235828
Amazonas,Total,Total,65 anos ou mais,173515.0,60093.0,233608.0,25.723862196500118
Amazonas,Total,Total,75 anos ou mais,53213.0,27093.0,80306.0,33.737205190147684
Amazonas,Total,Total,80 anos ou mais,26573.0,15864.0,42437.0,37.382472842095346
Amazonas,Total,Total,Total,2667211.0,198976.0,2866187.0,6.942184860931963
Bahia,Homens,Amarela,15 a 19 anos,491.0,9.0,500.0,1.7999999999999998
Bahia,Homens,Amarela,20 a 24 anos,449.0,13.0,462.0,2.813852813852814
Bahia,Homens,Amarela,25 a 34 anos,913.0,48.0,961.0,4.994797086368366
Bahia,Homens,Amarela,35 a 44 anos,1040.0,77.0,1117.0,6.893464637421665
Bahia,Homens,Amarela,45 a 54 anos,745.0,121.0,866.0,13.97228637413395
Bahia,Homens,Amarela,55 a 64 anos,588.0,142.0,730.0,19.45205479452055
Bahia,Homens,Amarela,65 anos ou mais,778.0,183.0,961.0,19.042663891779394
Bahia,Homens,Amarela,75 anos ou mais,289.0,77.0,366.0,21.03825136612022
Bahia,Homens,Amarela,80 anos ou mais,150.0,45.0,195.0,23.076923076923077
Bahia,Homens,Amarela,Total,5004.0,593.0,5597.0,10.59496158656423
Bahia,Homens,Branca,15 a 19 anos,96686.0,2537.0,99223.0,2.5568668554669784
Bahia,Homens,Branca,20 a 24 anos,94293.0,2572.0,96865.0,2.6552418314148554
Bahia,Homens,Branca,25 a 34 anos,165055.0,6318.0,171373.0,3.686695103662771
Bahia,Homens,Branca,35 a 44 anos,180434.0,15484.0,195918.0,7.903306485366326
Bahia,Homens,Branca,45 a 54 anos,139101.0,24023.0,163124.0,14.726833574458695
Bahia,Homens,Branca,55 a 64 anos,110206.0,26644.0,136850.0,19.46949214468396
Bahia,Homens,Branca,65 anos ou mais,114701.0,46996.0,161697.0,29.06423743173961
Bahia,Homens,Branca,75 anos ou mais,44512.0,24126.0,68638.0,35.14962557184067
Bahia,Homens,Branca,80 anos ou mais,24096.0,14163.0,38259.0,37.018740688465456
Bahia,Homens,Branca,Total,900476.0,124574.0,1025050.0,12.152968147895225
Bahia,Homens,Indígena,15 a 19 anos,3358.0,130.0,3488.0,3.727064220183486
Bahia,Homens,Indígena,20 a 24 anos,3235.0,116.0,3351.0,3.461653237839451
Bahia,Homens,Indígena,25 a 34 anos,5256.0,313.0,5569.0,5.620398635302568
Bahia,Homens,Indígena,35 a 44 anos,5397.0,748.0,6145.0,12.172497965825874
Bahia,Homens,Indígena,45 a 54 anos,3677.0,1087.0,4764.0,22.81696053736356
Bahia,Homens,Indígena,55 a 64 anos,2586.0,1214.0,3800.0,31.94736842105263
Bahia,Homens,Indígena,65 anos ou mais,2049.0,1604.0,3653.0,43.909115795236794
Bahia,Homens,Indígena,75 anos ou mais,672.0,672.0,1344.0,50.0
Bahia,Homens,Indígena,80 anos ou mais,332.0,373.0,705.0,52.90780141843972
Bahia,Homens,Indígena,Total,25558.0,5212.0,30770.0,16.93857653558661
Bahia,Homens,Parda,15 a 19 anos,313326.0,9254.0,322580.0,2.868745737491475
Bahia,Homens,Parda,20 a 24 anos,295498.0,9881.0,305379.0,3.235651436411803
Bahia,Homens,Parda,25 a 34 anos,521720.0,24712.0,546432.0,4.522429140313891
Bahia,Homens,Parda,35 a 44 anos,564520.0,60839.0,625359.0,9.728651862370254
Bahia,Homens,Parda,45 a 54 anos,396696.0,90282.0,486978.0,18.53923585870409
Bahia,Homens,Parda,55 a 64 anos,280414.0,94273.0,374687.0,25.160467270014706
Bahia,Homens,Parda,65 anos ou mais,228929.0,134368.0,363297.0,36.98571692031589
Bahia,Homens,Parda,75 anos ou mais,74552.0,61008.0,135560.0,45.00442608439067
Bahia,Homens,Parda,80 anos ou mais,37523.0,33840.0,71363.0,47.41953112957695
Bahia,Homens,Parda,Total,2601103.0,423609.0,3024712.0,14.004936668350574
Bahia,Homens,Preta,15 a 19 anos,113541.0,3508.0,117049.0,2.997035429606404
Bahia,Homens,Preta,20 a 24 anos,126364.0,4065.0,130429.0,3.1166381709589124
Bahia,Homens,Preta,25 a 34 anos,236427.0,10809.0,247236.0,4.371936125806921
Bahia,Homens,Preta,35 a 44 anos,258000.0,26824.0,284824.0,9.41774569558745
Bahia,Homens,Preta,45 a 54 anos,178240.0,40329.0,218569.0,18.45138148593808
Bahia,Homens,Preta,55 a 64 anos,113430.0,42777.0,156207.0,27.384816301446158
Bahia,Homens,Preta,65 anos ou mais,79795.0,58263.0,138058.0,42.201828217126135
Bahia,Homens,Preta,75 anos ou mais,24421.0,25743.0,50164.0,51.31767801610717
Bahia,Homens,Preta,80 anos ou mais,12185.0,14327.0,26512.0,54.03968014484008
Bahia,Homens,Preta,Total,1105797.0,186575.0,1292372.0,14.436632796129906
Bahia,Homens,Total,15 a 19 anos,527420.0,15441.0,542861.0,2.8443745268125724
Bahia,Homens,Total,20 a 24 anos,519851.0,16649.0,536500.0,3.103261882572227
Bahia,Homens,Total,25 a 34 anos,929403.0,42203.0,971606.0,4.343633118774483
Bahia,Homens,Total,35 a 44 anos,1009429.0,103975.0,1113404.0,9.33847911449932
Bahia,Homens,Total,45 a 54 anos,718486.0,155848.0,874334.0,17.824767194230123
Bahia,Homens,Total,55 a 64 anos,507241.0,165054.0,672295.0,24.550829620925338
Bahia,Homens,Total,65 anos ou mais,426268.0,241421.0,667689.0,36.15770216373192
Bahia,Homens,Total,75 anos ou mais,144451.0,111628.0,256079.0,43.59123551716462
Bahia,Homens,Total,80 anos ou mais,74289.0,62749.0,137038.0,45.78948904683372
Bahia,Homens,Total,Total,4638098.0,740591.0,5378689.0,13.768987201156266
Bahia,Mulheres,Amarela,15 a 19 anos,659.0,9.0,668.0,1.347305389221557
Bahia,Mulheres,Amarela,20 a 24 anos,770.0,4.0,774.0,0.516795865633075
Bahia,Mulheres,Amarela,25 a 34 anos,1516.0,24.0,1540.0,1.5584415584415585
Bahia,Mulheres,Amarela,35 a 44 anos,1597.0,52.0,1649.0,3.1534263189812006
Bahia,Mulheres,Amarela,45 a 54 anos,1043.0,105.0,1148.0,9.146341463414634
Bahia,Mulheres,Amarela,55 a 64 anos,776.0,124.0,900.0,13.777777777777779
Bahia,Mulheres,Amarela,65 anos ou mais,827.0,256.0,1083.0,23.63804247460757
Bahia,Mulheres,Amarela,75 anos ou mais,316.0,118.0,434.0,27.188940092165897
Bahia,Mulheres,Amarela,80 anos ou mais,169.0,63.0,232.0,27.155172413793103
Bahia,Mulheres,Amarela,Total,7188.0,574.0,7762.0,7.39500128832775
Bahia,Mulheres,Branca,15 a 19 anos,100342.0,1322.0,101664.0,1.3003619767075858
Bahia,Mulheres,Branca,20 a 24 anos,98552.0,1495.0,100047.0,1.4942976800903573
Bahia,Mulheres,Branca,25 a 34 anos,182026.0,3639.0,185665.0,1.9599816874478229
Bahia,Mulheres,Branca,35 a 44 anos,212647.0,9950.0,222597.0,4.469961410081897
Bahia,Mulheres,Branca,45 a 54 anos,165134.0,17978.0,183112.0,9.818034863908427
Bahia,Mulheres,Branca,55 a 64 anos,131711.0,24594.0,156305.0,15.73462141326253
Bahia,Mulheres,Branca,65 anos ou mais,151635.0,63857.0,215492.0,29.633118630854042
Bahia,Mulheres,Branca,75 anos ou mais,66302.0,36844.0,103146.0,35.72024121148663
Bahia,Mulheres,Branca,80 anos ou mais,39221.0,23689.0,62910.0,37.655380702591
Bahia,Mulheres,Branca,Total,1042047.0,122835.0,1164882.0,10.544844885576394
Bahia,Mulheres,Indígena,15 a 19 anos,3434.0,73.0,3507.0,2.0815511833475906
Bahia,Mulheres,Indígena,20 a 24 anos,3229.0,75.0,3304.0,2.2699757869249395
Bahia,Mulheres,Indígena,25 a 34 anos,5887.0,180.0,6067.0,2.9668699522004287
Bahia,Mulheres,Indígena,35 a 44 anos,5803.0,574.0,6377.0,9.001097694840835
Bahia,Mulheres,Indígena,45 a 54 anos,4027.0,1019.0,5046.0,20.194213238208484
Bahia,Mulheres,Indígena,55 a 64 anos,2961.0,1375.0,4336.0,31.711254612546124
Bahia,Mulheres,Indígena,65 anos ou mais,2519.0,2237.0,4756.0,47.035323801513876
Bahia,Mulheres,Indígena,75 anos ou mais,888.0,1113.0,2001.0,55.62218890554723
Bahia,Mulheres,Indígena,80 anos ou mais,505.0,680.0,1185.0,57.383966244725734
Bahia,Mulheres,Indígena,Total,27860.0,5533.0,33393.0,16.569340879825113
Bahia,Mulheres,Parda,15 a 19 anos,304625.0,3885.0,308510.0,1.2592784674726913
Bahia,Mulheres,Parda,20 a 24 anos,308792.0,4439.0,313231.0,1.4171649677075384
Bahia,Mulheres,Parda,25 a 34 anos,605960.0,12116.0,618076.0,1.9602767297225585
Bahia,Mulheres,Parda,35 a 44 anos,654675.0,37607.0,692282.0,5.432323821795165
Bahia,Mulheres,Parda,45 a 54 anos,467012.0,67964.0,534976.0,12.704121306376361
Bahia,Mulheres,Parda,55 a 64 anos,337438.0,88712.0,426150.0,20.817083186671358
Bahia,Mulheres,Parda,65 anos ou mais,274684.0,170401.0,445085.0,38.28504667647753
Bahia,Mulheres,Parda,75 anos ou mais,95886.0,86722.0,182608.0,47.490799964952245
Bahia,Mulheres,Parda,80 anos ou mais,51316.0,52613.0,103929.0,50.62398368116695
Bahia,Mulheres,Parda,Total,2953186.0,385124.0,3338310.0,11.536496011454899
Bahia,Mulheres,Preta,15 a 19 anos,110273.0,1469.0,111742.0,1.3146354996330833
Bahia,Mulheres,Preta,20 a 24 anos,128728.0,1664.0,130392.0,1.2761519111601938
Bahia,Mulheres,Preta,25 a 34 anos,254874.0,4787.0,259661.0,1.8435575615899191
Bahia,Mulheres,Preta,35 a 44 anos,279163.0,15380.0,294543.0,5.221648452008705
Bahia,Mulheres,Preta,45 a 54 anos,191158.0,28612.0,219770.0,13.019065386540474
Bahia,Mulheres,Preta,55 a 64 anos,127999.0,39324.0,167323.0,23.501849715819105
Bahia,Mulheres,Preta,65 anos ou mais,96856.0,75034.0,171890.0,43.6523357961487
Bahia,Mulheres,Preta,75 anos ou mais,31579.0,37344.0,68923.0,54.18220332835193
Bahia,Mulheres,Preta,80 anos ou mais,16762.0,22843.0,39605.0,57.67706097714935
Bahia,Mulheres,Preta,Total,1189051.0,166270.0,1355321.0,12.267942428398882
Bahia,Mulheres,Total,15 a 19 anos,519339.0,6759.0,526098.0,1.2847416260848739
Bahia,Mulheres,Total,20 a 24 anos,540090.0,7677.0,547767.0,1.4015083055386688
Bahia,Mulheres,Total,25 a 34 anos,1050307.0,20746.0,1071053.0,1.9369723066925728
Bahia,Mulheres,Total,35 a 44 anos,1153926.0,63563.0,1217489.0,5.220827457167991
Bahia,Mulheres,Total,45 a 54 anos,828396.0,115686.0,944082.0,12.253808461553128
Bahia,Mulheres,Total,55 a 64 anos,600907.0,154135.0,755042.0,20.414096169484612
Bahia,Mulheres,Total,65 anos ou mais,526545.0,311790.0,838335.0,37.19157615988835
Bahia,Mulheres,Total,75 anos ou mais,194977.0,162145.0,357122.0,45.40325154989051
Bahia,Mulheres,Total,80 anos ou mais,107976.0,99891.0,207867.0,48.05524686458168
Bahia,Mulheres,Total,Total,5219510.0,680356.0,5899866.0,11.531719533969076
Bahia,Total,Amarela,15 a 19 anos,1150.0,18.0,1168.0,1.5410958904109588
Bahia,Total,Amarela,20 a 24 anos,1219.0,17.0,1236.0,1.3754045307443366
Bahia,Total,Amarela,25 a 34 anos,2429.0,72.0,2501.0,2.8788484606157536
Bahia,Total,Amarela,35 a 44 anos,2637.0,129.0,2766.0,4.663774403470716
Bahia,Total,Amarela,45 a 54 anos,1788.0,226.0,2014.0,11.221449851042701
Bahia,Total,Amarela,55 a 64 anos,1364.0,266.0,1630.0,16.319018404907975
Bahia,Total,Amarela,65 anos ou mais,1605.0,439.0,2044.0,21.477495107632095
Bahia,Total,Amarela,75 anos ou mais,605.0,195.0,800.0,24.375
Bahia,Total,Amarela,80 anos ou mais,319.0,108.0,427.0,25.292740046838407
Bahia,Total,Amarela,Total,12192.0,1167.0,13359.0,8.735683808668314
Bahia,Total,Branca,15 a 19 anos,197028.0,3859.0,200887.0,1.920980451696725
Bahia,Total,Branca,20 a 24 anos,192845.0,4067.0,196912.0,2.065389615665881
Bahia,Total,Branca,25 a 34 anos,347081.0,9957.0,357038.0,2.7887787854514086
Bahia,Total,Branca,35 a 44 anos,393081.0,25434.0,418515.0,6.077201533995198
Bahia,Total,Branca,45 a 54 anos,304235.0,42001.0,346236.0,12.130743192504534
Bahia,Total,Branca,55 a 64 anos,241917.0,51238.0,293155.0,17.478125906090636
Bahia,Total,Branca,65 anos ou mais,266336.0,110853.0,377189.0,29.38924517947236
Bahia,Total,Branca,75 anos ou mais,110814.0,60970.0,171784.0,35.49224607646812
Bahia,Total,Branca,80 anos ou mais,63317.0,37852.0,101169.0,37.414623056469864
Bahia,Total,Branca,Total,1942523.0,247409.0,2189932.0,11.29756540385729
Bahia,Total,Indígena,15 a 19 anos,6792.0,203.0,6995.0,2.9020729092208724
Bahia,Total,Indígena,20 a 24 anos,6464.0,191.0,6655.0,2.8700225394440273
Bahia,Total,Indígena,25 a 34 anos,11143.0,493.0,11636.0,4.236851151598488
Bahia,Total,Indígena,35 a 44 anos,11200.0,1322.0,12522.0,10.557418942660917
Bahia,Total,Indígena,45 a 54 anos,7704.0,2106.0,9810.0,21.467889908256883
Bahia,Total,Indígena,55 a 64 anos,5547.0,2589.0,8136.0,31.821533923303836
Bahia,Total,Indígena,65 anos ou mais,4568.0,3841.0,8409.0,45.67725056487097
Bahia,Total,Indígena,75 anos ou mais,1560.0,1785.0,3345.0,53.36322869955157
Bahia,Total,Indígena,80 anos ou mais,837.0,1053.0,1890.0,55.714285714285715
Bahia,Total,Indígena,Total,53418.0,10745.0,64163.0,16.74641148325359
Bahia,Total,Parda,15 a 19 anos,617951.0,13139.0,631090.0,2.081953445625822
Bahia,Total,Parda,20 a 24 anos,604290.0,14320.0,618610.0,2.3148672022760706
Bahia,Total,Parda,25 a 34 anos,1127680.0,36828.0,1164508.0,3.1625373118948086
Bahia,Total,Parda,35 a 44 anos,1219195.0,98446.0,1317641.0,7.471382569303779
Bahia,Total,Parda,45 a 54 anos,863708.0,158246.0,1021954.0,15.484649994031042
Bahia,Total,Parda,55 a 64 anos,617852.0,182985.0,800837.0,22.84921900461642
Bahia,Total,Parda,65 anos ou mais,503613.0,304769.0,808382.0,37.70111160317771
Bahia,Total,Parda,75 anos ou mais,170438.0,147730.0,318168.0,46.43144502275528
Bahia,Total,Parda,80 anos ou mais,88839.0,86453.0,175292.0,49.319421308445335
Bahia,Total,Parda,Total,5554289.0,808733.0,6363022.0,12.709888477519016
Bahia,Total,Preta,15 a 19 anos,223814.0,4977.0,228791.0,2.175347806513368
Bahia,Total,Preta,20 a 24 anos,255092.0,5729.0,260821.0,2.196525586513356
Bahia,Total,Preta,25 a 34 anos,491301.0,15596.0,506897.0,3.076759183818409
Bahia,Total,Preta,35 a 44 anos,537163.0,42204.0,579367.0,7.284501878774593
Bahia,Total,Preta,45 a 54 anos,369398.0,68941.0,438339.0,15.727781465943025
Bahia,Total,Preta,55 a 64 anos,241429.0,82101.0,323530.0,25.376626587951655
Bahia,Total,Preta,65 anos ou mais,176651.0,133297.0,309948.0,43.006246209041514
Bahia,Total,Preta,75 anos ou mais,56000.0,63087.0,119087.0,52.97555568617901
Bahia,Total,Preta,80 anos ou mais,28947.0,37170.0,66117.0,56.218521711511414
Bahia,Total,Preta,Total,2294848.0,352845.0,2647693.0,13.326507265003912
Bahia,Total,Total,15 a 19 anos,1046759.0,22200.0,1068959.0,2.076786855248892
Bahia,Total,Total,20 a 24 anos,1059941.0,24326.0,1084267.0,2.243543333883628
Bahia,Total,Total,25 a 34 anos,1979710.0,62949.0,2042659.0,3.081718485562201
Bahia,Total,Total,35 a 44 anos,2163355.0,167538.0,2330893.0,7.1877173255057185
Bahia,Total,Total,45 a 54 anos,1546882.0,271534.0,1818416.0,14.93244670086493
Bahia,Total,Total,55 a 64 anos,1108148.0,319189.0,1427337.0,22.362553482464197
Bahia,Total,Total,65 anos ou mais,952813.0,553211.0,1506024.0,36.73321275092562
Bahia,Total,Total,75 anos ou mais,339428.0,273773.0,613201.0,44.6465351491599
Bahia,Total,Total,80 anos ou mais,182265.0,162640.0,344905.0,47.15501369942448
Bahia,Total,Total,Total,9857608.0,1420947.0,11278555.0,12.598661796657462
Brasil,Homens,Amarela,15 a 19 anos,20103.0,230.0,20333.0,1.131166084689913
Brasil,Homens,Amarela,20 a 24 anos,23011.0,287.0,23298.0,1.2318653961713453
Brasil,Homens,Amarela,25 a 34 anos,50732.0,762.0,51494.0,1.479784052510972
Brasil,Homens,Amarela,35 a 44 anos,62891.0,1222.0,64113.0,1.9060097016205761
Brasil,Homens,Amarela,45 a 54 anos,53670.0,1514.0,55184.0,2.7435488547405047
Brasil,Homens,Amarela,55 a 64 anos,49369.0,1615.0,50984.0,3.167660442491762
Brasil,Homens,Amarela,65 anos ou mais,83341.0,3035.0,86376.0,3.513707511345744
Brasil,Homens,Amarela,75 anos ou mais,37115.0,1589.0,38704.0,4.105518809425383
Brasil,Homens,Amarela,80 anos ou mais,19979.0,1049.0,21028.0,4.988586646376261
Brasil,Homens,Amarela,Total,343117.0,8665.0,351782.0,2.4631732152298866
Brasil,Homens,Branca,15 a 19 anos,2754538.0,41630.0,2796168.0,1.488823275282458
Brasil,Homens,Branca,20 a 24 anos,2951558.0,42362.0,2993920.0,1.4149342667806755
Brasil,Homens,Branca,25 a 34 anos,5960032.0,97575.0,6057607.0,1.610784588699795
Brasil,Homens,Branca,35 a 44 anos,6203202.0,179308.0,6382510.0,2.8093649677007946
Brasil,Homens,Branca,45 a 54 anos,5066710.0,264532.0,5331242.0,4.961920693151802
Brasil,Homens,Branca,55 a 64 anos,4393064.0,306053.0,4699117.0,6.512989568040123
Brasil,Homens,Branca,65 anos ou mais,4358260.0,566938.0,4925198.0,11.510968696080848
Brasil,Homens,Branca,75 anos ou mais,1532456.0,282185.0,1814641.0,15.550458740874918
Brasil,Homens,Branca,80 anos ou mais,778972.0,164756.0,943728.0,17.45799637183595
Brasil,Homens,Branca,Total,31687364.0,1498398.0,33185762.0,4.515183348810854
Brasil,Homens,Indígena,15 a 19 anos,58554.0,4097.0,62651.0,6.539400807648721
Brasil,Homens,Indígena,20 a 24 anos,52886.0,3610.0,56496.0,6.389832908524497
Brasil,Homens,Indígena,25 a 34 anos,81976.0,6771.0,88747.0,7.629553675053804
Brasil,Homens,Indígena,35 a 44 anos,63848.0,9393.0,73241.0,12.824783932496825
Brasil,Homens,Indígena,45 a 54 anos,42031.0,10899.0,52930.0,20.591347062157567
Brasil,Homens,Indígena,55 a 64 anos,26243.0,10522.0,36765.0,28.619611043111654
Brasil,Homens,Indígena,65 anos ou mais,19825.0,15011.0,34836.0,43.09048111149386
Brasil,Homens,Indígena,75 anos ou mais,6171.0,7011.0,13182.0,53.186162949476554
Brasil,Homens,Indígena,80 anos ou mais,3085.0,4253.0,7338.0,57.95857181793404
Brasil,Homens,Indígena,Total,345363.0,60303.0,405666.0,14.865184659301
Brasil,Homens,Parda,15 a 19 anos,3611058.0,85273.0,3696331.0,2.306963310374531
Brasil,Homens,Parda,20 a 24 anos,3692464.0,89720.0,3782184.0,2.372174383900942
Brasil,Homens,Parda,25 a 34 anos,6882114.0,233584.0,7115698.0,3.2826575832757374
Brasil,Homens,Parda,35 a 44 anos,6678101.0,486232.0,7164333.0,6.786842543471947
Brasil,Homens,Parda,45 a 54 anos,4914986.0,686484.0,5601470.0,12.255425807868292
Brasil,Homens,Parda,55 a 64 anos,3412640.0,719063.0,4131703.0,17.403550061560573
Brasil,Homens,Parda,65 anos ou mais,2584050.0,1031272.0,3615322.0,28.5250387102449
Brasil,Homens,Parda,75 anos ou mais,768247.0,455436.0,1223683.0,37.21846262471571
Brasil,Homens,Parda,80 anos ou mais,368055.0,251332.0,619387.0,40.57753876009668
Brasil,Homens,Parda,Total,31775413.0,3331628.0,35107041.0,9.48991400329068
Brasil,Homens,Preta,15 a 19 anos,723761.0,17940.0,741701.0,2.4187644347250443
Brasil,Homens,Preta,20 a 24 anos,888792.0,21741.0,910533.0,2.387722356026635
Brasil,Homens,Preta,25 a 34 anos,1789990.0,59597.0,1849587.0,3.2221787891026485
Brasil,Homens,Preta,35 a 44 anos,1790429.0,132620.0,1923049.0,6.896340134858758
Brasil,Homens,Preta,45 a 54 anos,1323223.0,198776.0,1521999.0,13.060192549403776
Brasil,Homens,Preta,55 a 64 anos,887054.0,219219.0,1106273.0,19.8159947860971
Brasil,Homens,Preta,65 anos ou mais,641455.0,316368.0,957823.0,33.02990218443283
Brasil,Homens,Preta,75 anos ou mais,188006.0,138167.0,326173.0,42.36003593185211
Brasil,Homens,Preta,80 anos ou mais,91073.0,76100.0,167173.0,45.521705060027635
Brasil,Homens,Preta,Total,8044704.0,966261.0,9010965.0,10.723168939175771
Brasil,Homens,Total,15 a 19 anos,7168334.0,149181.0,7317515.0,2.0386838974706576
Brasil,Homens,Total,20 a 24 anos,7609556.0,157750.0,7767306.0,2.030948697012838
Brasil,Homens,Total,25 a 34 anos,14766401.0,398342.0,15164743.0,2.626763935267482
Brasil,Homens,Total,35 a 44 anos,14799556.0,808836.0,15608392.0,5.182058472134734
Brasil,Homens,Total,45 a 54 anos,11401234.0,1162266.0,12563500.0,9.251132248179248
Brasil,Homens,Total,55 a 64 anos,8768805.0,1256534.0,10025339.0,12.533581158701965
Brasil,Homens,Total,65 anos ou mais,7687233.0,1932686.0,9619919.0,20.09046022113076
Brasil,Homens,Total,75 anos ou mais,2532102.0,884415.0,3416517.0,25.88645102600104
Brasil,Homens,Total,80 anos ou mais,1261226.0,497505.0,1758731.0,28.28772563854279
Brasil,Homens,Total,Total,72201119.0,5865595.0,78066714.0,7.513567177939627
Brasil,Mulheres,Amarela,15 a 19 anos,21588.0,145.0,21733.0,0.6671881470574702
Brasil,Mulheres,Amarela,20 a 24 anos,26060.0,182.0,26242.0,0.6935446993369409
Brasil,Mulheres,Amarela,25 a 34 anos,56481.0,585.0,57066.0,1.0251287982336241
Brasil,Mulheres,Amarela,35 a 44 anos,69464.0,1071.0,70535.0,1.5183951229885873
Brasil,Mulheres,Amarela,45 a 54 anos,59865.0,1530.0,61395.0,2.4920596139750795
Brasil,Mulheres,Amarela,55 a 64 anos,56160.0,1851.0,58011.0,3.1907741635207114
Brasil,Mulheres,Amarela,65 anos ou mais,102390.0,4772.0,107162.0,4.4530710513055
Brasil,Mulheres,Amarela,75 anos ou mais,48628.0,2971.0,51599.0,5.7578635244869085
Brasil,Mulheres,Amarela,80 anos ou mais,27748.0,2141.0,29889.0,7.163170397136071
Brasil,Mulheres,Amarela,Total,392008.0,10136.0,402144.0,2.520490172674465
Brasil,Mulheres,Branca,15 a 19 anos,2790996.0,23411.0,2814407.0,0.8318270953703568
Brasil,Mulheres,Branca,20 a 24 anos,3057141.0,25543.0,3082684.0,0.8285961194854873
Brasil,Mulheres,Branca,25 a 34 anos,6441456.0,58915.0,6500371.0,0.9063328846922738
Brasil,Mulheres,Branca,35 a 44 anos,7049362.0,120690.0,7170052.0,1.6832513906454234
Brasil,Mulheres,Branca,45 a 54 anos,5942072.0,212943.0,6155015.0,3.4596666295695457
Brasil,Mulheres,Branca,55 a 64 anos,5290033.0,305222.0,5595255.0,5.455015008252529
Brasil,Mulheres,Branca,65 anos ou mais,5972504.0,847869.0,6820373.0,12.431416874121108
Brasil,Mulheres,Branca,75 anos ou mais,2397430.0,481295.0,2878725.0,16.719033599944417
Brasil,Mulheres,Branca,80 anos ou mais,1349873.0,308757.0,1658630.0,18.61518240957899
Brasil,Mulheres,Branca,Total,36543564.0,1594593.0,38138157.0,4.181096113270497
Brasil,Mulheres,Indígena,15 a 19 anos,56626.0,3959.0,60585.0,6.534620780721301
Brasil,Mulheres,Indígena,20 a 24 anos,52396.0,3729.0,56125.0,6.644097995545657
Brasil,Mulheres,Indígena,25 a 34 anos,83219.0,7390.0,90609.0,8.155922700835458
Brasil,Mulheres,Indígena,35 a 44 anos,63609.0,11171.0,74780.0,14.938486226263706
Brasil,Mulheres,Indígena,45 a 54 anos,41326.0,12361.0,53687.0,23.024195801590704
Brasil,Mulheres,Indígena,55 a 64 anos,27476.0,12472.0,39948.0,31.22058676279163
Brasil,Mulheres,Indígena,65 anos ou mais,22168.0,21066.0,43234.0,48.725540084193
Brasil,Mulheres,Indígena,75 anos ou mais,7441.0,10815.0,18256.0,59.24079754601227
Brasil,Mulheres,Indígena,80 anos ou mais,3884.0,6688.0,10572.0,63.26144532727961
Brasil,Mulheres,Indígena,Total,346820.0,72148.0,418968.0,17.220408241202193
Brasil,Mulheres,Parda,15 a 19 anos,3462691.0,37361.0,3500052.0,1.0674412837294989
Brasil,Mulheres,Parda,20 a 24 anos,3676426.0,42003.0,3718429.0,1.1295899424192313
Brasil,Mulheres,Parda,25 a 34 anos,7331413.0,117115.0,7448528.0,1.5723240887327
Brasil,Mulheres,Parda,35 a 44 anos,7229742.0,311849.0,7541591.0,4.135055852273081
Brasil,Mulheres,Parda,45 a 54 anos,5433349.0,530358.0,5963707.0,8.893092836385154
Brasil,Mulheres,Parda,55 a 64 anos,3941221.0,695612.0,4636833.0,15.001877358964622
Brasil,Mulheres,Parda,65 anos ou mais,3103133.0,1295701.0,4398834.0,29.455555722266404
Brasil,Mulheres,Parda,75 anos ou mais,995429.0,628975.0,1624404.0,38.7203552810754
Brasil,Mulheres,Parda,80 anos ou mais,509078.0,373792.0,882870.0,42.338283099437064
Brasil,Mulheres,Parda,Total,34177975.0,3029999.0,37207974.0,8.143413022165626
Brasil,Mulheres,Preta,15 a 19 anos,654204.0,7154.0,661358.0,1.0817136860822731
Brasil,Mulheres,Preta,20 a 24 anos,806475.0,8792.0,815267.0,1.0784197078993754
Brasil,Mulheres,Preta,25 a 34 anos,1655421.0,25230.0,1680651.0,1.5012039977365914
Brasil,Mulheres,Preta,35 a 44 anos,1707017.0,71780.0,1778797.0,4.035311505472518
Brasil,Mulheres,Preta,45 a 54 anos,1305739.0,135010.0,1440749.0,9.370820316377108
Brasil,Mulheres,Preta,55 a 64 anos,962170.0,195493.0,1157663.0,16.886866039598743
Brasil,Mulheres,Preta,65 anos ou mais,791411.0,387659.0,1179070.0,32.87837024095261
Brasil,Mulheres,Preta,75 anos ou mais,255731.0,188900.0,444631.0,42.48466706100115
Brasil,Mulheres,Preta,80 anos ou mais,132593.0,113538.0,246131.0,46.12909385652355
Brasil,Mulheres,Preta,Total,7882437.0,831118.0,8713555.0,9.538219475288788
Brasil,Mulheres,Total,15 a 19 anos,6986394.0,72033.0,7058427.0,1.020524827982212
Brasil,Mulheres,Total,20 a 24 anos,7618906.0,80251.0,7699157.0,1.0423348945865112
Brasil,Mulheres,Total,25 a 34 anos,15568850.0,209247.0,15778097.0,1.3261865483524407
Brasil,Mulheres,Total,35 a 44 anos,16119988.0,516581.0,16636569.0,3.105093363902136
Brasil,Mulheres,Total,45 a 54 anos,12782952.0,892241.0,13675193.0,6.524522176761965
Brasil,Mulheres,Total,55 a 64 anos,10277458.0,1210698.0,11488156.0,10.538662601726509
Brasil,Mulheres,Total,65 anos ou mais,9992027.0,2557155.0,12549182.0,20.37706521429046
Brasil,Mulheres,Total,75 anos ou mais,3704811.0,1313005.0,5017816.0,26.166862236478977
Brasil,Mulheres,Total,80 anos ou mais,2023274.0,804949.0,2828223.0,28.461298843832328
Brasil,Mulheres,Total,Total,79346575.0,5538206.0,84884781.0,6.524380383333969
Brasil,Total,Amarela,15 a 19 anos,41691.0,375.0,42066.0,0.8914562829838826
Brasil,Total,Amarela,20 a 24 anos,49071.0,469.0,49540.0,0.9467097295115058
Brasil,Total,Amarela,25 a 34 anos,107213.0,1347.0,108560.0,1.2407885040530582
Brasil,Total,Amarela,35 a 44 anos,132355.0,2293.0,134648.0,1.7029588259758779
Brasil,Total,Amarela,45 a 54 anos,113535.0,3044.0,116579.0,2.611104915979722
Brasil,Total,Amarela,55 a 64 anos,105529.0,3466.0,108995.0,3.1799623835955777
Brasil,Total,Amarela,65 anos ou mais,185731.0,7807.0,193538.0,4.033833149045665
Brasil,Total,Amarela,75 anos ou mais,85743.0,4560.0,90303.0,5.049666124049034
Brasil,Total,Amarela,80 anos ou mais,47727.0,3190.0,50917.0,6.265098100830764
Brasil,Total,Amarela,Total,735125.0,18801.0,753926.0,2.49374607056926
Brasil,Total,Branca,15 a 19 anos,5545534.0,65041.0,5610575.0,1.1592572953752511
Brasil,Total,Branca,20 a 24 anos,6008699.0,67905.0,6076604.0,1.1174827255486781
Brasil,Total,Branca,25 a 34 anos,12401488.0,156490.0,12557978.0,1.2461401031280672
Brasil,Total,Branca,35 a 44 anos,13252564.0,299998.0,13552562.0,2.213588840250279
Brasil,Total,Branca,45 a 54 anos,11008782.0,477475.0,11486257.0,4.156924226926143
Brasil,Total,Branca,55 a 64 anos,9683097.0,611275.0,10294372.0,5.9379532816572
Brasil,Total,Branca,65 anos ou mais,10330764.0,1414807.0,11745571.0,12.045451004467981
Brasil,Total,Branca,75 anos ou mais,3929886.0,763480.0,4693366.0,16.267216321931848
Brasil,Total,Branca,80 anos ou mais,2128845.0,473513.0,2602358.0,18.195536509580926
Brasil,Total,Branca,Total,68230928.0,3092991.0,71323919.0,4.336541013681539
Brasil,Total,Indígena,15 a 19 anos,115180.0,8056.0,123236.0,6.537050861761173
Brasil,Total,Indígena,20 a 24 anos,105282.0,7339.0,112621.0,6.516546647605686
Brasil,Total,Indígena,25 a 34 anos,165195.0,14161.0,179356.0,7.895470460982628
Brasil,Total,Indígena,35 a 44 anos,127457.0,20564.0,148021.0,13.892623343984974
Brasil,Total,Indígena,45 a 54 anos,83357.0,23260.0,106617.0,21.816408265098435
Brasil,Total,Indígena,55 a 64 anos,53719.0,22994.0,76713.0,29.974059155553817
Brasil,Total,Indígena,65 anos ou mais,41993.0,36077.0,78070.0,46.211092609196875
Brasil,Total,Indígena,75 anos ou mais,13612.0,17826.0,31438.0,56.70208028500541
Brasil,Total,Indígena,80 anos ou mais,6969.0,10941.0,17910.0,61.08877721943049
Brasil,Total,Indígena,Total,692183.0,132451.0,824634.0,16.061792261779164
Brasil,Total,Parda,15 a 19 anos,7073749.0,122634.0,7196383.0,1.7041060766221032
Brasil,Total,Parda,20 a 24 anos,7368890.0,131723.0,7500613.0,1.7561631296002074
Brasil,Total,Parda,25 a 34 anos,14213527.0,350699.0,14564226.0,2.4079480777076654
Brasil,Total,Parda,35 a 44 anos,13907843.0,798081.0,14705924.0,5.42693543091886
Brasil,Total,Parda,45 a 54 anos,10348335.0,1216842.0,11565177.0,10.52160291191393
Brasil,Total,Parda,55 a 64 anos,7353861.0,1414675.0,8768536.0,16.133537000931515
Brasil,Total,Parda,65 anos ou mais,5687183.0,2326973.0,8014156.0,29.035783680776866
Brasil,Total,Parda,75 anos ou mais,1763676.0,1084411.0,2848087.0,38.075065824885264
Brasil,Total,Parda,80 anos ou mais,877133.0,625124.0,1502257.0,41.61232066151131
Brasil,Total,Parda,Total,65953388.0,6361627.0,72315015.0,8.797103893292423
Brasil,Total,Preta,15 a 19 anos,1377965.0,25094.0,1403059.0,1.7885206538000182
Brasil,Total,Preta,20 a 24 anos,1695267.0,30533.0,1725800.0,1.7692084830223664
Brasil,Total,Preta,25 a 34 anos,3445411.0,84827.0,3530238.0,2.402869154997482
Brasil,Total,Preta,35 a 44 anos,3497446.0,204400.0,3701846.0,5.521569508834241
Brasil,Total,Preta,45 a 54 anos,2628962.0,333786.0,2962748.0,11.266094855181743
Brasil,Total,Preta,55 a 64 anos,1849224.0,414712.0,2263936.0,18.318185673093232
Brasil,Total,Preta,65 anos ou mais,1432866.0,704027.0,2136893.0,32.94629164866935
Brasil,Total,Preta,75 anos ou mais,443737.0,327067.0,770804.0,42.431928220403634
Brasil,Total,Preta,80 anos ou mais,223666.0,189638.0,413304.0,45.883417532857166
Brasil,Total,Preta,Total,15927141.0,1797379.0,17724520.0,10.140635684351395
Brasil,Total,Total,15 a 19 anos,14154728.0,221214.0,14375942.0,1.5387791631324055
Brasil,Total,Total,20 a 24 anos,15228462.0,238001.0,15466463.0,1.5388198323042572
Brasil,Total,Total,25 a 34 anos,30335251.0,607589.0,30942840.0,1.9635851137128977
Brasil,Total,Total,35 a 44 anos,30919544.0,1325417.0,32244961.0,4.110462406823814
Brasil,Total,Total,45 a 54 anos,24184186.0,2054507.0,26238693.0,7.830066078367547
Brasil,Total,Total,55 a 64 anos,19046263.0,2467232.0,21513495.0,11.468299316312853
Brasil,Total,Total,65 anos ou mais,17679260.0,4489841.0,22169101.0,20.252697662390553
Brasil,Total,Total,75 anos ou mais,6236913.0,2197420.0,8434333.0,26.053275344950215
Brasil,Total,Total,80 anos ou mais,3284500.0,1302454.0,4586954.0,28.39474736393694
Brasil,Total,Total,Total,151547694.0,11403801.0,162951495.0,6.9982794573317655
Ceará,Homens,Amarela,15 a 19 anos,340.0,6.0,346.0,1.7341040462427744
Ceará,Homens,Amarela,20 a 24 anos,395.0,17.0,412.0,4.12621359223301
Ceará,Homens,Amarela,25 a 34 anos,810.0,40.0,850.0,4.705882352941177
Ceará,Homens,Amarela,35 a 44 anos,720.0,92.0,812.0,11.330049261083744
Ceará,Homens,Amarela,45 a 54 anos,431.0,157.0,588.0,26.700680272108844
Ceará,Homens,Amarela,55 a 64 anos,324.0,174.0,498.0,34.93975903614458
Ceará,Homens,Amarela,65 anos ou mais,365.0,266.0,631.0,42.15530903328051
Ceará,Homens,Amarela,75 anos ou mais,127.0,102.0,229.0,44.54148471615721
Ceará,Homens,Amarela,80 anos ou mais,64.0,56.0,120.0,46.666666666666664
Ceará,Homens,Amarela,Total,3385.0,752.0,4137.0,18.177423253565387
Ceará,Homens,Branca,15 a 19 anos,86994.0,2167.0,89161.0,2.430434831372461
Ceará,Homens,Branca,20 a 24 anos,90346.0,2301.0,92647.0,2.4836206245210315
Ceará,Homens,Branca,25 a 34 anos,165971.0,6968.0,172939.0,4.029166353454109
Ceará,Homens,Branca,35 a 44 anos,151095.0,14541.0,165636.0,8.778888647395494
Ceará,Homens,Branca,45 a 54 anos,108943.0,22712.0,131655.0,17.251148835972806
Ceará,Homens,Branca,55 a 64 anos,84779.0,24144.0,108923.0,22.16611734895293
Ceará,Homens,Branca,65 anos ou mais,83106.0,42522.0,125628.0,33.847549909255896
Ceará,Homens,Branca,75 anos ou mais,31609.0,21480.0,53089.0,40.460359019759274
Ceará,Homens,Branca,80 anos ou mais,17082.0,12773.0,29855.0,42.7834533578965
Ceará,Homens,Branca,Total,771234.0,115355.0,886589.0,13.011102100296757
Ceará,Homens,Indígena,15 a 19 anos,1530.0,59.0,1589.0,3.7130270610446825
Ceará,Homens,Indígena,20 a 24 anos,1640.0,73.0,1713.0,4.2615294804436665
Ceará,Homens,Indígena,25 a 34 anos,3079.0,242.0,3321.0,7.286961758506474
Ceará,Homens,Indígena,35 a 44 anos,2462.0,470.0,2932.0,16.030013642564803
Ceará,Homens,Indígena,45 a 54 anos,1543.0,669.0,2212.0,30.24412296564195
Ceará,Homens,Indígena,55 a 64 anos,1025.0,670.0,1695.0,39.52802359882006
Ceará,Homens,Indígena,65 anos ou mais,695.0,783.0,1478.0,52.97699594046008
Ceará,Homens,Indígena,75 anos ou mais,209.0,323.0,532.0,60.71428571428571
Ceará,Homens,Indígena,80 anos ou mais,102.0,174.0,276.0,63.04347826086957
Ceará,Homens,Indígena,Total,11974.0,2966.0,14940.0,19.852744310575634
Ceará,Homens,Parda,15 a 19 anos,213529.0,5969.0,219498.0,2.7193869648015014
Ceará,Homens,Parda,20 a 24 anos,222540.0,6914.0,229454.0,3.0132401265613153
Ceará,Homens,Parda,25 a 34 anos,431614.0,23964.0,455578.0,5.260131086224532
Ceará,Homens,Parda,35 a 44 anos,378216.0,53421.0,431637.0,12.376371812425718
Ceará,Homens,Parda,45 a 54 anos,249007.0,81235.0,330242.0,24.598627673039772
Ceará,Homens,Parda,55 a 64 anos,164680.0,81466.0,246146.0,33.09661745468137
Ceará,Homens,Parda,65 anos ou mais,120186.0,112539.0,232725.0,48.35707379954882
Ceará,Homens,Parda,75 anos ou mais,39165.0,50463.0,89628.0,56.30271790065604
Ceará,Homens,Parda,80 anos ou mais,20144.0,28527.0,48671.0,58.6119044194695
Ceará,Homens,Parda,Total,1779772.0,365508.0,2145280.0,17.037775954653938
Ceará,Homens,Preta,15 a 19 anos,19169.0,683.0,19852.0,3.4404593995567194
Ceará,Homens,Preta,20 a 24 anos,26360.0,979.0,27339.0,3.580964921906434
Ceará,Homens,Preta,25 a 34 anos,53201.0,3629.0,56830.0,6.385711771951434
Ceará,Homens,Preta,35 a 44 anos,47729.0,8772.0,56501.0,15.52538893116936
Ceará,Homens,Preta,45 a 54 anos,34764.0,14435.0,49199.0,29.340027236325945
Ceará,Homens,Preta,55 a 64 anos,23085.0,15674.0,38759.0,40.4396398255889
Ceará,Homens,Preta,65 anos ou mais,15366.0,21070.0,36436.0,57.82742342737951
Ceará,Homens,Preta,75 anos ou mais,4853.0,9271.0,14124.0,65.6400453129425
Ceará,Homens,Preta,80 anos ou mais,2435.0,5086.0,7521.0,67.62398617205159
Ceará,Homens,Preta,Total,219674.0,65242.0,284916.0,22.898678908871386
Ceará,Homens,Total,15 a 19 anos,321581.0,8885.0,330466.0,2.6886275743949453
Ceará,Homens,Total,20 a 24 anos,341314.0,10284.0,351598.0,2.9249313136024666
Ceará,Homens,Total,25 a 34 anos,654752.0,34845.0,689597.0,5.0529512164351065
Ceará,Homens,Total,35 a 44 anos,580286.0,77302.0,657588.0,11.75538483062343
Ceará,Homens,Total,45 a 54 anos,394736.0,119212.0,513948.0,23.195342719496914
Ceará,Homens,Total,55 a 64 anos,273924.0,122134.0,396058.0,30.837402602649107
Ceará,Homens,Total,65 anos ou mais,219742.0,177187.0,396929.0,44.63946952729581
Ceará,Homens,Total,75 anos ou mais,75968.0,81640.0,157608.0,51.7994010456322
Ceará,Homens,Total,80 anos ou mais,39831.0,46617.0,86448.0,53.924902831760136
Ceará,Homens,Total,Total,2786335.0,549849.0,3336184.0,16.481375127990542
Ceará,Mulheres,Amarela,15 a 19 anos,398.0,5.0,403.0,1.240694789081886
Ceará,Mulheres,Amarela,20 a 24 anos,561.0,8.0,569.0,1.4059753954305798
Ceará,Mulheres,Amarela,25 a 34 anos,1104.0,45.0,1149.0,3.91644908616188
Ceará,Mulheres,Amarela,35 a 44 anos,1051.0,82.0,1133.0,7.237422771403354
Ceará,Mulheres,Amarela,45 a 54 anos,696.0,137.0,833.0,16.44657863145258
Ceará,Mulheres,Amarela,55 a 64 anos,508.0,191.0,699.0,27.32474964234621
Ceará,Mulheres,Amarela,65 anos ou mais,463.0,302.0,765.0,39.47712418300654
Ceará,Mulheres,Amarela,75 anos ou mais,178.0,142.0,320.0,44.375
Ceará,Mulheres,Amarela,80 anos ou mais,91.0,84.0,175.0,48.0
Ceará,Mulheres,Amarela,Total,4781.0,770.0,5551.0,13.871374527112232
Ceará,Mulheres,Branca,15 a 19 anos,90549.0,1128.0,91677.0,1.2304067541477144
Ceará,Mulheres,Branca,20 a 24 anos,92493.0,1373.0,93866.0,1.4627234568427332
Ceará,Mulheres,Branca,25 a 34 anos,181743.0,3886.0,185629.0,2.093422902671458
Ceará,Mulheres,Branca,35 a 44 anos,180541.0,8965.0,189506.0,4.7307209270418875
Ceará,Mulheres,Branca,45 a 54 anos,143358.0,15847.0,159205.0,9.953833108256651
Ceará,Mulheres,Branca,55 a 64 anos,117086.0,20246.0,137332.0,14.742376139574171
Ceará,Mulheres,Branca,65 anos ou mais,135295.0,48561.0,183856.0,26.412518492733444
Ceará,Mulheres,Branca,75 anos ou mais,58594.0,26678.0,85272.0,31.285767895675015
Ceará,Mulheres,Branca,80 anos ou mais,34955.0,17136.0,52091.0,32.89627766792728
Ceará,Mulheres,Branca,Total,941065.0,100006.0,1041071.0,9.606069134573914
Ceará,Mulheres,Indígena,15 a 19 anos,1554.0,23.0,1577.0,1.4584654407102093
Ceará,Mulheres,Indígena,20 a 24 anos,1741.0,40.0,1781.0,2.2459292532285233
Ceará,Mulheres,Indígena,25 a 34 anos,3388.0,100.0,3488.0,2.86697247706422
Ceará,Mulheres,Indígena,35 a 44 anos,2774.0,305.0,3079.0,9.90581357583631
Ceará,Mulheres,Indígena,45 a 54 anos,1920.0,447.0,2367.0,18.88466413181242
Ceará,Mulheres,Indígena,55 a 64 anos,1304.0,520.0,1824.0,28.50877192982456
Ceará,Mulheres,Indígena,65 anos ou mais,852.0,844.0,1696.0,49.764150943396224
Ceará,Mulheres,Indígena,75 anos ou mais,290.0,406.0,696.0,58.333333333333336
Ceará,Mulheres,Indígena,80 anos ou mais,156.0,258.0,414.0,62.31884057971014
Ceará,Mulheres,Indígena,Total,13533.0,2279.0,15812.0,14.413103971667088
Ceará,Mulheres,Parda,15 a 19 anos,205677.0,2567.0,208244.0,1.2326885768617584
Ceará,Mulheres,Parda,20 a 24 anos,228297.0,3101.0,231398.0,1.3401152991814969
Ceará,Mulheres,Parda,25 a 34 anos,482739.0,11154.0,493893.0,2.2583839009664035
Ceará,Mulheres,Parda,35 a 44 anos,438933.0,32696.0,471629.0,6.932567759828171
Ceará,Mulheres,Parda,45 a 54 anos,310005.0,56367.0,366372.0,15.385182273754545
Ceará,Mulheres,Parda,55 a 64 anos,218860.0,67332.0,286192.0,23.526863084922013
Ceará,Mulheres,Parda,65 anos ou mais,174189.0,115653.0,289842.0,39.902084584014744
Ceará,Mulheres,Parda,75 anos ou mais,61784.0,55965.0,117749.0,47.52906606425532
Ceará,Mulheres,Parda,80 anos ou mais,33930.0,33663.0,67593.0,49.80249434113
Ceará,Mulheres,Parda,Total,2058700.0,288870.0,2347570.0,12.305064385726517
Ceará,Mulheres,Preta,15 a 19 anos,16183.0,233.0,16416.0,1.4193469785575048
Ceará,Mulheres,Preta,20 a 24 anos,22097.0,330.0,22427.0,1.4714406741873636
Ceará,Mulheres,Preta,25 a 34 anos,43931.0,1348.0,45279.0,2.9770975507409614
Ceará,Mulheres,Preta,35 a 44 anos,40893.0,4197.0,45090.0,9.308050565535595
Ceará,Mulheres,Preta,45 a 54 anos,33301.0,8274.0,41575.0,19.901383042693926
Ceará,Mulheres,Preta,55 a 64 anos,24617.0,11118.0,35735.0,31.112354834196164
Ceará,Mulheres,Preta,65 anos ou mais,19517.0,19907.0,39424.0,50.494622564935064
Ceará,Mulheres,Preta,75 anos ou mais,6577.0,9306.0,15883.0,58.590946294780586
Ceará,Mulheres,Preta,80 anos ou mais,3591.0,5466.0,9057.0,60.35110963895329
Ceará,Mulheres,Preta,Total,200539.0,45407.0,245946.0,18.46218275556423
Ceará,Mulheres,Total,15 a 19 anos,314389.0,3957.0,318346.0,1.2429871900385117
Ceará,Mulheres,Total,20 a 24 anos,345229.0,4852.0,350081.0,1.3859649623944172
Ceará,Mulheres,Total,25 a 34 anos,712974.0,16535.0,729509.0,2.266593009818933
Ceará,Mulheres,Total,35 a 44 anos,664272.0,46248.0,710520.0,6.509035635872319
Ceará,Mulheres,Total,45 a 54 anos,489340.0,81077.0,570417.0,14.213636690351095
Ceará,Mulheres,Total,55 a 64 anos,362421.0,99414.0,461835.0,21.52586962876352
Ceará,Mulheres,Total,65 anos ou mais,330353.0,185277.0,515630.0,35.93216065783604
Ceará,Mulheres,Total,75 anos ou mais,127438.0,92501.0,219939.0,42.05757050818636
Ceará,Mulheres,Total,80 anos ou mais,72730.0,56608.0,129338.0,43.767492925513
Ceará,Mulheres,Total,Total,3218978.0,437360.0,3656338.0,11.961695007409052
Ceará,Total,Amarela,15 a 19 anos,738.0,11.0,749.0,1.4686248331108143
Ceará,Total,Amarela,20 a 24 anos,956.0,25.0,981.0,2.54841997961264
Ceará,Total,Amarela,25 a 34 anos,1914.0,85.0,1999.0,4.252126063031516
Ceará,Total,Amarela,35 a 44 anos,1771.0,174.0,1945.0,8.946015424164525
Ceará,Total,Amarela,45 a 54 anos,1127.0,294.0,1421.0,20.689655172413794
Ceará,Total,Amarela,55 a 64 anos,832.0,365.0,1197.0,30.492898913951542
Ceará,Total,Amarela,65 anos ou mais,828.0,568.0,1396.0,40.68767908309456
Ceará,Total,Amarela,75 anos ou mais,305.0,244.0,549.0,44.44444444444444
Ceará,Total,Amarela,80 anos ou mais,155.0,140.0,295.0,47.45762711864407
Ceará,Total,Amarela,Total,8166.0,1522.0,9688.0,15.710156895127994
Ceará,Total,Branca,15 a 19 anos,177543.0,3295.0,180838.0,1.822072794434798
Ceará,Total,Branca,20 a 24 anos,182839.0,3674.0,186513.0,1.969835882753481
Ceará,Total,Branca,25 a 34 anos,347714.0,10854.0,358568.0,3.0270408960085673
Ceará,Total,Branca,35 a 44 anos,331636.0,23506.0,355142.0,6.618760946325695
Ceará,Total,Branca,45 a 54 anos,252301.0,38559.0,290860.0,13.256893350752941
Ceará,Total,Branca,55 a 64 anos,201865.0,44390.0,246255.0,18.026029928326327
Ceará,Total,Branca,65 anos ou mais,218401.0,91083.0,309484.0,29.43060061263264
Ceará,Total,Branca,75 anos ou mais,90203.0,48158.0,138361.0,34.806050838025165
Ceará,Total,Branca,80 anos ou mais,52037.0,29909.0,81946.0,36.49842579259512
Ceará,Total,Branca,Total,1712299.0,215361.0,1927660.0,11.172146540365002
Ceará,Total,Indígena,15 a 19 anos,3084.0,82.0,3166.0,2.5900189513581804
Ceará,Total,Indígena,20 a 24 anos,3381.0,113.0,3494.0,3.2341156267887805
Ceará,Total,Indígena,25 a 34 anos,6467.0,342.0,6809.0,5.022763988838302
Ceará,Total,Indígena,35 a 44 anos,5236.0,775.0,6011.0,12.893029446015639
Ceará,Total,Indígena,45 a 54 anos,3463.0,1116.0,4579.0,24.372133653636165
Ceará,Total,Indígena,55 a 64 anos,2329.0,1190.0,3519.0,33.81642512077295
Ceará,Total,Indígena,65 anos ou mais,1547.0,1627.0,3174.0,51.26023944549465
Ceará,Total,Indígena,75 anos ou mais,499.0,729.0,1228.0,59.364820846905545
Ceará,Total,Indígena,80 anos ou mais,258.0,432.0,690.0,62.60869565217392
Ceará,Total,Indígena,Total,25507.0,5245.0,30752.0,17.05580124869927
Ceará,Total,Parda,15 a 19 anos,419206.0,8536.0,427742.0,1.9955954757774546
Ceará,Total,Parda,20 a 24 anos,450837.0,10015.0,460852.0,2.173148863409511
Ceará,Total,Parda,25 a 34 anos,914353.0,35118.0,949471.0,3.698691165922919
Ceará,Total,Parda,35 a 44 anos,817149.0,86117.0,903266.0,9.533957881731405
Ceará,Total,Parda,45 a 54 anos,559012.0,137602.0,696614.0,19.752976540810263
Ceará,Total,Parda,55 a 64 anos,383540.0,148798.0,532338.0,27.951790028140017
Ceará,Total,Parda,65 anos ou mais,294375.0,228192.0,522567.0,43.66751057759101
Ceará,Total,Parda,75 anos ou mais,100949.0,106428.0,207377.0,51.321024028701345
Ceará,Total,Parda,80 anos ou mais,54074.0,62190.0,116264.0,53.490332347072176
Ceará,Total,Parda,Total,3838472.0,654378.0,4492850.0,14.564875301868524
Ceará,Total,Preta,15 a 19 anos,35352.0,916.0,36268.0,2.5256424396161905
Ceará,Total,Preta,20 a 24 anos,48457.0,1309.0,49766.0,2.630309850098461
Ceará,Total,Preta,25 a 34 anos,97132.0,4977.0,102109.0,4.874203057516968
Ceará,Total,Preta,35 a 44 anos,88622.0,12969.0,101591.0,12.765894616649112
Ceará,Total,Preta,45 a 54 anos,68065.0,22709.0,90774.0,25.01707537400577
Ceará,Total,Preta,55 a 64 anos,47702.0,26792.0,74494.0,35.96531264262894
Ceará,Total,Preta,65 anos ou mais,34883.0,40977.0,75860.0,54.01660954389666
Ceará,Total,Preta,75 anos ou mais,11430.0,18577.0,30007.0,61.90888792615057
Ceará,Total,Preta,80 anos ou mais,6026.0,10552.0,16578.0,63.65062130534444
Ceará,Total,Preta,Total,420213.0,110649.0,530862.0,20.843270002373497
Ceará,Total,Total,15 a 19 anos,635970.0,12842.0,648812.0,1.9793098771292765
Ceará,Total,Total,20 a 24 anos,686543.0,15136.0,701679.0,2.157111727727351
Ceará,Total,Total,25 a 34 anos,1367726.0,51380.0,1419106.0,3.620589300587835
Ceará,Total,Total,35 a 44 anos,1244558.0,123550.0,1368108.0,9.030719796975092
Ceará,Total,Total,45 a 54 anos,884076.0,200289.0,1084365.0,18.47062566571219
Ceará,Total,Total,55 a 64 anos,636345.0,221548.0,857893.0,25.824665779998206
Ceará,Total,Total,65 anos ou mais,550095.0,362464.0,912559.0,39.71951402594243
Ceará,Total,Total,75 anos ou mais,203406.0,174141.0,377547.0,46.12432359414854
Ceará,Total,Total,80 anos ou mais,112561.0,103225.0,215786.0,47.83674566468631
Ceará,Total,Total,Total,6005313.0,987209.0,6992522.0,14.118067844477286
Centro-Oeste,Homens,Amarela,15 a 19 anos,1668.0,14.0,1682.0,0.8323424494649228
Centro-Oeste,Homens,Amarela,20 a 24 anos,1934.0,17.0,1951.0,0.8713480266529985
Centro-Oeste,Homens,Amarela,25 a 34 anos,4004.0,39.0,4043.0,0.964630225080386
Centro-Oeste,Homens,Amarela,35 a 44 anos,4658.0,73.0,4731.0,1.543014161910801
Centro-Oeste,Homens,Amarela,45 a 54 anos,3866.0,98.0,3964.0,2.4722502522704337
Centro-Oeste,Homens,Amarela,55 a 64 anos,3172.0,102.0,3274.0,3.1154551007941356
Centro-Oeste,Homens,Amarela,65 anos ou mais,4390.0,219.0,4609.0,4.751573009329572
Centro-Oeste,Homens,Amarela,75 anos ou mais,1809.0,111.0,1920.0,5.78125
Centro-Oeste,Homens,Amarela,80 anos ou mais,951.0,76.0,1027.0,7.400194741966894
Centro-Oeste,Homens,Amarela,Total,23692.0,562.0,24254.0,2.317143563948215
Centro-Oeste,Homens,Branca,15 a 19 anos,197382.0,2149.0,199531.0,1.0770256250908379
Centro-Oeste,Homens,Branca,20 a 24 anos,207260.0,2124.0,209384.0,1.0144041569556415
Centro-Oeste,Homens,Branca,25 a 34 anos,422491.0,4692.0,427183.0,1.0983583148205804
Centro-Oeste,Homens,Branca,35 a 44 anos,435324.0,8268.0,443592.0,1.863874912081372
Centro-Oeste,Homens,Branca,45 a 54 anos,352159.0,13941.0,366100.0,3.80797596285168
Centro-Oeste,Homens,Branca,55 a 64 anos,279420.0,18148.0,297568.0,6.098774061727068
Centro-Oeste,Homens,Branca,65 anos ou mais,256712.0,36909.0,293621.0,12.570286185252415
Centro-Oeste,Homens,Branca,75 anos ou mais,88324.0,18850.0,107174.0,17.58822102375576
Centro-Oeste,Homens,Branca,80 anos ou mais,44377.0,11184.0,55561.0,20.1292273357211
Centro-Oeste,Homens,Branca,Total,2150748.0,86231.0,2236979.0,3.8547970275983814
Centro-Oeste,Homens,Indígena,15 a 19 anos,9188.0,313.0,9501.0,3.294390064203768
Centro-Oeste,Homens,Indígena,20 a 24 anos,8014.0,296.0,8310.0,3.561973525872443
Centro-Oeste,Homens,Indígena,25 a 34 anos,11843.0,582.0,12425.0,4.6841046277666
Centro-Oeste,Homens,Indígena,35 a 44 anos,8462.0,842.0,9304.0,9.04987102321582
Centro-Oeste,Homens,Indígena,45 a 54 anos,5561.0,1066.0,6627.0,16.085709974347367
Centro-Oeste,Homens,Indígena,55 a 64 anos,2963.0,1065.0,4028.0,26.43992055610725
Centro-Oeste,Homens,Indígena,65 anos ou mais,2299.0,1705.0,4004.0,42.582417582417584
Centro-Oeste,Homens,Indígena,75 anos ou mais,724.0,950.0,1674.0,56.75029868578255
Centro-Oeste,Homens,Indígena,80 anos ou mais,389.0,646.0,1035.0,62.41545893719807
Centro-Oeste,Homens,Indígena,Total,48330.0,5869.0,54199.0,10.828613074041957
Centro-Oeste,Homens,Parda,15 a 19 anos,331788.0,4649.0,336437.0,1.381833745991077
Centro-Oeste,Homens,Parda,20 a 24 anos,347529.0,5124.0,352653.0,1.452986363365688
Centro-Oeste,Homens,Parda,25 a 34 anos,682757.0,11399.0,694156.0,1.642138078472274
Centro-Oeste,Homens,Parda,35 a 44 anos,667690.0,22087.0,689777.0,3.202049357980913
Centro-Oeste,Homens,Parda,45 a 54 anos,499696.0,34812.0,534508.0,6.5129053260194425
Centro-Oeste,Homens,Parda,55 a 64 anos,323030.0,41176.0,364206.0,11.305689637183352
Centro-Oeste,Homens,Parda,65 anos ou mais,228180.0,66150.0,294330.0,22.47477321373968
Centro-Oeste,Homens,Parda,75 anos ou mais,67647.0,29988.0,97635.0,30.714395452450454
Centro-Oeste,Homens,Parda,80 anos ou mais,32136.0,16745.0,48881.0,34.25666414353225
Centro-Oeste,Homens,Parda,Total,3080670.0,185397.0,3266067.0,5.6764604032924
Centro-Oeste,Homens,Preta,15 a 19 anos,54684.0,804.0,55488.0,1.448961937716263
Centro-Oeste,Homens,Preta,20 a 24 anos,70952.0,1058.0,72010.0,1.4692403832801
Centro-Oeste,Homens,Preta,25 a 34 anos,149188.0,2961.0,152149.0,1.9461186074177288
Centro-Oeste,Homens,Preta,35 a 44 anos,146929.0,6723.0,153652.0,4.375471845468982
Centro-Oeste,Homens,Preta,45 a 54 anos,107638.0,11153.0,118791.0,9.388758407623474
Centro-Oeste,Homens,Preta,55 a 64 anos,65053.0,13374.0,78427.0,17.05280069363867
Centro-Oeste,Homens,Preta,65 anos ou mais,41840.0,20222.0,62062.0,32.58354548677129
Centro-Oeste,Homens,Preta,75 anos ou mais,12408.0,9118.0,21526.0,42.35807860262008
Centro-Oeste,Homens,Preta,80 anos ou mais,6207.0,5068.0,11275.0,44.9490022172949
Centro-Oeste,Homens,Preta,Total,636284.0,56295.0,692579.0,8.12831460382137
Centro-Oeste,Homens,Total,15 a 19 anos,594724.0,7929.0,602653.0,1.3156824905874525
Centro-Oeste,Homens,Total,20 a 24 anos,635700.0,8619.0,644319.0,1.3376914230373464
Centro-Oeste,Homens,Total,25 a 34 anos,1270337.0,19674.0,1290011.0,1.5251032743131647
Centro-Oeste,Homens,Total,35 a 44 anos,1263114.0,37995.0,1301109.0,2.920201151479238
Centro-Oeste,Homens,Total,45 a 54 anos,968946.0,61071.0,1030017.0,5.9291254416189245
Centro-Oeste,Homens,Total,55 a 64 anos,673653.0,73866.0,747519.0,9.881487962178888
Centro-Oeste,Homens,Total,65 anos ou mais,533441.0,125208.0,658649.0,19.009821619709435
Centro-Oeste,Homens,Total,75 anos ou mais,170917.0,59019.0,229936.0,25.667577064922416
Centro-Oeste,Homens,Total,80 anos ou mais,84063.0,33720.0,117783.0,28.62891928376761
Centro-Oeste,Homens,Total,Total,5939915.0,334362.0,6274277.0,5.329092100970359
Centro-Oeste,Mulheres,Amarela,15 a 19 anos,1768.0,14.0,1782.0,0.7856341189674524
Centro-Oeste,Mulheres,Amarela,20 a 24 anos,2284.0,12.0,2296.0,0.5226480836236934
Centro-Oeste,Mulheres,Amarela,25 a 34 anos,4829.0,36.0,4865.0,0.7399794450154162
Centro-Oeste,Mulheres,Amarela,35 a 44 anos,5681.0,53.0,5734.0,0.9243111266131846
Centro-Oeste,Mulheres,Amarela,45 a 54 anos,4529.0,91.0,4620.0,1.9696969696969695
Centro-Oeste,Mulheres,Amarela,55 a 64 anos,3513.0,112.0,3625.0,3.089655172413793
Centro-Oeste,Mulheres,Amarela,65 anos ou mais,4607.0,307.0,4914.0,6.247456247456248
Centro-Oeste,Mulheres,Amarela,75 anos ou mais,2059.0,170.0,2229.0,7.62673844773441
Centro-Oeste,Mulheres,Amarela,80 anos ou mais,1142.0,100.0,1242.0,8.051529790660226
Centro-Oeste,Mulheres,Amarela,Total,27211.0,625.0,27836.0,2.2452938640609283
Centro-Oeste,Mulheres,Branca,15 a 19 anos,202099.0,1369.0,203468.0,0.6728330744883717
Centro-Oeste,Mulheres,Branca,20 a 24 anos,216385.0,1450.0,217835.0,0.6656414258498404
Centro-Oeste,Mulheres,Branca,25 a 34 anos,456175.0,3040.0,459215.0,0.661999281382359
Centro-Oeste,Mulheres,Branca,35 a 44 anos,498140.0,5662.0,503802.0,1.1238542125676356
Centro-Oeste,Mulheres,Branca,45 a 54 anos,409353.0,10870.0,420223.0,2.5867218119903006
Centro-Oeste,Mulheres,Branca,55 a 64 anos,325792.0,17970.0,343762.0,5.227453877973715
Centro-Oeste,Mulheres,Branca,65 anos ou mais,322996.0,50160.0,373156.0,13.44209928287365
Centro-Oeste,Mulheres,Branca,75 anos ou mais,121052.0,28144.0,149196.0,18.863776508753585
Centro-Oeste,Mulheres,Branca,80 anos ou mais,65339.0,17612.0,82951.0,21.231811551397815
Centro-Oeste,Mulheres,Branca,Total,2430940.0,90521.0,2521461.0,3.590021816716578
Centro-Oeste,Mulheres,Indígena,15 a 19 anos,8840.0,385.0,9225.0,4.173441734417344
Centro-Oeste,Mulheres,Indígena,20 a 24 anos,7888.0,402.0,8290.0,4.849215922798552
Centro-Oeste,Mulheres,Indígena,25 a 34 anos,11965.0,1002.0,12967.0,7.727307781290969
Centro-Oeste,Mulheres,Indígena,35 a 44 anos,8286.0,1631.0,9917.0,16.446505999798326
Centro-Oeste,Mulheres,Indígena,45 a 54 anos,4975.0,1654.0,6629.0,24.95097299743551
Centro-Oeste,Mulheres,Indígena,55 a 64 anos,3023.0,1365.0,4388.0,31.107566089334547
Centro-Oeste,Mulheres,Indígena,65 anos ou mais,2328.0,2583.0,4911.0,52.59621258399512
Centro-Oeste,Mulheres,Indígena,75 anos ou mais,768.0,1480.0,2248.0,65.83629893238434
Centro-Oeste,Mulheres,Indígena,80 anos ou mais,395.0,996.0,1391.0,71.60316319194824
Centro-Oeste,Mulheres,Indígena,Total,47305.0,9022.0,56327.0,16.01718536403501
Centro-Oeste,Mulheres,Parda,15 a 19 anos,319836.0,2268.0,322104.0,0.7041204083153267
Centro-Oeste,Mulheres,Parda,20 a 24 anos,344390.0,2456.0,346846.0,0.7080952353494058
Centro-Oeste,Mulheres,Parda,25 a 34 anos,711031.0,5866.0,716897.0,0.818248646597768
Centro-Oeste,Mulheres,Parda,35 a 44 anos,703692.0,14142.0,717834.0,1.9700933642039804
Centro-Oeste,Mulheres,Parda,45 a 54 anos,536897.0,27443.0,564340.0,4.862848637346281
Centro-Oeste,Mulheres,Parda,55 a 64 anos,362204.0,41429.0,403633.0,10.264026974999567
Centro-Oeste,Mulheres,Parda,65 anos ou mais,257593.0,80084.0,337677.0,23.716154786970982
Centro-Oeste,Mulheres,Parda,75 anos ou mais,76988.0,38573.0,115561.0,33.378908109137164
Centro-Oeste,Mulheres,Parda,80 anos ou mais,37496.0,22501.0,59997.0,37.50354184375885
Centro-Oeste,Mulheres,Parda,Total,3235643.0,173688.0,3409331.0,5.094489212106422
Centro-Oeste,Mulheres,Preta,15 a 19 anos,46838.0,347.0,47185.0,0.7354032001695454
Centro-Oeste,Mulheres,Preta,20 a 24 anos,58741.0,415.0,59156.0,0.7015349246061261
Centro-Oeste,Mulheres,Preta,25 a 34 anos,122684.0,1061.0,123745.0,0.8574083801365712
Centro-Oeste,Mulheres,Preta,35 a 44 anos,124990.0,3174.0,128164.0,2.4765144658406415
Centro-Oeste,Mulheres,Preta,45 a 54 anos,94985.0,6883.0,101868.0,6.756783288176857
Centro-Oeste,Mulheres,Preta,55 a 64 anos,62314.0,11080.0,73394.0,15.09660190206284
Centro-Oeste,Mulheres,Preta,65 anos ou mais,43463.0,21148.0,64611.0,32.73126866942162
Centro-Oeste,Mulheres,Preta,75 anos ou mais,13130.0,10086.0,23216.0,43.444176430048245
Centro-Oeste,Mulheres,Preta,80 anos ou mais,6401.0,5920.0,12321.0,48.048048048048045
Centro-Oeste,Mulheres,Preta,Total,554015.0,44108.0,598123.0,7.37440292381333
Centro-Oeste,Mulheres,Total,15 a 19 anos,579386.0,4383.0,583769.0,0.750810680251949
Centro-Oeste,Mulheres,Total,20 a 24 anos,629710.0,4735.0,634445.0,0.7463215881597302
Centro-Oeste,Mulheres,Total,25 a 34 anos,1306737.0,11005.0,1317742.0,0.8351407179857665
Centro-Oeste,Mulheres,Total,35 a 44 anos,1340828.0,24663.0,1365491.0,1.8061634972328635
Centro-Oeste,Mulheres,Total,45 a 54 anos,1050769.0,46942.0,1097711.0,4.276353247803839
Centro-Oeste,Mulheres,Total,55 a 64 anos,756857.0,71960.0,828817.0,8.682254345651694
Centro-Oeste,Mulheres,Total,65 anos ou mais,630999.0,154287.0,785286.0,19.64723680289729
Centro-Oeste,Mulheres,Total,75 anos ou mais,214001.0,78457.0,292458.0,26.826758030212883
Centro-Oeste,Mulheres,Total,80 anos ou mais,110775.0,47132.0,157907.0,29.847948476001697
Centro-Oeste,Mulheres,Total,Total,6295286.0,317975.0,6613261.0,4.808142306798416
Centro-Oeste,Total,Amarela,15 a 19 anos,3436.0,28.0,3464.0,0.8083140877598153
Centro-Oeste,Total,Amarela,20 a 24 anos,4218.0,29.0,4247.0,0.6828349423122204
Centro-Oeste,Total,Amarela,25 a 34 anos,8833.0,75.0,8908.0,0.8419398293668612
Centro-Oeste,Total,Amarela,35 a 44 anos,10339.0,126.0,10465.0,1.2040133779264213
Centro-Oeste,Total,Amarela,45 a 54 anos,8395.0,189.0,8584.0,2.201770736253495
Centro-Oeste,Total,Amarela,55 a 64 anos,6685.0,214.0,6899.0,3.1018988259167997
Centro-Oeste,Total,Amarela,65 anos ou mais,8997.0,526.0,9523.0,5.523469494907067
Centro-Oeste,Total,Amarela,75 anos ou mais,3868.0,281.0,4149.0,6.772716317184864
Centro-Oeste,Total,Amarela,80 anos ou mais,2093.0,176.0,2269.0,7.756721022476862
Centro-Oeste,Total,Amarela,Total,50903.0,1187.0,52090.0,2.2787483202150125
Centro-Oeste,Total,Branca,15 a 19 anos,399481.0,3518.0,402999.0,0.872955019739503
Centro-Oeste,Total,Branca,20 a 24 anos,423645.0,3574.0,427219.0,0.8365732797464532
Centro-Oeste,Total,Branca,25 a 34 anos,878666.0,7732.0,886398.0,0.872294386945819
Centro-Oeste,Total,Branca,35 a 44 anos,933464.0,13930.0,947394.0,1.4703491894607734
Centro-Oeste,Total,Branca,45 a 54 anos,761512.0,24811.0,786323.0,3.155319124583664
Centro-Oeste,Total,Branca,55 a 64 anos,605212.0,36118.0,641330.0,5.631734052671791
Centro-Oeste,Total,Branca,65 anos ou mais,579708.0,87069.0,666777.0,13.058188869742057
Centro-Oeste,Total,Branca,75 anos ou mais,209376.0,46994.0,256370.0,18.330537894449428
Centro-Oeste,Total,Branca,80 anos ou mais,109716.0,28796.0,138512.0,20.78953448076701
Centro-Oeste,Total,Branca,Total,4581688.0,176752.0,4758440.0,3.7144946663192138
Centro-Oeste,Total,Indígena,15 a 19 anos,18028.0,698.0,18726.0,3.72743778703407
Centro-Oeste,Total,Indígena,20 a 24 anos,15902.0,698.0,16600.0,4.204819277108434
Centro-Oeste,Total,Indígena,25 a 34 anos,23808.0,1584.0,25392.0,6.238185255198488
Centro-Oeste,Total,Indígena,35 a 44 anos,16748.0,2473.0,19221.0,12.86613599708652
Centro-Oeste,Total,Indígena,45 a 54 anos,10536.0,2720.0,13256.0,20.51901025950513
Centro-Oeste,Total,Indígena,55 a 64 anos,5986.0,2430.0,8416.0,28.873574144486692
Centro-Oeste,Total,Indígena,65 anos ou mais,4627.0,4288.0,8915.0,48.09871003925967
Centro-Oeste,Total,Indígena,75 anos ou mais,1492.0,2430.0,3922.0,61.958184599694036
Centro-Oeste,Total,Indígena,80 anos ou mais,784.0,1642.0,2426.0,67.68342951360263
Centro-Oeste,Total,Indígena,Total,95635.0,14891.0,110526.0,13.472848017661002
Centro-Oeste,Total,Parda,15 a 19 anos,651624.0,6917.0,658541.0,1.050352218009205
Centro-Oeste,Total,Parda,20 a 24 anos,691919.0,7580.0,699499.0,1.083632714271214
Centro-Oeste,Total,Parda,25 a 34 anos,1393788.0,17265.0,1411053.0,1.2235543243237497
Centro-Oeste,Total,Parda,35 a 44 anos,1371382.0,36229.0,1407611.0,2.5737934699288365
Centro-Oeste,Total,Parda,45 a 54 anos,1036593.0,62255.0,1098848.0,5.665478755933487
Centro-Oeste,Total,Parda,55 a 64 anos,685234.0,82605.0,767839.0,10.758114656848635
Centro-Oeste,Total,Parda,65 anos ou mais,485773.0,146234.0,632007.0,23.138034863537904
Centro-Oeste,Total,Parda,75 anos ou mais,144635.0,68561.0,213196.0,32.158670894388266
Centro-Oeste,Total,Parda,80 anos ou mais,69632.0,39246.0,108878.0,36.04584948290748
Centro-Oeste,Total,Parda,Total,6316313.0,359085.0,6675398.0,5.379229822701208
Centro-Oeste,Total,Preta,15 a 19 anos,101522.0,1151.0,102673.0,1.1210347413633575
Centro-Oeste,Total,Preta,20 a 24 anos,129693.0,1473.0,131166.0,1.1230044371254746
Centro-Oeste,Total,Preta,25 a 34 anos,271872.0,4022.0,275894.0,1.4578062589255294
Centro-Oeste,Total,Preta,35 a 44 anos,271919.0,9897.0,281816.0,3.5118658983166324
Centro-Oeste,Total,Preta,45 a 54 anos,202623.0,18036.0,220659.0,8.173697877720826
Centro-Oeste,Total,Preta,55 a 64 anos,127367.0,24454.0,151821.0,16.107126155143227
Centro-Oeste,Total,Preta,65 anos ou mais,85303.0,41370.0,126673.0,32.65889337112092
Centro-Oeste,Total,Preta,75 anos ou mais,25538.0,19204.0,44742.0,42.92163962272585
Centro-Oeste,Total,Preta,80 anos ou mais,12608.0,10988.0,23596.0,46.56721478216647
Centro-Oeste,Total,Preta,Total,1190299.0,100403.0,1290702.0,7.778945101192994
Centro-Oeste,Total,Total,15 a 19 anos,1174110.0,12312.0,1186422.0,1.0377420513105793
Centro-Oeste,Total,Total,20 a 24 anos,1265410.0,13354.0,1278764.0,1.0442896421857357
Centro-Oeste,Total,Total,25 a 34 anos,2577074.0,30679.0,2607753.0,1.1764534447856068
Centro-Oeste,Total,Total,35 a 44 anos,2603942.0,62658.0,2666600.0,2.3497337433435836
Centro-Oeste,Total,Total,45 a 54 anos,2019715.0,108013.0,2127728.0,5.076447741440635
Centro-Oeste,Total,Total,55 a 64 anos,1430510.0,145826.0,1576336.0,9.25094649871601
Centro-Oeste,Total,Total,65 anos ou mais,1164440.0,279495.0,1443935.0,19.35648072801061
Centro-Oeste,Total,Total,75 anos ou mais,384918.0,137476.0,522394.0,26.316535029115958
Centro-Oeste,Total,Total,80 anos ou mais,194838.0,80852.0,275690.0,29.327142805324826
Centro-Oeste,Total,Total,Total,12235201.0,652337.0,12887538.0,5.061765870253884
Distrito Federal,Homens,Amarela,15 a 19 anos,322.0,2.0,324.0,0.6172839506172839
Distrito Federal,Homens,Amarela,20 a 24 anos,377.0,4.0,381.0,1.0498687664041995
Distrito Federal,Homens,Amarela,25 a 34 anos,838.0,7.0,845.0,0.8284023668639053
Distrito Federal,Homens,Amarela,35 a 44 anos,1086.0,14.0,1100.0,1.2727272727272727
Distrito Federal,Homens,Amarela,45 a 54 anos,847.0,11.0,858.0,1.282051282051282
Distrito Federal,Homens,Amarela,55 a 64 anos,655.0,10.0,665.0,1.5037593984962405
Distrito Federal,Homens,Amarela,65 anos ou mais,874.0,26.0,900.0,2.888888888888889
Distrito Federal,Homens,Amarela,75 anos ou mais,367.0,13.0,380.0,3.421052631578948
Distrito Federal,Homens,Amarela,80 anos ou mais,188.0,7.0,195.0,3.5897435897435894
Distrito Federal,Homens,Amarela,Total,4999.0,74.0,5073.0,1.4587029371180762
Distrito Federal,Homens,Branca,15 a 19 anos,36497.0,308.0,36805.0,0.8368428202689852
Distrito Federal,Homens,Branca,20 a 24 anos,39294.0,338.0,39632.0,0.8528461849010901
Distrito Federal,Homens,Branca,25 a 34 anos,75807.0,640.0,76447.0,0.8371813151595223
Distrito Federal,Homens,Branca,35 a 44 anos,83505.0,975.0,84480.0,1.1541193181818181
Distrito Federal,Homens,Branca,45 a 54 anos,65882.0,1384.0,67266.0,2.0575030476020575
Distrito Federal,Homens,Branca,55 a 64 anos,48675.0,1407.0,50082.0,2.8093925961423265
Distrito Federal,Homens,Branca,65 anos ou mais,46998.0,2726.0,49724.0,5.482262086718688
Distrito Federal,Homens,Branca,75 anos ou mais,17534.0,1360.0,18894.0,7.198052291732824
Distrito Federal,Homens,Branca,80 anos ou mais,9328.0,818.0,10146.0,8.062290557855313
Distrito Federal,Homens,Branca,Total,396658.0,7778.0,404436.0,1.9231720222729924
Distrito Federal,Homens,Indígena,15 a 19 anos,162.0,3.0,165.0,1.8181818181818181
Distrito Federal,Homens,Indígena,20 a 24 anos,205.0,4.0,209.0,1.9138755980861244
Distrito Federal,Homens,Indígena,25 a 34 anos,428.0,11.0,439.0,2.5056947608200453
Distrito Federal,Homens,Indígena,35 a 44 anos,422.0,14.0,436.0,3.211009174311927
Distrito Federal,Homens,Indígena,45 a 54 anos,358.0,25.0,383.0,6.527415143603134
Distrito Federal,Homens,Indígena,55 a 64 anos,251.0,25.0,276.0,9.057971014492754
Distrito Federal,Homens,Indígena,65 anos ou mais,220.0,27.0,247.0,10.931174089068826
Distrito Federal,Homens,Indígena,75 anos ou mais,63.0,15.0,78.0,19.230769230769234
Distrito Federal,Homens,Indígena,80 anos ou mais,32.0,10.0,42.0,23.809523809523807
Distrito Federal,Homens,Indígena,Total,2046.0,109.0,2155.0,5.058004640371229
Distrito Federal,Homens,Parda,15 a 19 anos,56020.0,703.0,56723.0,1.2393561694550712
Distrito Federal,Homens,Parda,20 a 24 anos,58471.0,1277.0,59748.0,2.1373100354823595
Distrito Federal,Homens,Parda,25 a 34 anos,107924.0,1853.0,109777.0,1.687967424870419
Distrito Federal,Homens,Parda,35 a 44 anos,110598.0,2671.0,113269.0,2.3581032762715304
Distrito Federal,Homens,Parda,45 a 54 anos,85469.0,3346.0,88815.0,3.767381635984912
Distrito Federal,Homens,Parda,55 a 64 anos,51420.0,3229.0,54649.0,5.908616809090743
Distrito Federal,Homens,Parda,65 anos ou mais,36359.0,4753.0,41112.0,11.56110138159175
Distrito Federal,Homens,Parda,75 anos ou mais,11250.0,2199.0,13449.0,16.350658041490075
Distrito Federal,Homens,Parda,80 anos ou mais,5634.0,1272.0,6906.0,18.41876629018245
Distrito Federal,Homens,Parda,Total,506261.0,17832.0,524093.0,3.4024495652489155
Distrito Federal,Homens,Preta,15 a 19 anos,11329.0,100.0,11429.0,0.8749671887304226
Distrito Federal,Homens,Preta,20 a 24 anos,15259.0,212.0,15471.0,1.3703057333074786
Distrito Federal,Homens,Preta,25 a 34 anos,30447.0,476.0,30923.0,1.5393073117097307
Distrito Federal,Homens,Preta,35 a 44 anos,29496.0,882.0,30378.0,2.9034169464744224
Distrito Federal,Homens,Preta,45 a 54 anos,21998.0,1262.0,23260.0,5.425623387790197
Distrito Federal,Homens,Preta,55 a 64 anos,12817.0,1177.0,13994.0,8.410747463198513
Distrito Federal,Homens,Preta,65 anos ou mais,8073.0,1693.0,9766.0,17.335654310874464
Distrito Federal,Homens,Preta,75 anos ou mais,2496.0,739.0,3235.0,22.84389489953632
Distrito Federal,Homens,Preta,80 anos ou mais,1353.0,415.0,1768.0,23.47285067873303
Distrito Federal,Homens,Preta,Total,129419.0,5802.0,135221.0,4.290753655127532
Distrito Federal,Homens,Total,15 a 19 anos,104331.0,1116.0,105447.0,1.0583515889498991
Distrito Federal,Homens,Total,20 a 24 anos,113608.0,1835.0,115443.0,1.589529031643322
Distrito Federal,Homens,Total,25 a 34 anos,215453.0,2987.0,218440.0,1.367423548800586
Distrito Federal,Homens,Total,35 a 44 anos,225118.0,4557.0,229675.0,1.9841079786655054
Distrito Federal,Homens,Total,45 a 54 anos,174560.0,6028.0,180588.0,3.3379848051919283
Distrito Federal,Homens,Total,55 a 64 anos,113820.0,5848.0,119668.0,4.886853628371829
Distrito Federal,Homens,Total,65 anos ou mais,92529.0,9226.0,101755.0,9.066876320573927
Distrito Federal,Homens,Total,75 anos ou mais,31712.0,4327.0,36039.0,12.00643747051805
Distrito Federal,Homens,Total,80 anos ou mais,16536.0,2523.0,19059.0,13.237840390366756
Distrito Federal,Homens,Total,Total,1039419.0,31597.0,1071016.0,2.9501893529134953
Distrito Federal,Mulheres,Amarela,15 a 19 anos,336.0,2.0,338.0,0.591715976331361
Distrito Federal,Mulheres,Amarela,20 a 24 anos,433.0,3.0,436.0,0.6880733944954129
Distrito Federal,Mulheres,Amarela,25 a 34 anos,1060.0,10.0,1070.0,0.9345794392523363
Distrito Federal,Mulheres,Amarela,35 a 44 anos,1380.0,14.0,1394.0,1.0043041606886656
Distrito Federal,Mulheres,Amarela,45 a 54 anos,1051.0,13.0,1064.0,1.2218045112781954
Distrito Federal,Mulheres,Amarela,55 a 64 anos,704.0,9.0,713.0,1.262272089761571
Distrito Federal,Mulheres,Amarela,65 anos ou mais,981.0,36.0,1017.0,3.5398230088495577
Distrito Federal,Mulheres,Amarela,75 anos ou mais,452.0,17.0,469.0,3.624733475479744
Distrito Federal,Mulheres,Amarela,80 anos ou mais,241.0,10.0,251.0,3.9840637450199203
Distrito Federal,Mulheres,Amarela,Total,5945.0,87.0,6032.0,1.4423076923076923
Distrito Federal,Mulheres,Branca,15 a 19 anos,37843.0,182.0,38025.0,0.47863247863247865
Distrito Federal,Mulheres,Branca,20 a 24 anos,42209.0,209.0,42418.0,0.49271535668819844
Distrito Federal,Mulheres,Branca,25 a 34 anos,87002.0,412.0,87414.0,0.47132038346260324
Distrito Federal,Mulheres,Branca,35 a 44 anos,106297.0,691.0,106988.0,0.6458668261861142
Distrito Federal,Mulheres,Branca,45 a 54 anos,84972.0,1199.0,86171.0,1.3914193870327605
Distrito Federal,Mulheres,Branca,55 a 64 anos,63069.0,1638.0,64707.0,2.5314108210858177
Distrito Federal,Mulheres,Branca,65 anos ou mais,69904.0,4927.0,74831.0,6.5841696623057295
Distrito Federal,Mulheres,Branca,75 anos ou mais,28602.0,2861.0,31463.0,9.093220608333597
Distrito Federal,Mulheres,Branca,80 anos ou mais,16164.0,1767.0,17931.0,9.85444202777313
Distrito Federal,Mulheres,Branca,Total,491296.0,9258.0,500554.0,1.849550697826808
Distrito Federal,Mulheres,Indígena,15 a 19 anos,191.0,3.0,194.0,1.5463917525773196
Distrito Federal,Mulheres,Indígena,20 a 24 anos,229.0,5.0,234.0,2.1367521367521367
Distrito Federal,Mulheres,Indígena,25 a 34 anos,435.0,5.0,440.0,1.1363636363636365
Distrito Federal,Mulheres,Indígena,35 a 44 anos,499.0,20.0,519.0,3.8535645472061653
Distrito Federal,Mulheres,Indígena,45 a 54 anos,470.0,30.0,500.0,6.0
Distrito Federal,Mulheres,Indígena,55 a 64 anos,344.0,21.0,365.0,5.7534246575342465
Distrito Federal,Mulheres,Indígena,65 anos ou mais,318.0,56.0,374.0,14.973262032085561
Distrito Federal,Mulheres,Indígena,75 anos ou mais,94.0,27.0,121.0,22.31404958677686
Distrito Federal,Mulheres,Indígena,80 anos ou mais,54.0,16.0,70.0,22.857142857142858
Distrito Federal,Mulheres,Indígena,Total,2486.0,140.0,2626.0,5.331302361005331
Distrito Federal,Mulheres,Parda,15 a 19 anos,54117.0,306.0,54423.0,0.5622622788159418
Distrito Federal,Mulheres,Parda,20 a 24 anos,56404.0,301.0,56705.0,0.5308173882373688
Distrito Federal,Mulheres,Parda,25 a 34 anos,113597.0,676.0,114273.0,0.5915658116965513
Distrito Federal,Mulheres,Parda,35 a 44 anos,124387.0,1465.0,125852.0,1.1640657279979658
Distrito Federal,Mulheres,Parda,45 a 54 anos,96614.0,2724.0,99338.0,2.742153053212265
Distrito Federal,Mulheres,Parda,55 a 64 anos,64073.0,3566.0,67639.0,5.272106329188782
Distrito Federal,Mulheres,Parda,65 anos ou mais,49647.0,7843.0,57490.0,13.642372586536789
Distrito Federal,Mulheres,Parda,75 anos ou mais,15804.0,3957.0,19761.0,20.0242902687111
Distrito Federal,Mulheres,Parda,80 anos ou mais,7992.0,2306.0,10298.0,22.392697611186637
Distrito Federal,Mulheres,Parda,Total,558839.0,16881.0,575720.0,2.9321545195581185
Distrito Federal,Mulheres,Preta,15 a 19 anos,10067.0,51.0,10118.0,0.5040521842261316
Distrito Federal,Mulheres,Preta,20 a 24 anos,12677.0,48.0,12725.0,0.37721021611001965
Distrito Federal,Mulheres,Preta,25 a 34 anos,25533.0,154.0,25687.0,0.5995250515825126
Distrito Federal,Mulheres,Preta,35 a 44 anos,27789.0,442.0,28231.0,1.5656547766639508
Distrito Federal,Mulheres,Preta,45 a 54 anos,21180.0,855.0,22035.0,3.880190605854323
Distrito Federal,Mulheres,Preta,55 a 64 anos,14093.0,1163.0,15256.0,7.623230204509701
Distrito Federal,Mulheres,Preta,65 anos ou mais,10499.0,2606.0,13105.0,19.88553987027852
Distrito Federal,Mulheres,Preta,75 anos ou mais,3283.0,1301.0,4584.0,28.38132635253054
Distrito Federal,Mulheres,Preta,80 anos ou mais,1674.0,759.0,2433.0,31.1960542540074
Distrito Federal,Mulheres,Preta,Total,121838.0,5319.0,127157.0,4.183017844082512
Distrito Federal,Mulheres,Total,15 a 19 anos,102555.0,544.0,103099.0,0.5276481828145763
Distrito Federal,Mulheres,Total,20 a 24 anos,111957.0,566.0,112523.0,0.50300827386401
Distrito Federal,Mulheres,Total,25 a 34 anos,227639.0,1257.0,228896.0,0.5491576960715784
Distrito Federal,Mulheres,Total,35 a 44 anos,260361.0,2632.0,262993.0,1.0007870931925944
Distrito Federal,Mulheres,Total,45 a 54 anos,204297.0,4821.0,209118.0,2.305396952916535
Distrito Federal,Mulheres,Total,55 a 64 anos,142285.0,6397.0,148682.0,4.302471045587226
Distrito Federal,Mulheres,Total,65 anos ou mais,131353.0,15468.0,146821.0,10.535277651017225
Distrito Federal,Mulheres,Total,75 anos ou mais,48237.0,8163.0,56400.0,14.47340425531915
Distrito Federal,Mulheres,Total,80 anos ou mais,26126.0,4858.0,30984.0,15.679060160082622
Distrito Federal,Mulheres,Total,Total,1180447.0,31685.0,1212132.0,2.613989235495804
Distrito Federal,Total,Amarela,15 a 19 anos,658.0,4.0,662.0,0.6042296072507553
Distrito Federal,Total,Amarela,20 a 24 anos,810.0,7.0,817.0,0.8567931456548347
Distrito Federal,Total,Amarela,25 a 34 anos,1898.0,17.0,1915.0,0.8877284595300261
Distrito Federal,Total,Amarela,35 a 44 anos,2466.0,28.0,2494.0,1.1226944667201284
Distrito Federal,Total,Amarela,45 a 54 anos,1898.0,24.0,1922.0,1.2486992715920915
Distrito Federal,Total,Amarela,55 a 64 anos,1359.0,19.0,1378.0,1.3788098693759072
Distrito Federal,Total,Amarela,65 anos ou mais,1855.0,62.0,1917.0,3.2342201356285862
Distrito Federal,Total,Amarela,75 anos ou mais,819.0,30.0,849.0,3.53356890459364
Distrito Federal,Total,Amarela,80 anos ou mais,429.0,17.0,446.0,3.811659192825112
Distrito Federal,Total,Amarela,Total,10944.0,161.0,11105.0,1.44979738856371
Distrito Federal,Total,Branca,15 a 19 anos,74340.0,490.0,74830.0,0.6548175865294669
Distrito Federal,Total,Branca,20 a 24 anos,81503.0,547.0,82050.0,0.6666666666666667
Distrito Federal,Total,Branca,25 a 34 anos,162809.0,1052.0,163861.0,0.6420075551839669
Distrito Federal,Total,Branca,35 a 44 anos,189802.0,1666.0,191468.0,0.870119288862891
Distrito Federal,Total,Branca,45 a 54 anos,150854.0,2583.0,153437.0,1.6834270743041118
Distrito Federal,Total,Branca,55 a 64 anos,111744.0,3045.0,114789.0,2.652693202310326
Distrito Federal,Total,Branca,65 anos ou mais,116902.0,7653.0,124555.0,6.144273614066075
Distrito Federal,Total,Branca,75 anos ou mais,46136.0,4221.0,50357.0,8.382151438727485
Distrito Federal,Total,Branca,80 anos ou mais,25492.0,2585.0,28077.0,9.206824090892901
Distrito Federal,Total,Branca,Total,887954.0,17036.0,904990.0,1.8824517397982299
Distrito Federal,Total,Indígena,15 a 19 anos,353.0,6.0,359.0,1.6713091922005572
Distrito Federal,Total,Indígena,20 a 24 anos,434.0,9.0,443.0,2.0316027088036117
Distrito Federal,Total,Indígena,25 a 34 anos,863.0,16.0,879.0,1.8202502844141069
Distrito Federal,Total,Indígena,35 a 44 anos,921.0,34.0,955.0,3.56020942408377
Distrito Federal,Total,Indígena,45 a 54 anos,828.0,55.0,883.0,6.2287655719139305
Distrito Federal,Total,Indígena,55 a 64 anos,595.0,46.0,641.0,7.17628705148206
Distrito Federal,Total,Indígena,65 anos ou mais,538.0,83.0,621.0,13.365539452495975
Distrito Federal,Total,Indígena,75 anos ou mais,157.0,42.0,199.0,21.105527638190953
Distrito Federal,Total,Indígena,80 anos ou mais,86.0,26.0,112.0,23.214285714285715
Distrito Federal,Total,Indígena,Total,4532.0,249.0,4781.0,5.208115457017361
Distrito Federal,Total,Parda,15 a 19 anos,110137.0,1009.0,111146.0,0.9078149461069225
Distrito Federal,Total,Parda,20 a 24 anos,114875.0,1578.0,116453.0,1.355053111555735
Distrito Federal,Total,Parda,25 a 34 anos,221521.0,2529.0,224050.0,1.1287659004686454
Distrito Federal,Total,Parda,35 a 44 anos,234985.0,4136.0,239121.0,1.7296682432743256
Distrito Federal,Total,Parda,45 a 54 anos,182083.0,6070.0,188153.0,3.2260979096798885
Distrito Federal,Total,Parda,55 a 64 anos,115493.0,6795.0,122288.0,5.5565550176632215
Distrito Federal,Total,Parda,65 anos ou mais,86006.0,12596.0,98602.0,12.77458875073528
Distrito Federal,Total,Parda,75 anos ou mais,27054.0,6156.0,33210.0,18.536585365853657
Distrito Federal,Total,Parda,80 anos ou mais,13626.0,3578.0,17204.0,20.797488956056732
Distrito Federal,Total,Parda,Total,1065100.0,34713.0,1099813.0,3.1562638375796612
Distrito Federal,Total,Preta,15 a 19 anos,21396.0,151.0,21547.0,0.70079361396018
Distrito Federal,Total,Preta,20 a 24 anos,27936.0,260.0,28196.0,0.9221166122854306
Distrito Federal,Total,Preta,25 a 34 anos,55980.0,630.0,56610.0,1.1128775834658187
Distrito Federal,Total,Preta,35 a 44 anos,57285.0,1324.0,58609.0,2.259038714190653
Distrito Federal,Total,Preta,45 a 54 anos,43178.0,2117.0,45295.0,4.673805055745667
Distrito Federal,Total,Preta,55 a 64 anos,26910.0,2340.0,29250.0,8.0
Distrito Federal,Total,Preta,65 anos ou mais,18572.0,4299.0,22871.0,18.796729482751083
Distrito Federal,Total,Preta,75 anos ou mais,5779.0,2040.0,7819.0,26.0902928763269
Distrito Federal,Total,Preta,80 anos ou mais,3027.0,1174.0,4201.0,27.945727207807664
Distrito Federal,Total,Preta,Total,251257.0,11121.0,262378.0,4.238541341118538
Distrito Federal,Total,Total,15 a 19 anos,206886.0,1660.0,208546.0,0.7959874560049102
Distrito Federal,Total,Total,20 a 24 anos,225565.0,2401.0,227966.0,1.0532272356404024
Distrito Federal,Total,Total,25 a 34 anos,443092.0,4244.0,447336.0,0.9487275783750917
Distrito Federal,Total,Total,35 a 44 anos,485479.0,7189.0,492668.0,1.4591976747018276
Distrito Federal,Total,Total,45 a 54 anos,378857.0,10849.0,389706.0,2.7838934992019624
Distrito Federal,Total,Total,55 a 64 anos,256105.0,12245.0,268350.0,4.5630706167318795
Distrito Federal,Total,Total,65 anos ou mais,223882.0,24694.0,248576.0,9.934185118434604
Distrito Federal,Total,Total,75 anos ou mais,79949.0,12490.0,92439.0,13.51161306375015
Distrito Federal,Total,Total,80 anos ou mais,42662.0,7381.0,50043.0,14.74931558859381
Distrito Federal,Total,Total,Total,2219866.0,63282.0,2283148.0,2.771699425530014
Espírito Santo,Homens,Amarela,15 a 19 anos,105.0,2.0,107.0,1.8691588785046727
Espírito Santo,Homens,Amarela,20 a 24 anos,124.0,3.0,127.0,2.3622047244094486
Espírito Santo,Homens,Amarela,25 a 34 anos,311.0,5.0,316.0,1.5822784810126582
Espírito Santo,Homens,Amarela,35 a 44 anos,363.0,9.0,372.0,2.4193548387096775
Espírito Santo,Homens,Amarela,45 a 54 anos,224.0,14.0,238.0,5.88235294117647
Espírito Santo,Homens,Amarela,55 a 64 anos,166.0,12.0,178.0,6.741573033707865
Espírito Santo,Homens,Amarela,65 anos ou mais,285.0,16.0,301.0,5.3156146179401995
Espírito Santo,Homens,Amarela,75 anos ou mais,92.0,9.0,101.0,8.91089108910891
Espírito Santo,Homens,Amarela,80 anos ou mais,54.0,6.0,60.0,10.0
Espírito Santo,Homens,Amarela,Total,1578.0,61.0,1639.0,3.721781574130567
Espírito Santo,Homens,Branca,15 a 19 anos,42042.0,502.0,42544.0,1.1799548702519744
Espírito Santo,Homens,Branca,20 a 24 anos,45476.0,503.0,45979.0,1.0939776854651035
Espírito Santo,Homens,Branca,25 a 34 anos,96574.0,1084.0,97658.0,1.109996108869729
Espírito Santo,Homens,Branca,35 a 44 anos,109944.0,1976.0,111920.0,1.7655468191565402
Espírito Santo,Homens,Branca,45 a 54 anos,88205.0,3328.0,91533.0,3.6358471807981823
Espírito Santo,Homens,Branca,55 a 64 anos,79914.0,5108.0,85022.0,6.007856790007293
Espírito Santo,Homens,Branca,65 anos ou mais,81000.0,11691.0,92691.0,12.612875036411303
Espírito Santo,Homens,Branca,75 anos ou mais,28075.0,5966.0,34041.0,17.5259246203108
Espírito Santo,Homens,Branca,80 anos ou mais,14666.0,3577.0,18243.0,19.607520692868498
Espírito Santo,Homens,Branca,Total,543155.0,24192.0,567347.0,4.264057093806788
Espírito Santo,Homens,Indígena,15 a 19 anos,448.0,7.0,455.0,1.5384615384615385
Espírito Santo,Homens,Indígena,20 a 24 anos,445.0,9.0,454.0,1.9823788546255507
Espírito Santo,Homens,Indígena,25 a 34 anos,827.0,14.0,841.0,1.6646848989298455
Espírito Santo,Homens,Indígena,35 a 44 anos,820.0,31.0,851.0,3.6427732079905994
Espírito Santo,Homens,Indígena,45 a 54 anos,711.0,41.0,752.0,5.452127659574469
Espírito Santo,Homens,Indígena,55 a 64 anos,443.0,95.0,538.0,17.657992565055764
Espírito Santo,Homens,Indígena,65 anos ou mais,373.0,146.0,519.0,28.13102119460501
Espírito Santo,Homens,Indígena,75 anos ou mais,98.0,67.0,165.0,40.60606060606061
Espírito Santo,Homens,Indígena,80 anos ou mais,48.0,43.0,91.0,47.25274725274725
Espírito Santo,Homens,Indígena,Total,4067.0,343.0,4410.0,7.777777777777778
Espírito Santo,Homens,Parda,15 a 19 anos,70687.0,1071.0,71758.0,1.4925165138381782
Espírito Santo,Homens,Parda,20 a 24 anos,71983.0,1072.0,73055.0,1.4673875846964617
Espírito Santo,Homens,Parda,25 a 34 anos,139501.0,2494.0,141995.0,1.756399873234973
Espírito Santo,Homens,Parda,35 a 44 anos,147574.0,4733.0,152307.0,3.107539377704242
Espírito Santo,Homens,Parda,45 a 54 anos,112575.0,7143.0,119718.0,5.966521325114018
Espírito Santo,Homens,Parda,55 a 64 anos,81386.0,9852.0,91238.0,10.798132357131896
Espírito Santo,Homens,Parda,65 anos ou mais,61372.0,16089.0,77461.0,20.770452227572587
Espírito Santo,Homens,Parda,75 anos ou mais,17250.0,6907.0,24157.0,28.592126505774722
Espírito Santo,Homens,Parda,80 anos ou mais,8325.0,3869.0,12194.0,31.728719042151877
Espírito Santo,Homens,Parda,Total,685078.0,42454.0,727532.0,5.835344699614588
Espírito Santo,Homens,Preta,15 a 19 anos,15133.0,244.0,15377.0,1.586785458802107
Espírito Santo,Homens,Preta,20 a 24 anos,18802.0,321.0,19123.0,1.6786069131412433
Espírito Santo,Homens,Preta,25 a 34 anos,39050.0,737.0,39787.0,1.8523638374343379
Espírito Santo,Homens,Preta,35 a 44 anos,39800.0,1613.0,41413.0,3.8949122256296334
Espírito Santo,Homens,Preta,45 a 54 anos,28882.0,2633.0,31515.0,8.354751705537046
Espírito Santo,Homens,Preta,55 a 64 anos,19946.0,3779.0,23725.0,15.928345626975766
Espírito Santo,Homens,Preta,65 anos ou mais,13887.0,5934.0,19821.0,29.937944604207654
Espírito Santo,Homens,Preta,75 anos ou mais,3808.0,2456.0,6264.0,39.20817369093231
Espírito Santo,Homens,Preta,80 anos ou mais,1903.0,1409.0,3312.0,42.542270531400966
Espírito Santo,Homens,Preta,Total,175500.0,15261.0,190761.0,8.000062905939894
Espírito Santo,Homens,Total,15 a 19 anos,128415.0,1826.0,130241.0,1.4020162621601493
Espírito Santo,Homens,Total,20 a 24 anos,136831.0,1908.0,138739.0,1.3752441635012504
Espírito Santo,Homens,Total,25 a 34 anos,276265.0,4334.0,280599.0,1.5445529028970169
Espírito Santo,Homens,Total,35 a 44 anos,298509.0,8362.0,306871.0,2.724923502057868
Espírito Santo,Homens,Total,45 a 54 anos,230601.0,13160.0,243761.0,5.398730723946817
Espírito Santo,Homens,Total,55 a 64 anos,181860.0,18846.0,200706.0,9.389853816029415
Espírito Santo,Homens,Total,65 anos ou mais,156923.0,33877.0,190800.0,17.75524109014675
Espírito Santo,Homens,Total,75 anos ou mais,49326.0,15405.0,64731.0,23.798489131946056
Espírito Santo,Homens,Total,80 anos ou mais,24998.0,8904.0,33902.0,26.26393723084184
Espírito Santo,Homens,Total,Total,1409404.0,82313.0,1491717.0,5.518003750041061
Espírito Santo,Mulheres,Amarela,15 a 19 anos,155.0,2.0,157.0,1.2738853503184715
Espírito Santo,Mulheres,Amarela,20 a 24 anos,172.0,1.0,173.0,0.5780346820809248
Espírito Santo,Mulheres,Amarela,25 a 34 anos,380.0,1.0,381.0,0.26246719160104987
Espírito Santo,Mulheres,Amarela,35 a 44 anos,475.0,7.0,482.0,1.4522821576763485
Espírito Santo,Mulheres,Amarela,45 a 54 anos,284.0,6.0,290.0,2.0689655172413794
Espírito Santo,Mulheres,Amarela,55 a 64 anos,184.0,11.0,195.0,5.641025641025641
Espírito Santo,Mulheres,Amarela,65 anos ou mais,239.0,38.0,277.0,13.718411552346572
Espírito Santo,Mulheres,Amarela,75 anos ou mais,86.0,19.0,105.0,18.095238095238095
Espírito Santo,Mulheres,Amarela,80 anos ou mais,43.0,12.0,55.0,21.818181818181817
Espírito Santo,Mulheres,Amarela,Total,1889.0,66.0,1955.0,3.375959079283888
Espírito Santo,Mulheres,Branca,15 a 19 anos,42816.0,295.0,43111.0,0.6842801141240055
Espírito Santo,Mulheres,Branca,20 a 24 anos,47401.0,322.0,47723.0,0.674727070804434
Espírito Santo,Mulheres,Branca,25 a 34 anos,103926.0,719.0,104645.0,0.6870849061111376
Espírito Santo,Mulheres,Branca,35 a 44 anos,121563.0,1376.0,122939.0,1.1192542643099423
Espírito Santo,Mulheres,Branca,45 a 54 anos,100282.0,2722.0,103004.0,2.6426158207448256
Espírito Santo,Mulheres,Branca,55 a 64 anos,93614.0,4950.0,98564.0,5.022117608863277
Espírito Santo,Mulheres,Branca,65 anos ou mais,104406.0,17967.0,122373.0,14.68216028045402
Espírito Santo,Mulheres,Branca,75 anos ou mais,40446.0,10602.0,51048.0,20.768688293370946
Espírito Santo,Mulheres,Branca,80 anos ou mais,23393.0,7016.0,30409.0,23.072116807524086
Espírito Santo,Mulheres,Branca,Total,614008.0,28351.0,642359.0,4.413575586237602
Espírito Santo,Mulheres,Indígena,15 a 19 anos,409.0,4.0,413.0,0.9685230024213075
Espírito Santo,Mulheres,Indígena,20 a 24 anos,459.0,2.0,461.0,0.43383947939262474
Espírito Santo,Mulheres,Indígena,25 a 34 anos,832.0,14.0,846.0,1.6548463356973995
Espírito Santo,Mulheres,Indígena,35 a 44 anos,863.0,28.0,891.0,3.1425364758698096
Espírito Santo,Mulheres,Indígena,45 a 54 anos,689.0,60.0,749.0,8.01068090787717
Espírito Santo,Mulheres,Indígena,55 a 64 anos,528.0,137.0,665.0,20.601503759398497
Espírito Santo,Mulheres,Indígena,65 anos ou mais,466.0,262.0,728.0,35.989010989010985
Espírito Santo,Mulheres,Indígena,75 anos ou mais,173.0,142.0,315.0,45.07936507936508
Espírito Santo,Mulheres,Indígena,80 anos ou mais,92.0,104.0,196.0,53.06122448979592
Espírito Santo,Mulheres,Indígena,Total,4246.0,507.0,4753.0,10.666947191247633
Espírito Santo,Mulheres,Parda,15 a 19 anos,67530.0,557.0,68087.0,0.8180709974003848
Espírito Santo,Mulheres,Parda,20 a 24 anos,70790.0,600.0,71390.0,0.8404538450763412
Espírito Santo,Mulheres,Parda,25 a 34 anos,147664.0,1374.0,149038.0,0.9219125323742938
Espírito Santo,Mulheres,Parda,35 a 44 anos,157135.0,3397.0,160532.0,2.1160890040614952
Espírito Santo,Mulheres,Parda,45 a 54 anos,120459.0,6509.0,126968.0,5.1264885640476345
Espírito Santo,Mulheres,Parda,55 a 64 anos,91407.0,11079.0,102486.0,10.81025701071366
Espírito Santo,Mulheres,Parda,65 anos ou mais,70066.0,24152.0,94218.0,25.634167568829735
Espírito Santo,Mulheres,Parda,75 anos ou mais,21507.0,11972.0,33479.0,35.759729979987455
Espírito Santo,Mulheres,Parda,80 anos ou mais,11221.0,7406.0,18627.0,39.75948891394213
Espírito Santo,Mulheres,Parda,Total,725051.0,47668.0,772719.0,6.168866043154109
Espírito Santo,Mulheres,Preta,15 a 19 anos,13899.0,119.0,14018.0,0.8489085461549436
Espírito Santo,Mulheres,Preta,20 a 24 anos,17406.0,138.0,17544.0,0.786593707250342
Espírito Santo,Mulheres,Preta,25 a 34 anos,35117.0,346.0,35463.0,0.9756647773736006
Espírito Santo,Mulheres,Preta,35 a 44 anos,36591.0,922.0,37513.0,2.4578146242635888
Espírito Santo,Mulheres,Preta,45 a 54 anos,26575.0,1963.0,28538.0,6.878547901044222
Espírito Santo,Mulheres,Preta,55 a 64 anos,19430.0,3593.0,23023.0,15.606132997437344
Espírito Santo,Mulheres,Preta,65 anos ou mais,14723.0,7857.0,22580.0,34.79627989371125
Espírito Santo,Mulheres,Preta,75 anos ou mais,4452.0,3826.0,8278.0,46.21889345252476
Espírito Santo,Mulheres,Preta,80 anos ou mais,2318.0,2380.0,4698.0,50.65985525755641
Espírito Santo,Mulheres,Preta,Total,163741.0,14938.0,178679.0,8.360243789141421
Espírito Santo,Mulheres,Total,15 a 19 anos,124810.0,978.0,125788.0,0.7774986485197316
Espírito Santo,Mulheres,Total,20 a 24 anos,136231.0,1063.0,137294.0,0.7742508776785584
Espírito Santo,Mulheres,Total,25 a 34 anos,287921.0,2454.0,290375.0,0.8451140766250538
Espírito Santo,Mulheres,Total,35 a 44 anos,316634.0,5730.0,322364.0,1.7774937648124478
Espírito Santo,Mulheres,Total,45 a 54 anos,248295.0,11262.0,259557.0,4.338931333002
Espírito Santo,Mulheres,Total,55 a 64 anos,205167.0,19771.0,224938.0,8.789533115791908
Espírito Santo,Mulheres,Total,65 anos ou mais,189906.0,50277.0,240183.0,20.93278874857921
Espírito Santo,Mulheres,Total,75 anos ou mais,66668.0,26561.0,93229.0,28.490062105138957
Espírito Santo,Mulheres,Total,80 anos ou mais,37070.0,16918.0,53988.0,31.33659331703341
Espírito Santo,Mulheres,Total,Total,1508964.0,91535.0,1600499.0,5.719153838896494
Espírito Santo,Total,Amarela,15 a 19 anos,260.0,4.0,264.0,1.5151515151515151
Espírito Santo,Total,Amarela,20 a 24 anos,296.0,4.0,300.0,1.3333333333333335
Espírito Santo,Total,Amarela,25 a 34 anos,691.0,6.0,697.0,0.860832137733142
Espírito Santo,Total,Amarela,35 a 44 anos,838.0,16.0,854.0,1.873536299765808
Espírito Santo,Total,Amarela,45 a 54 anos,508.0,20.0,528.0,3.787878787878788
Espírito Santo,Total,Amarela,55 a 64 anos,350.0,23.0,373.0,6.166219839142091
Espírito Santo,Total,Amarela,65 anos ou mais,524.0,54.0,578.0,9.342560553633218
Espírito Santo,Total,Amarela,75 anos ou mais,178.0,28.0,206.0,13.592233009708737
Espírito Santo,Total,Amarela,80 anos ou mais,97.0,18.0,115.0,15.65217391304348
Espírito Santo,Total,Amarela,Total,3467.0,127.0,3594.0,3.5336672231496937
Espírito Santo,Total,Branca,15 a 19 anos,84858.0,797.0,85655.0,0.9304769131982955
Espírito Santo,Total,Branca,20 a 24 anos,92877.0,825.0,93702.0,0.8804507908048921
Espírito Santo,Total,Branca,25 a 34 anos,200500.0,1803.0,202303.0,0.891237401323757
Espírito Santo,Total,Branca,35 a 44 anos,231507.0,3352.0,234859.0,1.4272393223167943
Espírito Santo,Total,Branca,45 a 54 anos,188487.0,6050.0,194537.0,3.109948236068203
Espírito Santo,Total,Branca,55 a 64 anos,173528.0,10058.0,183586.0,5.478631268179491
Espírito Santo,Total,Branca,65 anos ou mais,185406.0,29658.0,215064.0,13.79031358107354
Espírito Santo,Total,Branca,75 anos ou mais,68521.0,16568.0,85089.0,19.471377028758123
Espírito Santo,Total,Branca,80 anos ou mais,38059.0,10593.0,48652.0,21.77300008221656
Espírito Santo,Total,Branca,Total,1157163.0,52543.0,1209706.0,4.343452045373008
Espírito Santo,Total,Indígena,15 a 19 anos,857.0,11.0,868.0,1.2672811059907834
Espírito Santo,Total,Indígena,20 a 24 anos,904.0,11.0,915.0,1.2021857923497268
Espírito Santo,Total,Indígena,25 a 34 anos,1659.0,28.0,1687.0,1.6597510373443984
Espírito Santo,Total,Indígena,35 a 44 anos,1683.0,59.0,1742.0,3.38691159586682
Espírito Santo,Total,Indígena,45 a 54 anos,1400.0,101.0,1501.0,6.7288474350433045
Espírito Santo,Total,Indígena,55 a 64 anos,971.0,232.0,1203.0,19.285120532003326
Espírito Santo,Total,Indígena,65 anos ou mais,839.0,408.0,1247.0,32.718524458700884
Espírito Santo,Total,Indígena,75 anos ou mais,271.0,209.0,480.0,43.541666666666664
Espírito Santo,Total,Indígena,80 anos ou mais,140.0,147.0,287.0,51.21951219512195
Espírito Santo,Total,Indígena,Total,8313.0,850.0,9163.0,9.276437847866418
Espírito Santo,Total,Parda,15 a 19 anos,138217.0,1628.0,139845.0,1.1641460188065358
Espírito Santo,Total,Parda,20 a 24 anos,142773.0,1672.0,144445.0,1.157534009484579
Espírito Santo,Total,Parda,25 a 34 anos,287165.0,3868.0,291033.0,1.329058903973089
Espírito Santo,Total,Parda,35 a 44 anos,304709.0,8130.0,312839.0,2.5987808425420105
Espírito Santo,Total,Parda,45 a 54 anos,233034.0,13652.0,246686.0,5.534160836042581
Espírito Santo,Total,Parda,55 a 64 anos,172793.0,20931.0,193724.0,10.804546674650533
Espírito Santo,Total,Parda,65 anos ou mais,131438.0,40241.0,171679.0,23.439675207800605
Espírito Santo,Total,Parda,75 anos ou mais,38757.0,18879.0,57636.0,32.75556943576931
Espírito Santo,Total,Parda,80 anos ou mais,19546.0,11275.0,30821.0,36.582200447746665
Espírito Santo,Total,Parda,Total,1410129.0,90122.0,1500251.0,6.007128140557813
Espírito Santo,Total,Preta,15 a 19 anos,29032.0,363.0,29395.0,1.2349038952202755
Espírito Santo,Total,Preta,20 a 24 anos,36208.0,459.0,36667.0,1.2518068017563477
Espírito Santo,Total,Preta,25 a 34 anos,74167.0,1083.0,75250.0,1.439202657807309
Espírito Santo,Total,Preta,35 a 44 anos,76391.0,2535.0,78926.0,3.2118693459696424
Espírito Santo,Total,Preta,45 a 54 anos,55457.0,4596.0,60053.0,7.653239638319484
Espírito Santo,Total,Preta,55 a 64 anos,39376.0,7372.0,46748.0,15.769658595020108
Espírito Santo,Total,Preta,65 anos ou mais,28610.0,13791.0,42401.0,32.52517629301196
Espírito Santo,Total,Preta,75 anos ou mais,8260.0,6282.0,14542.0,43.199009764819145
Espírito Santo,Total,Preta,80 anos ou mais,4221.0,3789.0,8010.0,47.30337078651685
Espírito Santo,Total,Preta,Total,339241.0,30199.0,369440.0,8.174263750541359
Espírito Santo,Total,Total,15 a 19 anos,253225.0,2804.0,256029.0,1.0951884356850201
Espírito Santo,Total,Total,20 a 24 anos,273062.0,2971.0,276033.0,1.0763205848576076
Espírito Santo,Total,Total,25 a 34 anos,564186.0,6788.0,570974.0,1.18884572677565
Espírito Santo,Total,Total,35 a 44 anos,615143.0,14092.0,629235.0,2.2395448441361334
Espírito Santo,Total,Total,45 a 54 anos,478896.0,24422.0,503318.0,4.852200795520923
Espírito Santo,Total,Total,55 a 64 anos,387027.0,38617.0,425644.0,9.072605275770362
Espírito Santo,Total,Total,65 anos ou mais,346829.0,84154.0,430983.0,19.52606019262941
Espírito Santo,Total,Total,75 anos ou mais,115994.0,41966.0,157960.0,26.567485439351735
Espírito Santo,Total,Total,80 anos ou mais,62068.0,25822.0,87890.0,29.379906701558767
Espírito Santo,Total,Total,Total,2918368.0,173848.0,3092216.0,5.62211695431367
Goiás,Homens,Amarela,15 a 19 anos,487.0,6.0,493.0,1.2170385395537524
Goiás,Homens,Amarela,20 a 24 anos,616.0,5.0,621.0,0.8051529790660225
Goiás,Homens,Amarela,25 a 34 anos,1271.0,18.0,1289.0,1.3964313421256789
Goiás,Homens,Amarela,35 a 44 anos,1252.0,34.0,1286.0,2.6438569206842923
Goiás,Homens,Amarela,45 a 54 anos,984.0,52.0,1036.0,5.019305019305019
Goiás,Homens,Amarela,55 a 64 anos,710.0,51.0,761.0,6.701708278580814
Goiás,Homens,Amarela,65 anos ou mais,910.0,83.0,993.0,8.358509566968781
Goiás,Homens,Amarela,75 anos ou mais,332.0,38.0,370.0,10.27027027027027
Goiás,Homens,Amarela,80 anos ou mais,162.0,25.0,187.0,13.368983957219251
Goiás,Homens,Amarela,Total,6230.0,249.0,6479.0,3.843185676801976
Goiás,Homens,Branca,15 a 19 anos,83351.0,949.0,84300.0,1.1257413997627521
Goiás,Homens,Branca,20 a 24 anos,87685.0,897.0,88582.0,1.0126210742588788
Goiás,Homens,Branca,25 a 34 anos,175535.0,2042.0,177577.0,1.1499236950731233
Goiás,Homens,Branca,35 a 44 anos,180456.0,3997.0,184453.0,2.1669476777282015
Goiás,Homens,Branca,45 a 54 anos,150122.0,7089.0,157211.0,4.509226453619657
Goiás,Homens,Branca,55 a 64 anos,119779.0,9083.0,128862.0,7.048625661560429
Goiás,Homens,Branca,65 anos ou mais,112230.0,19338.0,131568.0,14.698102882159796
Goiás,Homens,Branca,75 anos ou mais,38835.0,10118.0,48953.0,20.66880477192409
Goiás,Homens,Branca,80 anos ou mais,19364.0,5982.0,25346.0,23.601357216128775
Goiás,Homens,Branca,Total,909158.0,43395.0,952553.0,4.555652021462323
Goiás,Homens,Indígena,15 a 19 anos,386.0,4.0,390.0,1.0256410256410255
Goiás,Homens,Indígena,20 a 24 anos,388.0,4.0,392.0,1.0204081632653061
Goiás,Homens,Indígena,25 a 34 anos,789.0,19.0,808.0,2.3514851485148514
Goiás,Homens,Indígena,35 a 44 anos,747.0,37.0,784.0,4.719387755102041
Goiás,Homens,Indígena,45 a 54 anos,632.0,70.0,702.0,9.971509971509972
Goiás,Homens,Indígena,55 a 64 anos,427.0,81.0,508.0,15.94488188976378
Goiás,Homens,Indígena,65 anos ou mais,349.0,128.0,477.0,26.834381551362686
Goiás,Homens,Indígena,75 anos ou mais,104.0,51.0,155.0,32.903225806451616
Goiás,Homens,Indígena,80 anos ou mais,45.0,27.0,72.0,37.5
Goiás,Homens,Indígena,Total,3718.0,343.0,4061.0,8.446195518345236
Goiás,Homens,Parda,15 a 19 anos,146652.0,2026.0,148678.0,1.3626763878986803
Goiás,Homens,Parda,20 a 24 anos,155077.0,1990.0,157067.0,1.2669752398657899
Goiás,Homens,Parda,25 a 34 anos,306937.0,4904.0,311841.0,1.5725962910585842
Goiás,Homens,Parda,35 a 44 anos,300207.0,10363.0,310570.0,3.336767878417104
Goiás,Homens,Parda,45 a 54 anos,223617.0,17101.0,240718.0,7.104163377894465
Goiás,Homens,Parda,55 a 64 anos,145438.0,19688.0,165126.0,11.923016363261993
Goiás,Homens,Parda,65 anos ou mais,103500.0,32686.0,136186.0,24.000998634220842
Goiás,Homens,Parda,75 anos ou mais,30363.0,14941.0,45304.0,32.97942786508918
Goiás,Homens,Parda,80 anos ou mais,14289.0,8329.0,22618.0,36.82465293129366
Goiás,Homens,Parda,Total,1381428.0,88758.0,1470186.0,6.037195293656721
Goiás,Homens,Preta,15 a 19 anos,24197.0,394.0,24591.0,1.6022121914521574
Goiás,Homens,Preta,20 a 24 anos,31198.0,451.0,31649.0,1.425005529400613
Goiás,Homens,Preta,25 a 34 anos,64541.0,1373.0,65914.0,2.0830172649209575
Goiás,Homens,Preta,35 a 44 anos,64429.0,3277.0,67706.0,4.840043718429681
Goiás,Homens,Preta,45 a 54 anos,46157.0,5611.0,51768.0,10.838742080049451
Goiás,Homens,Preta,55 a 64 anos,27794.0,6535.0,34329.0,19.036383232835213
Goiás,Homens,Preta,65 anos ou mais,17915.0,10215.0,28130.0,36.31354425879844
Goiás,Homens,Preta,75 anos ou mais,5211.0,4629.0,9840.0,47.042682926829265
Goiás,Homens,Preta,80 anos ou mais,2558.0,2567.0,5125.0,50.08780487804878
Goiás,Homens,Preta,Total,276231.0,27856.0,304087.0,9.160536293889578
Goiás,Homens,Total,15 a 19 anos,255081.0,3379.0,258460.0,1.3073589723748356
Goiás,Homens,Total,20 a 24 anos,274970.0,3347.0,278317.0,1.2025855409479118
Goiás,Homens,Total,25 a 34 anos,549093.0,8356.0,557449.0,1.4989712063345706
Goiás,Homens,Total,35 a 44 anos,547119.0,17709.0,564828.0,3.1352907433767445
Goiás,Homens,Total,45 a 54 anos,421524.0,29923.0,451447.0,6.628242074927954
Goiás,Homens,Total,55 a 64 anos,294157.0,35438.0,329595.0,10.751983494895251
Goiás,Homens,Total,65 anos ou mais,234914.0,62450.0,297364.0,21.001197185940462
Goiás,Homens,Total,75 anos ou mais,74846.0,29777.0,104623.0,28.461237012893914
Goiás,Homens,Total,80 anos ou mais,36419.0,16930.0,53349.0,31.73442801177154
Goiás,Homens,Total,Total,2576858.0,160602.0,2737460.0,5.866825451330795
Goiás,Mulheres,Amarela,15 a 19 anos,563.0,3.0,566.0,0.5300353356890459
Goiás,Mulheres,Amarela,20 a 24 anos,764.0,2.0,766.0,0.26109660574412535
Goiás,Mulheres,Amarela,25 a 34 anos,1684.0,14.0,1698.0,0.8244994110718492
Goiás,Mulheres,Amarela,35 a 44 anos,1745.0,21.0,1766.0,1.189127972819932
Goiás,Mulheres,Amarela,45 a 54 anos,1265.0,39.0,1304.0,2.99079754601227
Goiás,Mulheres,Amarela,55 a 64 anos,858.0,54.0,912.0,5.921052631578947
Goiás,Mulheres,Amarela,65 anos ou mais,906.0,111.0,1017.0,10.914454277286136
Goiás,Mulheres,Amarela,75 anos ou mais,373.0,59.0,432.0,13.657407407407407
Goiás,Mulheres,Amarela,80 anos ou mais,196.0,24.0,220.0,10.909090909090908
Goiás,Mulheres,Amarela,Total,7785.0,244.0,8029.0,3.0389836841449744
Goiás,Mulheres,Branca,15 a 19 anos,85561.0,601.0,86162.0,0.697523270119078
Goiás,Mulheres,Branca,20 a 24 anos,92154.0,662.0,92816.0,0.7132390967074642
Goiás,Mulheres,Branca,25 a 34 anos,189865.0,1363.0,191228.0,0.7127617294538456
Goiás,Mulheres,Branca,35 a 44 anos,206182.0,2589.0,208771.0,1.2401147668977015
Goiás,Mulheres,Branca,45 a 54 anos,175107.0,5005.0,180112.0,2.7788265079506087
Goiás,Mulheres,Branca,55 a 64 anos,142149.0,8578.0,150727.0,5.691083880127648
Goiás,Mulheres,Branca,65 anos ou mais,141395.0,25627.0,167022.0,15.343487684257164
Goiás,Mulheres,Branca,75 anos ou mais,52374.0,14675.0,67049.0,21.886978180136914
Goiás,Mulheres,Branca,80 anos ou mais,28103.0,9268.0,37371.0,24.79997859302668
Goiás,Mulheres,Branca,Total,1032413.0,44425.0,1076838.0,4.1255044862829875
Goiás,Mulheres,Indígena,15 a 19 anos,377.0,3.0,380.0,0.7894736842105263
Goiás,Mulheres,Indígena,20 a 24 anos,430.0,5.0,435.0,1.1494252873563218
Goiás,Mulheres,Indígena,25 a 34 anos,833.0,9.0,842.0,1.0688836104513064
Goiás,Mulheres,Indígena,35 a 44 anos,882.0,35.0,917.0,3.816793893129771
Goiás,Mulheres,Indígena,45 a 54 anos,704.0,82.0,786.0,10.432569974554708
Goiás,Mulheres,Indígena,55 a 64 anos,577.0,101.0,678.0,14.896755162241886
Goiás,Mulheres,Indígena,65 anos ou mais,502.0,196.0,698.0,28.08022922636103
Goiás,Mulheres,Indígena,75 anos ou mais,146.0,110.0,256.0,42.96875
Goiás,Mulheres,Indígena,80 anos ou mais,59.0,65.0,124.0,52.41935483870967
Goiás,Mulheres,Indígena,Total,4305.0,431.0,4736.0,9.100506756756758
Goiás,Mulheres,Parda,15 a 19 anos,141384.0,1040.0,142424.0,0.7302140088749087
Goiás,Mulheres,Parda,20 a 24 anos,154880.0,1115.0,155995.0,0.7147664989262477
Goiás,Mulheres,Parda,25 a 34 anos,320660.0,2602.0,323262.0,0.8049198482964284
Goiás,Mulheres,Parda,35 a 44 anos,316435.0,6488.0,322923.0,2.0091476915549524
Goiás,Mulheres,Parda,45 a 54 anos,242902.0,12776.0,255678.0,4.996910176080852
Goiás,Mulheres,Parda,55 a 64 anos,165458.0,18886.0,184344.0,10.244976782536996
Goiás,Mulheres,Parda,65 anos ou mais,115702.0,38729.0,154431.0,25.078514028919063
Goiás,Mulheres,Parda,75 anos ou mais,33705.0,18906.0,52611.0,35.93545076124765
Goiás,Mulheres,Parda,80 anos ou mais,16278.0,10962.0,27240.0,40.24229074889868
Goiás,Mulheres,Parda,Total,1457421.0,81636.0,1539057.0,5.304286975726045
Goiás,Mulheres,Preta,15 a 19 anos,20623.0,184.0,20807.0,0.8843177776709762
Goiás,Mulheres,Preta,20 a 24 anos,25775.0,204.0,25979.0,0.7852496246968704
Goiás,Mulheres,Preta,25 a 34 anos,52964.0,477.0,53441.0,0.8925731180180011
Goiás,Mulheres,Preta,35 a 44 anos,53464.0,1507.0,54971.0,2.7414454894398865
Goiás,Mulheres,Preta,45 a 54 anos,40550.0,3380.0,43930.0,7.694058729797406
Goiás,Mulheres,Preta,55 a 64 anos,26223.0,5322.0,31545.0,16.871136471707086
Goiás,Mulheres,Preta,65 anos ou mais,18051.0,10281.0,28332.0,36.28759000423549
Goiás,Mulheres,Preta,75 anos ou mais,5331.0,4956.0,10287.0,48.177311169437154
Goiás,Mulheres,Preta,80 anos ou mais,2532.0,2960.0,5492.0,53.8965768390386
Goiás,Mulheres,Preta,Total,237650.0,21355.0,259005.0,8.245014575008204
Goiás,Mulheres,Total,15 a 19 anos,248510.0,1831.0,250341.0,0.7314023671711786
Goiás,Mulheres,Total,20 a 24 anos,274013.0,1988.0,276001.0,0.7202872453360676
Goiás,Mulheres,Total,25 a 34 anos,566029.0,4465.0,570494.0,0.7826550323053353
Goiás,Mulheres,Total,35 a 44 anos,578727.0,10640.0,589367.0,1.8053267319004966
Goiás,Mulheres,Total,45 a 54 anos,460538.0,21283.0,481821.0,4.417200578638125
Goiás,Mulheres,Total,55 a 64 anos,335270.0,32943.0,368213.0,8.946723771295419
Goiás,Mulheres,Total,65 anos ou mais,276562.0,74947.0,351509.0,21.32150243663747
Goiás,Mulheres,Total,75 anos ou mais,91931.0,38708.0,130639.0,29.629743032325724
Goiás,Mulheres,Total,80 anos ou mais,47169.0,23281.0,70450.0,33.04613200851668
Goiás,Mulheres,Total,Total,2739649.0,148097.0,2887746.0,5.128463514450371
Goiás,Total,Amarela,15 a 19 anos,1050.0,9.0,1059.0,0.84985835694051
Goiás,Total,Amarela,20 a 24 anos,1380.0,7.0,1387.0,0.5046863734679163
Goiás,Total,Amarela,25 a 34 anos,2955.0,32.0,2987.0,1.0713090056913293
Goiás,Total,Amarela,35 a 44 anos,2997.0,55.0,3052.0,1.802096985583224
Goiás,Total,Amarela,45 a 54 anos,2249.0,91.0,2340.0,3.888888888888889
Goiás,Total,Amarela,55 a 64 anos,1568.0,105.0,1673.0,6.2761506276150625
Goiás,Total,Amarela,65 anos ou mais,1816.0,194.0,2010.0,9.65174129353234
Goiás,Total,Amarela,75 anos ou mais,705.0,97.0,802.0,12.094763092269327
Goiás,Total,Amarela,80 anos ou mais,358.0,49.0,407.0,12.039312039312039
Goiás,Total,Amarela,Total,14015.0,493.0,14508.0,3.398125172318721
Goiás,Total,Branca,15 a 19 anos,168912.0,1550.0,170462.0,0.9092935668946746
Goiás,Total,Branca,20 a 24 anos,179839.0,1559.0,181398.0,0.8594361569587317
Goiás,Total,Branca,25 a 34 anos,365400.0,3405.0,368805.0,0.9232521251067638
Goiás,Total,Branca,35 a 44 anos,386638.0,6586.0,393224.0,1.6748723373954795
Goiás,Total,Branca,45 a 54 anos,325229.0,12094.0,337323.0,3.5852876916190124
Goiás,Total,Branca,55 a 64 anos,261928.0,17661.0,279589.0,6.316772119074784
Goiás,Total,Branca,65 anos ou mais,253625.0,44965.0,298590.0,15.05911115576543
Goiás,Total,Branca,75 anos ou mais,91209.0,24793.0,116002.0,21.372907363666144
Goiás,Total,Branca,80 anos ou mais,47467.0,15250.0,62717.0,24.31557631902036
Goiás,Total,Branca,Total,1941571.0,87820.0,2029391.0,4.327406596363145
Goiás,Total,Indígena,15 a 19 anos,763.0,7.0,770.0,0.9090909090909091
Goiás,Total,Indígena,20 a 24 anos,818.0,9.0,827.0,1.0882708585247884
Goiás,Total,Indígena,25 a 34 anos,1622.0,28.0,1650.0,1.6969696969696972
Goiás,Total,Indígena,35 a 44 anos,1629.0,72.0,1701.0,4.232804232804233
Goiás,Total,Indígena,45 a 54 anos,1336.0,152.0,1488.0,10.21505376344086
Goiás,Total,Indígena,55 a 64 anos,1004.0,182.0,1186.0,15.345699831365936
Goiás,Total,Indígena,65 anos ou mais,851.0,324.0,1175.0,27.574468085106385
Goiás,Total,Indígena,75 anos ou mais,250.0,161.0,411.0,39.17274939172749
Goiás,Total,Indígena,80 anos ou mais,104.0,92.0,196.0,46.93877551020408
Goiás,Total,Indígena,Total,8023.0,774.0,8797.0,8.79845401841537
Goiás,Total,Parda,15 a 19 anos,288036.0,3066.0,291102.0,1.0532390708411485
Goiás,Total,Parda,20 a 24 anos,309957.0,3105.0,313062.0,0.9918163175345459
Goiás,Total,Parda,25 a 34 anos,627597.0,7506.0,635103.0,1.1818555415420806
Goiás,Total,Parda,35 a 44 anos,616642.0,16851.0,633493.0,2.6600136070958955
Goiás,Total,Parda,45 a 54 anos,466519.0,29877.0,496396.0,6.018783390680022
Goiás,Total,Parda,55 a 64 anos,310896.0,38574.0,349470.0,11.037857326809169
Goiás,Total,Parda,65 anos ou mais,219202.0,71415.0,290617.0,24.573579659827196
Goiás,Total,Parda,75 anos ou mais,64068.0,33847.0,97915.0,34.56773732318848
Goiás,Total,Parda,80 anos ou mais,30567.0,19291.0,49858.0,38.691884953267284
Goiás,Total,Parda,Total,2838849.0,170394.0,3009243.0,5.662354286443468
Goiás,Total,Preta,15 a 19 anos,44820.0,578.0,45398.0,1.2731838406978282
Goiás,Total,Preta,20 a 24 anos,56973.0,655.0,57628.0,1.136600263760672
Goiás,Total,Preta,25 a 34 anos,117505.0,1850.0,119355.0,1.5499979054082358
Goiás,Total,Preta,35 a 44 anos,117893.0,4784.0,122677.0,3.8996714950642746
Goiás,Total,Preta,45 a 54 anos,86707.0,8991.0,95698.0,9.39518067253234
Goiás,Total,Preta,55 a 64 anos,54017.0,11857.0,65874.0,17.999514224124844
Goiás,Total,Preta,65 anos ou mais,35966.0,20496.0,56462.0,36.30052070419043
Goiás,Total,Preta,75 anos ou mais,10542.0,9585.0,20127.0,47.622596512147865
Goiás,Total,Preta,80 anos ou mais,5090.0,5527.0,10617.0,52.058020156353024
Goiás,Total,Preta,Total,513881.0,49211.0,563092.0,8.739424463497972
Goiás,Total,Total,15 a 19 anos,503591.0,5210.0,508801.0,1.0239759748899866
Goiás,Total,Total,20 a 24 anos,548983.0,5335.0,554318.0,0.9624439401210136
Goiás,Total,Total,25 a 34 anos,1115122.0,12821.0,1127943.0,1.1366709133351596
Goiás,Total,Total,35 a 44 anos,1125846.0,28349.0,1154195.0,2.4561707510429347
Goiás,Total,Total,45 a 54 anos,882062.0,51206.0,933268.0,5.486741214742175
Goiás,Total,Total,55 a 64 anos,629427.0,68381.0,697808.0,9.79940040813519
Goiás,Total,Total,65 anos ou mais,511476.0,137397.0,648873.0,21.17471369590043
Goiás,Total,Total,75 anos ou mais,166777.0,68485.0,235262.0,29.110098528449136
Goiás,Total,Total,80 anos ou mais,83588.0,40211.0,123799.0,32.48087625909741
Goiás,Total,Total,Total,5316507.0,308699.0,5625206.0,5.48778124747787
Maranhão,Homens,Amarela,15 a 19 anos,228.0,7.0,235.0,2.9787234042553195
Maranhão,Homens,Amarela,20 a 24 anos,242.0,9.0,251.0,3.5856573705179287
Maranhão,Homens,Amarela,25 a 34 anos,484.0,20.0,504.0,3.968253968253968
Maranhão,Homens,Amarela,35 a 44 anos,399.0,40.0,439.0,9.111617312072893
Maranhão,Homens,Amarela,45 a 54 anos,231.0,51.0,282.0,18.085106382978726
Maranhão,Homens,Amarela,55 a 64 anos,182.0,65.0,247.0,26.31578947368421
Maranhão,Homens,Amarela,65 anos ou mais,184.0,113.0,297.0,38.04713804713805
Maranhão,Homens,Amarela,75 anos ou mais,55.0,53.0,108.0,49.074074074074076
Maranhão,Homens,Amarela,80 anos ou mais,18.0,29.0,47.0,61.702127659574465
Maranhão,Homens,Amarela,Total,1950.0,305.0,2255.0,13.52549889135255
Maranhão,Homens,Branca,15 a 19 anos,54461.0,1809.0,56270.0,3.2148569397547537
Maranhão,Homens,Branca,20 a 24 anos,52852.0,1841.0,54693.0,3.3660614703892637
Maranhão,Homens,Branca,25 a 34 anos,91094.0,4390.0,95484.0,4.597628922123078
Maranhão,Homens,Branca,35 a 44 anos,85323.0,10108.0,95431.0,10.59194601334996
Maranhão,Homens,Branca,45 a 54 anos,57495.0,12242.0,69737.0,17.554526291638588
Maranhão,Homens,Branca,55 a 64 anos,40158.0,11701.0,51859.0,22.563103800690335
Maranhão,Homens,Branca,65 anos ou mais,37273.0,20726.0,57999.0,35.73509888101519
Maranhão,Homens,Branca,75 anos ou mais,13438.0,10179.0,23617.0,43.10030909937757
Maranhão,Homens,Branca,80 anos ou mais,7116.0,5929.0,13045.0,45.45036412418551
Maranhão,Homens,Branca,Total,418656.0,62817.0,481473.0,13.046837517368576
Maranhão,Homens,Indígena,15 a 19 anos,2734.0,311.0,3045.0,10.213464696223316
Maranhão,Homens,Indígena,20 a 24 anos,2294.0,289.0,2583.0,11.18854045683314
Maranhão,Homens,Indígena,25 a 34 anos,2917.0,627.0,3544.0,17.691873589164786
Maranhão,Homens,Indígena,35 a 44 anos,1918.0,760.0,2678.0,28.37938760268857
Maranhão,Homens,Indígena,45 a 54 anos,1056.0,607.0,1663.0,36.500300661455206
Maranhão,Homens,Indígena,55 a 64 anos,559.0,442.0,1001.0,44.15584415584416
Maranhão,Homens,Indígena,65 anos ou mais,430.0,782.0,1212.0,64.52145214521452
Maranhão,Homens,Indígena,75 anos ou mais,164.0,468.0,632.0,74.0506329113924
Maranhão,Homens,Indígena,80 anos ou mais,104.0,330.0,434.0,76.036866359447
Maranhão,Homens,Indígena,Total,11908.0,3818.0,15726.0,24.27826529314511
Maranhão,Homens,Parda,15 a 19 anos,208877.0,8451.0,217328.0,3.888592358094677
Maranhão,Homens,Parda,20 a 24 anos,183521.0,7827.0,191348.0,4.090452996634404
Maranhão,Homens,Parda,25 a 34 anos,310792.0,21487.0,332279.0,6.466553709382778
Maranhão,Homens,Parda,35 a 44 anos,280580.0,48852.0,329432.0,14.829160494426771
Maranhão,Homens,Parda,45 a 54 anos,169647.0,58092.0,227739.0,25.50814748462055
Maranhão,Homens,Parda,55 a 64 anos,106232.0,55359.0,161591.0,34.25871490367657
Maranhão,Homens,Parda,65 anos ou mais,82251.0,78973.0,161224.0,48.983401974892075
Maranhão,Homens,Parda,75 anos ou mais,25864.0,34276.0,60140.0,56.99368141004323
Maranhão,Homens,Parda,80 anos ou mais,12948.0,19096.0,32044.0,59.5930595431282
Maranhão,Homens,Parda,Total,1341900.0,279041.0,1620941.0,17.214753652353785
Maranhão,Homens,Preta,15 a 19 anos,32922.0,1624.0,34546.0,4.700978405604122
Maranhão,Homens,Preta,20 a 24 anos,34755.0,1669.0,36424.0,4.582143641555018
Maranhão,Homens,Preta,25 a 34 anos,67561.0,4923.0,72484.0,6.791843717234149
Maranhão,Homens,Preta,35 a 44 anos,65310.0,12141.0,77451.0,15.675717550451255
Maranhão,Homens,Preta,45 a 54 anos,42910.0,16275.0,59185.0,27.49852158486103
Maranhão,Homens,Preta,55 a 64 anos,27816.0,17117.0,44933.0,38.09449624997218
Maranhão,Homens,Preta,65 anos ou mais,20811.0,24840.0,45651.0,54.41282775842807
Maranhão,Homens,Preta,75 anos ou mais,6480.0,10651.0,17131.0,62.1738369038585
Maranhão,Homens,Preta,80 anos ou mais,3311.0,5970.0,9281.0,64.32496498222174
Maranhão,Homens,Preta,Total,292085.0,78589.0,370674.0,21.20164888824142
Maranhão,Homens,Total,15 a 19 anos,299230.0,12202.0,311432.0,3.9180302602173187
Maranhão,Homens,Total,20 a 24 anos,273671.0,11636.0,285307.0,4.078413778841739
Maranhão,Homens,Total,25 a 34 anos,472857.0,31448.0,504305.0,6.235908825016607
Maranhão,Homens,Total,35 a 44 anos,433540.0,71902.0,505442.0,14.22556890800527
Maranhão,Homens,Total,45 a 54 anos,271346.0,87271.0,358617.0,24.335433066474817
Maranhão,Homens,Total,55 a 64 anos,174955.0,84687.0,259642.0,32.61683394828264
Maranhão,Homens,Total,65 anos ou mais,140957.0,125435.0,266392.0,47.08662422294964
Maranhão,Homens,Total,75 anos ou mais,46006.0,55627.0,101633.0,54.73320673403323
Maranhão,Homens,Total,80 anos ou mais,23499.0,31354.0,54853.0,57.160045940969496
Maranhão,Homens,Total,Total,2066556.0,424581.0,2491137.0,17.043663194758057
Maranhão,Mulheres,Amarela,15 a 19 anos,336.0,4.0,340.0,1.1764705882352942
Maranhão,Mulheres,Amarela,20 a 24 anos,328.0,0.0,328.0,0.0
Maranhão,Mulheres,Amarela,25 a 34 anos,730.0,9.0,739.0,1.2178619756427604
Maranhão,Mulheres,Amarela,35 a 44 anos,677.0,46.0,723.0,6.36237897648686
Maranhão,Mulheres,Amarela,45 a 54 anos,369.0,60.0,429.0,13.986013986013987
Maranhão,Mulheres,Amarela,55 a 64 anos,203.0,90.0,293.0,30.716723549488055
Maranhão,Mulheres,Amarela,65 anos ou mais,226.0,120.0,346.0,34.68208092485549
Maranhão,Mulheres,Amarela,75 anos ou mais,59.0,46.0,105.0,43.80952380952381
Maranhão,Mulheres,Amarela,80 anos ou mais,27.0,24.0,51.0,47.05882352941176
Maranhão,Mulheres,Amarela,Total,2869.0,329.0,3198.0,10.28767979987492
Maranhão,Mulheres,Branca,15 a 19 anos,58057.0,933.0,58990.0,1.5816240040684861
Maranhão,Mulheres,Branca,20 a 24 anos,54889.0,924.0,55813.0,1.6555282819414832
Maranhão,Mulheres,Branca,25 a 34 anos,100225.0,2489.0,102714.0,2.4232334443211245
Maranhão,Mulheres,Branca,35 a 44 anos,100430.0,6454.0,106884.0,6.038321919089854
Maranhão,Mulheres,Branca,45 a 54 anos,71556.0,8786.0,80342.0,10.935749670160066
Maranhão,Mulheres,Branca,55 a 64 anos,50429.0,11126.0,61555.0,18.074892372674846
Maranhão,Mulheres,Branca,65 anos ou mais,50440.0,25403.0,75843.0,33.49419194915813
Maranhão,Mulheres,Branca,75 anos ou mais,20294.0,13538.0,33832.0,40.01537006384488
Maranhão,Mulheres,Branca,80 anos ou mais,11657.0,8458.0,20115.0,42.04822271936366
Maranhão,Mulheres,Branca,Total,486026.0,56115.0,542141.0,10.350628342073371
Maranhão,Mulheres,Indígena,15 a 19 anos,2627.0,340.0,2967.0,11.45938658577688
Maranhão,Mulheres,Indígena,20 a 24 anos,2181.0,351.0,2532.0,13.86255924170616
Maranhão,Mulheres,Indígena,25 a 34 anos,2761.0,809.0,3570.0,22.66106442577031
Maranhão,Mulheres,Indígena,35 a 44 anos,1731.0,1068.0,2799.0,38.156484458735264
Maranhão,Mulheres,Indígena,45 a 54 anos,936.0,783.0,1719.0,45.54973821989529
Maranhão,Mulheres,Indígena,55 a 64 anos,526.0,557.0,1083.0,51.43120960295475
Maranhão,Mulheres,Indígena,65 anos ou mais,463.0,1115.0,1578.0,70.65906210392903
Maranhão,Mulheres,Indígena,75 anos ou mais,165.0,746.0,911.0,81.88803512623491
Maranhão,Mulheres,Indígena,80 anos ou mais,91.0,452.0,543.0,83.24125230202579
Maranhão,Mulheres,Indígena,Total,11225.0,5023.0,16248.0,30.914574101427867
Maranhão,Mulheres,Parda,15 a 19 anos,206528.0,3183.0,209711.0,1.5178030718464934
Maranhão,Mulheres,Parda,20 a 24 anos,192849.0,3381.0,196230.0,1.7229781378994038
Maranhão,Mulheres,Parda,25 a 34 anos,352931.0,10541.0,363472.0,2.900085838799137
Maranhão,Mulheres,Parda,35 a 44 anos,323604.0,31403.0,355007.0,8.845741069894396
Maranhão,Mulheres,Parda,45 a 54 anos,201288.0,42182.0,243470.0,17.325337823961885
Maranhão,Mulheres,Parda,55 a 64 anos,131543.0,51836.0,183379.0,28.26714073039988
Maranhão,Mulheres,Parda,65 anos ou mais,96037.0,83759.0,179796.0,46.58557476250862
Maranhão,Mulheres,Parda,75 anos ou mais,30950.0,38528.0,69478.0,55.4535248567892
Maranhão,Mulheres,Parda,80 anos ou mais,16313.0,22713.0,39026.0,58.199661763952236
Maranhão,Mulheres,Parda,Total,1504780.0,226285.0,1731065.0,13.072010583080356
Maranhão,Mulheres,Preta,15 a 19 anos,28977.0,493.0,29470.0,1.67288768238887
Maranhão,Mulheres,Preta,20 a 24 anos,31587.0,645.0,32232.0,2.0011169024571855
Maranhão,Mulheres,Preta,25 a 34 anos,64308.0,1993.0,66301.0,3.0059878433206135
Maranhão,Mulheres,Preta,35 a 44 anos,63658.0,6472.0,70130.0,9.228575502637957
Maranhão,Mulheres,Preta,45 a 54 anos,44935.0,10210.0,55145.0,18.514824553449998
Maranhão,Mulheres,Preta,55 a 64 anos,30516.0,14938.0,45454.0,32.86399436793241
Maranhão,Mulheres,Preta,65 anos ou mais,23310.0,25217.0,48527.0,51.9648855276444
Maranhão,Mulheres,Preta,75 anos ou mais,7634.0,11442.0,19076.0,59.981128119102536
Maranhão,Mulheres,Preta,80 anos ou mais,4046.0,6897.0,10943.0,63.026592342136524
Maranhão,Mulheres,Preta,Total,287291.0,59968.0,347259.0,17.268954872299926
Maranhão,Mulheres,Total,15 a 19 anos,296529.0,4953.0,301482.0,1.6428841522876987
Maranhão,Mulheres,Total,20 a 24 anos,281841.0,5301.0,287142.0,1.8461249138057128
Maranhão,Mulheres,Total,25 a 34 anos,520967.0,15841.0,536808.0,2.9509619826828213
Maranhão,Mulheres,Total,35 a 44 anos,490115.0,45445.0,535560.0,8.485510493688848
Maranhão,Mulheres,Total,45 a 54 anos,319095.0,62022.0,381117.0,16.273742708931902
Maranhão,Mulheres,Total,55 a 64 anos,213223.0,78549.0,291772.0,26.921363256241175
Maranhão,Mulheres,Total,65 anos ou mais,170484.0,135617.0,306101.0,44.304657613010086
Maranhão,Mulheres,Total,75 anos ou mais,59104.0,64302.0,123406.0,52.10605643161597
Maranhão,Mulheres,Total,80 anos ou mais,32136.0,38545.0,70681.0,54.5337502299062
Maranhão,Mulheres,Total,Total,2292254.0,347728.0,2639982.0,13.171604957912592
Maranhão,Total,Amarela,15 a 19 anos,564.0,11.0,575.0,1.9130434782608694
Maranhão,Total,Amarela,20 a 24 anos,570.0,9.0,579.0,1.5544041450777202
Maranhão,Total,Amarela,25 a 34 anos,1214.0,29.0,1243.0,2.333065164923572
Maranhão,Total,Amarela,35 a 44 anos,1076.0,86.0,1162.0,7.401032702237521
Maranhão,Total,Amarela,45 a 54 anos,600.0,111.0,711.0,15.611814345991561
Maranhão,Total,Amarela,55 a 64 anos,385.0,155.0,540.0,28.703703703703702
Maranhão,Total,Amarela,65 anos ou mais,410.0,233.0,643.0,36.236391912908246
Maranhão,Total,Amarela,75 anos ou mais,114.0,99.0,213.0,46.478873239436616
Maranhão,Total,Amarela,80 anos ou mais,45.0,53.0,98.0,54.08163265306123
Maranhão,Total,Amarela,Total,4819.0,634.0,5453.0,11.626627544470933
Maranhão,Total,Branca,15 a 19 anos,112518.0,2742.0,115260.0,2.378969286829776
Maranhão,Total,Branca,20 a 24 anos,107741.0,2765.0,110506.0,2.502126581362098
Maranhão,Total,Branca,25 a 34 anos,191319.0,6879.0,198198.0,3.4707716525898347
Maranhão,Total,Branca,35 a 44 anos,185753.0,16562.0,202315.0,8.186244223117416
Maranhão,Total,Branca,45 a 54 anos,129051.0,21028.0,150079.0,14.011287388641982
Maranhão,Total,Branca,55 a 64 anos,90587.0,22827.0,113414.0,20.12714479693865
Maranhão,Total,Branca,65 anos ou mais,87713.0,46129.0,133842.0,34.465265013971695
Maranhão,Total,Branca,75 anos ou mais,33732.0,23717.0,57449.0,41.28357325627948
Maranhão,Total,Branca,80 anos ou mais,18773.0,14387.0,33160.0,43.386610373944514
Maranhão,Total,Branca,Total,904682.0,118932.0,1023614.0,11.618832880363106
Maranhão,Total,Indígena,15 a 19 anos,5361.0,651.0,6012.0,10.828343313373253
Maranhão,Total,Indígena,20 a 24 anos,4475.0,640.0,5115.0,12.512218963831867
Maranhão,Total,Indígena,25 a 34 anos,5678.0,1436.0,7114.0,20.185549620466688
Maranhão,Total,Indígena,35 a 44 anos,3649.0,1828.0,5477.0,33.37593573123973
Maranhão,Total,Indígena,45 a 54 anos,1992.0,1390.0,3382.0,41.099940863394444
Maranhão,Total,Indígena,55 a 64 anos,1085.0,999.0,2084.0,47.93666026871401
Maranhão,Total,Indígena,65 anos ou mais,893.0,1897.0,2790.0,67.99283154121864
Maranhão,Total,Indígena,75 anos ou mais,329.0,1214.0,1543.0,78.67790019442644
Maranhão,Total,Indígena,80 anos ou mais,195.0,782.0,977.0,80.04094165813716
Maranhão,Total,Indígena,Total,23133.0,8841.0,31974.0,27.650591105273037
Maranhão,Total,Parda,15 a 19 anos,415405.0,11634.0,427039.0,2.724341336505565
Maranhão,Total,Parda,20 a 24 anos,376370.0,11208.0,387578.0,2.8918050044120154
Maranhão,Total,Parda,25 a 34 anos,663723.0,32028.0,695751.0,4.603371033602539
Maranhão,Total,Parda,35 a 44 anos,604184.0,80255.0,684439.0,11.725661454125204
Maranhão,Total,Parda,45 a 54 anos,370935.0,100274.0,471209.0,21.28015381709602
Maranhão,Total,Parda,55 a 64 anos,237775.0,107195.0,344970.0,31.07371655506276
Maranhão,Total,Parda,65 anos ou mais,178288.0,162732.0,341020.0,47.71919535511114
Maranhão,Total,Parda,75 anos ou mais,56814.0,72804.0,129618.0,56.16812479748183
Maranhão,Total,Parda,80 anos ou mais,29261.0,41809.0,71070.0,58.827916139017866
Maranhão,Total,Parda,Total,2846680.0,505326.0,3352006.0,15.075331010744014
Maranhão,Total,Preta,15 a 19 anos,61899.0,2117.0,64016.0,3.3069857535616096
Maranhão,Total,Preta,20 a 24 anos,66342.0,2314.0,68656.0,3.370426474015381
Maranhão,Total,Preta,25 a 34 anos,131869.0,6916.0,138785.0,4.9832474691068915
Maranhão,Total,Preta,35 a 44 anos,128968.0,18613.0,147581.0,12.612057107622254
Maranhão,Total,Preta,45 a 54 anos,87845.0,26485.0,114330.0,23.165398408116854
Maranhão,Total,Preta,55 a 64 anos,58332.0,32055.0,90387.0,35.46417073251684
Maranhão,Total,Preta,65 anos ou mais,44121.0,50057.0,94178.0,53.151479114018144
Maranhão,Total,Preta,75 anos ou mais,14114.0,22093.0,36207.0,61.01858756594029
Maranhão,Total,Preta,80 anos ou mais,7357.0,12867.0,20224.0,63.62242879746836
Maranhão,Total,Preta,Total,579376.0,138557.0,717933.0,19.299433234020444
Maranhão,Total,Total,15 a 19 anos,595759.0,17155.0,612914.0,2.798924482064368
Maranhão,Total,Total,20 a 24 anos,555512.0,16937.0,572449.0,2.9586915166241883
Maranhão,Total,Total,25 a 34 anos,993824.0,47289.0,1041113.0,4.542158247951952
Maranhão,Total,Total,35 a 44 anos,923655.0,117347.0,1041002.0,11.272504759837156
Maranhão,Total,Total,45 a 54 anos,590441.0,149293.0,739734.0,20.181984334909576
Maranhão,Total,Total,55 a 64 anos,388178.0,163236.0,551414.0,29.603165679507594
Maranhão,Total,Total,65 anos ou mais,311441.0,261052.0,572493.0,45.599160164403756
Maranhão,Total,Total,75 anos ou mais,105110.0,119929.0,225039.0,53.29254040410773
Maranhão,Total,Total,80 anos ou mais,55635.0,69899.0,125534.0,55.68132936096993
Maranhão,Total,Total,Total,4358810.0,772309.0,5131119.0,15.051473177683075
Mato Grosso,Homens,Amarela,15 a 19 anos,322.0,4.0,326.0,1.2269938650306749
Mato Grosso,Homens,Amarela,20 a 24 anos,323.0,3.0,326.0,0.9202453987730062
Mato Grosso,Homens,Amarela,25 a 34 anos,741.0,3.0,744.0,0.4032258064516129
Mato Grosso,Homens,Amarela,35 a 44 anos,901.0,14.0,915.0,1.530054644808743
Mato Grosso,Homens,Amarela,45 a 54 anos,709.0,11.0,720.0,1.5277777777777777
Mato Grosso,Homens,Amarela,55 a 64 anos,573.0,20.0,593.0,3.372681281618887
Mato Grosso,Homens,Amarela,65 anos ou mais,728.0,36.0,764.0,4.712041884816754
Mato Grosso,Homens,Amarela,75 anos ou mais,277.0,16.0,293.0,5.460750853242321
Mato Grosso,Homens,Amarela,80 anos ou mais,149.0,10.0,159.0,6.289308176100629
Mato Grosso,Homens,Amarela,Total,4297.0,91.0,4388.0,2.0738377392889698
Mato Grosso,Homens,Branca,15 a 19 anos,39031.0,474.0,39505.0,1.1998481204910771
Mato Grosso,Homens,Branca,20 a 24 anos,41417.0,480.0,41897.0,1.1456667541828771
Mato Grosso,Homens,Branca,25 a 34 anos,89218.0,1045.0,90263.0,1.1577279727019931
Mato Grosso,Homens,Branca,35 a 44 anos,88745.0,1761.0,90506.0,1.9457273550924798
Mato Grosso,Homens,Branca,45 a 54 anos,70380.0,2998.0,73378.0,4.085693259560086
Mato Grosso,Homens,Branca,55 a 64 anos,56780.0,4038.0,60818.0,6.639481732381861
Mato Grosso,Homens,Branca,65 anos ou mais,46121.0,7775.0,53896.0,14.425931423482263
Mato Grosso,Homens,Branca,75 anos ou mais,14401.0,3779.0,18180.0,20.786578657865785
Mato Grosso,Homens,Branca,80 anos ou mais,6832.0,2217.0,9049.0,24.49994474527572
Mato Grosso,Homens,Branca,Total,431692.0,18571.0,450263.0,4.124478360424908
Mato Grosso,Homens,Indígena,15 a 19 anos,3181.0,167.0,3348.0,4.9880525686977295
Mato Grosso,Homens,Indígena,20 a 24 anos,2651.0,97.0,2748.0,3.529839883551674
Mato Grosso,Homens,Indígena,25 a 34 anos,3711.0,151.0,3862.0,3.9098912480580013
Mato Grosso,Homens,Indígena,35 a 44 anos,2560.0,233.0,2793.0,8.342284282133907
Mato Grosso,Homens,Indígena,45 a 54 anos,1480.0,299.0,1779.0,16.807195053400786
Mato Grosso,Homens,Indígena,55 a 64 anos,699.0,270.0,969.0,27.86377708978328
Mato Grosso,Homens,Indígena,65 anos ou mais,464.0,555.0,1019.0,54.46516192345436
Mato Grosso,Homens,Indígena,75 anos ou mais,176.0,323.0,499.0,64.72945891783567
Mato Grosso,Homens,Indígena,80 anos ou mais,105.0,225.0,330.0,68.18181818181817
Mato Grosso,Homens,Indígena,Total,14746.0,1772.0,16518.0,10.727691003753481
Mato Grosso,Homens,Parda,15 a 19 anos,79929.0,1295.0,81224.0,1.5943563478774747
Mato Grosso,Homens,Parda,20 a 24 anos,83739.0,1176.0,84915.0,1.3849143260907966
Mato Grosso,Homens,Parda,25 a 34 anos,166995.0,3008.0,170003.0,1.7693805403434057
Mato Grosso,Homens,Parda,35 a 44 anos,159487.0,5921.0,165408.0,3.5796333913716385
Mato Grosso,Homens,Parda,45 a 54 anos,115370.0,9165.0,124535.0,7.359376882001044
Mato Grosso,Homens,Parda,55 a 64 anos,73292.0,11697.0,84989.0,13.762957559213545
Mato Grosso,Homens,Parda,65 anos ou mais,48644.0,17999.0,66643.0,27.008087871194274
Mato Grosso,Homens,Parda,75 anos ou mais,13917.0,7851.0,21768.0,36.06670341786108
Mato Grosso,Homens,Parda,80 anos ou mais,6445.0,4312.0,10757.0,40.08552570419262
Mato Grosso,Homens,Parda,Total,727456.0,50261.0,777717.0,6.462633580081187
Mato Grosso,Homens,Preta,15 a 19 anos,13146.0,238.0,13384.0,1.778242677824268
Mato Grosso,Homens,Preta,20 a 24 anos,16610.0,283.0,16893.0,1.6752501035932041
Mato Grosso,Homens,Preta,25 a 34 anos,36597.0,790.0,37387.0,2.1130339422794018
Mato Grosso,Homens,Preta,35 a 44 anos,35745.0,1822.0,37567.0,4.85000133095536
Mato Grosso,Homens,Preta,45 a 54 anos,26050.0,3014.0,29064.0,10.370217451142306
Mato Grosso,Homens,Preta,55 a 64 anos,15574.0,3948.0,19522.0,20.223337772769185
Mato Grosso,Homens,Preta,65 anos ou mais,9740.0,5794.0,15534.0,37.29882837646453
Mato Grosso,Homens,Preta,75 anos ou mais,2787.0,2524.0,5311.0,47.52400677838449
Mato Grosso,Homens,Preta,80 anos ou mais,1340.0,1394.0,2734.0,50.98756400877835
Mato Grosso,Homens,Preta,Total,153462.0,15889.0,169351.0,9.382288855690254
Mato Grosso,Homens,Total,15 a 19 anos,135612.0,2178.0,137790.0,1.580666231221424
Mato Grosso,Homens,Total,20 a 24 anos,144742.0,2039.0,146781.0,1.389144371546726
Mato Grosso,Homens,Total,25 a 34 anos,297281.0,4997.0,302278.0,1.6531140208682076
Mato Grosso,Homens,Total,35 a 44 anos,287445.0,9751.0,297196.0,3.280999744276505
Mato Grosso,Homens,Total,45 a 54 anos,213993.0,15488.0,229481.0,6.749142630544577
Mato Grosso,Homens,Total,55 a 64 anos,146919.0,19973.0,166892.0,11.967619778060062
Mato Grosso,Homens,Total,65 anos ou mais,105697.0,32161.0,137858.0,23.32907774666686
Mato Grosso,Homens,Total,75 anos ou mais,31558.0,14494.0,46052.0,31.473117345609314
Mato Grosso,Homens,Total,80 anos ou mais,14871.0,8158.0,23029.0,35.42489904034044
Mato Grosso,Homens,Total,Total,1331689.0,86587.0,1418276.0,6.105088149274189
Mato Grosso,Mulheres,Amarela,15 a 19 anos,327.0,6.0,333.0,1.8018018018018018
Mato Grosso,Mulheres,Amarela,20 a 24 anos,413.0,3.0,416.0,0.7211538461538461
Mato Grosso,Mulheres,Amarela,25 a 34 anos,859.0,6.0,865.0,0.6936416184971098
Mato Grosso,Mulheres,Amarela,35 a 44 anos,1010.0,10.0,1020.0,0.9803921568627451
Mato Grosso,Mulheres,Amarela,45 a 54 anos,788.0,18.0,806.0,2.2332506203473943
Mato Grosso,Mulheres,Amarela,55 a 64 anos,597.0,16.0,613.0,2.6101141924959217
Mato Grosso,Mulheres,Amarela,65 anos ou mais,727.0,67.0,794.0,8.438287153652393
Mato Grosso,Mulheres,Amarela,75 anos ou mais,293.0,28.0,321.0,8.722741433021806
Mato Grosso,Mulheres,Amarela,80 anos ou mais,168.0,18.0,186.0,9.67741935483871
Mato Grosso,Mulheres,Amarela,Total,4721.0,126.0,4847.0,2.5995461109964926
Mato Grosso,Mulheres,Branca,15 a 19 anos,39802.0,298.0,40100.0,0.743142144638404
Mato Grosso,Mulheres,Branca,20 a 24 anos,41802.0,299.0,42101.0,0.710196907436878
Mato Grosso,Mulheres,Branca,25 a 34 anos,91631.0,633.0,92264.0,0.6860747420445678
Mato Grosso,Mulheres,Branca,35 a 44 anos,93019.0,1181.0,94200.0,1.2537154989384287
Mato Grosso,Mulheres,Branca,45 a 54 anos,73777.0,2311.0,76088.0,3.0372726316896226
Mato Grosso,Mulheres,Branca,55 a 64 anos,57420.0,3867.0,61287.0,6.309657839346028
Mato Grosso,Mulheres,Branca,65 anos ou mais,49363.0,9643.0,59006.0,16.34240585703149
Mato Grosso,Mulheres,Branca,75 anos ou mais,16846.0,5175.0,22021.0,23.50029517278961
Mato Grosso,Mulheres,Branca,80 anos ou mais,8481.0,3207.0,11688.0,27.43839835728953
Mato Grosso,Mulheres,Branca,Total,446814.0,18232.0,465046.0,3.9204723833771284
Mato Grosso,Mulheres,Indígena,15 a 19 anos,3007.0,261.0,3268.0,7.986536107711138
Mato Grosso,Mulheres,Indígena,20 a 24 anos,2403.0,244.0,2647.0,9.21798262183604
Mato Grosso,Mulheres,Indígena,25 a 34 anos,3341.0,561.0,3902.0,14.377242439774474
Mato Grosso,Mulheres,Indígena,35 a 44 anos,2127.0,716.0,2843.0,25.184664087231795
Mato Grosso,Mulheres,Indígena,45 a 54 anos,1069.0,577.0,1646.0,35.0546780072904
Mato Grosso,Mulheres,Indígena,55 a 64 anos,568.0,399.0,967.0,41.26163391933816
Mato Grosso,Mulheres,Indígena,65 anos ou mais,425.0,796.0,1221.0,65.19246519246519
Mato Grosso,Mulheres,Indígena,75 anos ou mais,168.0,473.0,641.0,73.79095163806552
Mato Grosso,Mulheres,Indígena,80 anos ou mais,82.0,345.0,427.0,80.79625292740047
Mato Grosso,Mulheres,Indígena,Total,12940.0,3554.0,16494.0,21.547229295501396
Mato Grosso,Mulheres,Parda,15 a 19 anos,77602.0,568.0,78170.0,0.7266214660355634
Mato Grosso,Mulheres,Parda,20 a 24 anos,83095.0,655.0,83750.0,0.7820895522388059
Mato Grosso,Mulheres,Parda,25 a 34 anos,172458.0,1581.0,174039.0,0.9084170789305845
Mato Grosso,Mulheres,Parda,35 a 44 anos,163396.0,3709.0,167105.0,2.2195625504922054
Mato Grosso,Mulheres,Parda,45 a 54 anos,118732.0,7170.0,125902.0,5.694905561468444
Mato Grosso,Mulheres,Parda,55 a 64 anos,75253.0,11289.0,86542.0,13.044533290194357
Mato Grosso,Mulheres,Parda,65 anos ou mais,49218.0,19694.0,68912.0,28.578476898072903
Mato Grosso,Mulheres,Parda,75 anos ou mais,14105.0,9096.0,23201.0,39.2052066721262
Mato Grosso,Mulheres,Parda,80 anos ou mais,6731.0,5284.0,12015.0,43.97836038285477
Mato Grosso,Mulheres,Parda,Total,739754.0,44666.0,784420.0,5.694143443563397
Mato Grosso,Mulheres,Preta,15 a 19 anos,11057.0,81.0,11138.0,0.7272400790087987
Mato Grosso,Mulheres,Preta,20 a 24 anos,13734.0,110.0,13844.0,0.7945680439179428
Mato Grosso,Mulheres,Preta,25 a 34 anos,29746.0,284.0,30030.0,0.9457209457209457
Mato Grosso,Mulheres,Preta,35 a 44 anos,29385.0,857.0,30242.0,2.833807287877786
Mato Grosso,Mulheres,Preta,45 a 54 anos,21905.0,1726.0,23631.0,7.303965130548855
Mato Grosso,Mulheres,Preta,55 a 64 anos,13750.0,2965.0,16715.0,17.738558181274307
Mato Grosso,Mulheres,Preta,65 anos ou mais,8946.0,5301.0,14247.0,37.20783322804801
Mato Grosso,Mulheres,Preta,75 anos ou mais,2632.0,2415.0,5047.0,47.8502080443828
Mato Grosso,Mulheres,Preta,80 anos ou mais,1242.0,1365.0,2607.0,52.3590333716916
Mato Grosso,Mulheres,Preta,Total,128523.0,11324.0,139847.0,8.097420752679714
Mato Grosso,Mulheres,Total,15 a 19 anos,131796.0,1214.0,133010.0,0.9127133298248251
Mato Grosso,Mulheres,Total,20 a 24 anos,141453.0,1311.0,142764.0,0.9182987307724636
Mato Grosso,Mulheres,Total,25 a 34 anos,298046.0,3065.0,301111.0,1.017897054574559
Mato Grosso,Mulheres,Total,35 a 44 anos,288941.0,6474.0,295415.0,2.1914933229524567
Mato Grosso,Mulheres,Total,45 a 54 anos,216278.0,11802.0,228080.0,5.1745001753770605
Mato Grosso,Mulheres,Total,55 a 64 anos,147588.0,18537.0,166125.0,11.158465011286681
Mato Grosso,Mulheres,Total,65 anos ou mais,108680.0,35502.0,144182.0,24.623045872577716
Mato Grosso,Mulheres,Total,75 anos ou mais,34044.0,17188.0,51232.0,33.549344159900066
Mato Grosso,Mulheres,Total,80 anos ou mais,16704.0,10220.0,26924.0,37.95869855890655
Mato Grosso,Mulheres,Total,Total,1332782.0,77905.0,1410687.0,5.522486561512228
Mato Grosso,Total,Amarela,15 a 19 anos,649.0,10.0,659.0,1.5174506828528074
Mato Grosso,Total,Amarela,20 a 24 anos,736.0,6.0,742.0,0.8086253369272237
Mato Grosso,Total,Amarela,25 a 34 anos,1600.0,9.0,1609.0,0.5593536357986327
Mato Grosso,Total,Amarela,35 a 44 anos,1911.0,24.0,1935.0,1.2403100775193798
Mato Grosso,Total,Amarela,45 a 54 anos,1497.0,29.0,1526.0,1.9003931847968545
Mato Grosso,Total,Amarela,55 a 64 anos,1170.0,36.0,1206.0,2.9850746268656714
Mato Grosso,Total,Amarela,65 anos ou mais,1455.0,103.0,1558.0,6.611039794608472
Mato Grosso,Total,Amarela,75 anos ou mais,570.0,44.0,614.0,7.166123778501629
Mato Grosso,Total,Amarela,80 anos ou mais,317.0,28.0,345.0,8.115942028985506
Mato Grosso,Total,Amarela,Total,9018.0,217.0,9235.0,2.349756361667569
Mato Grosso,Total,Branca,15 a 19 anos,78833.0,772.0,79605.0,0.9697883298787765
Mato Grosso,Total,Branca,20 a 24 anos,83219.0,779.0,83998.0,0.9274030334055572
Mato Grosso,Total,Branca,25 a 34 anos,180849.0,1678.0,182527.0,0.9193160463931365
Mato Grosso,Total,Branca,35 a 44 anos,181764.0,2942.0,184706.0,1.5928015332474312
Mato Grosso,Total,Branca,45 a 54 anos,144157.0,5309.0,149466.0,3.551978376353151
Mato Grosso,Total,Branca,55 a 64 anos,114200.0,7905.0,122105.0,6.473936366242168
Mato Grosso,Total,Branca,65 anos ou mais,95484.0,17418.0,112902.0,15.427538927565498
Mato Grosso,Total,Branca,75 anos ou mais,31247.0,8954.0,40201.0,22.273077784134724
Mato Grosso,Total,Branca,80 anos ou mais,15313.0,5424.0,20737.0,26.15614601919275
Mato Grosso,Total,Branca,Total,878506.0,36803.0,915309.0,4.02082793898017
Mato Grosso,Total,Indígena,15 a 19 anos,6188.0,428.0,6616.0,6.469165659008465
Mato Grosso,Total,Indígena,20 a 24 anos,5054.0,341.0,5395.0,6.320667284522706
Mato Grosso,Total,Indígena,25 a 34 anos,7052.0,712.0,7764.0,9.170530654301906
Mato Grosso,Total,Indígena,35 a 44 anos,4687.0,949.0,5636.0,16.83818310858765
Mato Grosso,Total,Indígena,45 a 54 anos,2549.0,876.0,3425.0,25.576642335766426
Mato Grosso,Total,Indígena,55 a 64 anos,1267.0,669.0,1936.0,34.55578512396694
Mato Grosso,Total,Indígena,65 anos ou mais,889.0,1351.0,2240.0,60.3125
Mato Grosso,Total,Indígena,75 anos ou mais,344.0,796.0,1140.0,69.82456140350877
Mato Grosso,Total,Indígena,80 anos ou mais,187.0,570.0,757.0,75.29722589167768
Mato Grosso,Total,Indígena,Total,27686.0,5326.0,33012.0,16.13352720222949
Mato Grosso,Total,Parda,15 a 19 anos,157531.0,1863.0,159394.0,1.1688018369574764
Mato Grosso,Total,Parda,20 a 24 anos,166834.0,1831.0,168665.0,1.085583849642783
Mato Grosso,Total,Parda,25 a 34 anos,339453.0,4589.0,344042.0,1.333848774277559
Mato Grosso,Total,Parda,35 a 44 anos,322883.0,9630.0,332513.0,2.8961273694562317
Mato Grosso,Total,Parda,45 a 54 anos,234102.0,16335.0,250437.0,6.5225984978258005
Mato Grosso,Total,Parda,55 a 64 anos,148545.0,22986.0,171531.0,13.400493205309827
Mato Grosso,Total,Parda,65 anos ou mais,97862.0,37693.0,135555.0,27.806425436169818
Mato Grosso,Total,Parda,75 anos ou mais,28022.0,16947.0,44969.0,37.685961440103185
Mato Grosso,Total,Parda,80 anos ou mais,13176.0,9596.0,22772.0,42.139469523976814
Mato Grosso,Total,Parda,Total,1467210.0,94927.0,1562137.0,6.076739748178297
Mato Grosso,Total,Preta,15 a 19 anos,24203.0,319.0,24522.0,1.30087268575157
Mato Grosso,Total,Preta,20 a 24 anos,30344.0,393.0,30737.0,1.278589322315125
Mato Grosso,Total,Preta,25 a 34 anos,66343.0,1074.0,67417.0,1.5930699971817195
Mato Grosso,Total,Preta,35 a 44 anos,65130.0,2679.0,67809.0,3.9508029907534397
Mato Grosso,Total,Preta,45 a 54 anos,47955.0,4740.0,52695.0,8.995160831198406
Mato Grosso,Total,Preta,55 a 64 anos,29324.0,6913.0,36237.0,19.077186301294258
Mato Grosso,Total,Preta,65 anos ou mais,18686.0,11095.0,29781.0,37.25529700144387
Mato Grosso,Total,Preta,75 anos ou mais,5419.0,4939.0,10358.0,47.682950376520566
Mato Grosso,Total,Preta,80 anos ou mais,2582.0,2759.0,5341.0,51.65699307245835
Mato Grosso,Total,Preta,Total,281985.0,27213.0,309198.0,8.801156540469215
Mato Grosso,Total,Total,15 a 19 anos,267408.0,3392.0,270800.0,1.2525849335302808
Mato Grosso,Total,Total,20 a 24 anos,286195.0,3350.0,289545.0,1.1569876875787874
Mato Grosso,Total,Total,25 a 34 anos,595327.0,8062.0,603389.0,1.3361198165694104
Mato Grosso,Total,Total,35 a 44 anos,576386.0,16225.0,592611.0,2.7378837044874293
Mato Grosso,Total,Total,45 a 54 anos,430271.0,27290.0,457561.0,5.964232091458844
Mato Grosso,Total,Total,55 a 64 anos,294507.0,38510.0,333017.0,11.563974211526737
Mato Grosso,Total,Total,65 anos ou mais,214377.0,67663.0,282040.0,23.990568713657638
Mato Grosso,Total,Total,75 anos ou mais,65602.0,31682.0,97284.0,32.56650631141812
Mato Grosso,Total,Total,80 anos ou mais,31575.0,18378.0,49953.0,36.790583148159264
Mato Grosso,Total,Total,Total,2664471.0,164492.0,2828963.0,5.814568801359368
Mato Grosso do Sul,Homens,Amarela,15 a 19 anos,537.0,2.0,539.0,0.3710575139146568
Mato Grosso do Sul,Homens,Amarela,20 a 24 anos,618.0,5.0,623.0,0.8025682182985553
Mato Grosso do Sul,Homens,Amarela,25 a 34 anos,1154.0,11.0,1165.0,0.944206008583691
Mato Grosso do Sul,Homens,Amarela,35 a 44 anos,1419.0,11.0,1430.0,0.7692307692307693
Mato Grosso do Sul,Homens,Amarela,45 a 54 anos,1326.0,24.0,1350.0,1.7777777777777777
Mato Grosso do Sul,Homens,Amarela,55 a 64 anos,1234.0,21.0,1255.0,1.6733067729083666
Mato Grosso do Sul,Homens,Amarela,65 anos ou mais,1878.0,74.0,1952.0,3.790983606557377
Mato Grosso do Sul,Homens,Amarela,75 anos ou mais,833.0,44.0,877.0,5.017103762827822
Mato Grosso do Sul,Homens,Amarela,80 anos ou mais,452.0,34.0,486.0,6.995884773662551
Mato Grosso do Sul,Homens,Amarela,Total,8166.0,148.0,8314.0,1.7801299013711813
Mato Grosso do Sul,Homens,Branca,15 a 19 anos,38503.0,418.0,38921.0,1.0739703501965518
Mato Grosso do Sul,Homens,Branca,20 a 24 anos,38864.0,409.0,39273.0,1.0414279530466224
Mato Grosso do Sul,Homens,Branca,25 a 34 anos,81931.0,965.0,82896.0,1.1641092453194364
Mato Grosso do Sul,Homens,Branca,35 a 44 anos,82618.0,1535.0,84153.0,1.8240585600038026
Mato Grosso do Sul,Homens,Branca,45 a 54 anos,65775.0,2470.0,68245.0,3.619312770166313
Mato Grosso do Sul,Homens,Branca,55 a 64 anos,54186.0,3620.0,57806.0,6.262325710133896
Mato Grosso do Sul,Homens,Branca,65 anos ou mais,51363.0,7070.0,58433.0,12.099327434839902
Mato Grosso do Sul,Homens,Branca,75 anos ou mais,17554.0,3593.0,21147.0,16.99058968175155
Mato Grosso do Sul,Homens,Branca,80 anos ou mais,8853.0,2167.0,11020.0,19.664246823956443
Mato Grosso do Sul,Homens,Branca,Total,413240.0,16487.0,429727.0,3.8366218552709044
Mato Grosso do Sul,Homens,Indígena,15 a 19 anos,5459.0,139.0,5598.0,2.48302965344766
Mato Grosso do Sul,Homens,Indígena,20 a 24 anos,4770.0,191.0,4961.0,3.8500302358395486
Mato Grosso do Sul,Homens,Indígena,25 a 34 anos,6915.0,401.0,7316.0,5.481137233460907
Mato Grosso do Sul,Homens,Indígena,35 a 44 anos,4733.0,558.0,5291.0,10.546210546210547
Mato Grosso do Sul,Homens,Indígena,45 a 54 anos,3091.0,672.0,3763.0,17.8580919479139
Mato Grosso do Sul,Homens,Indígena,55 a 64 anos,1586.0,689.0,2275.0,30.28571428571429
Mato Grosso do Sul,Homens,Indígena,65 anos ou mais,1266.0,995.0,2261.0,44.007076514816454
Mato Grosso do Sul,Homens,Indígena,75 anos ou mais,381.0,561.0,942.0,59.554140127388536
Mato Grosso do Sul,Homens,Indígena,80 anos ou mais,207.0,384.0,591.0,64.9746192893401
Mato Grosso do Sul,Homens,Indígena,Total,27820.0,3645.0,31465.0,11.584300015890673
Mato Grosso do Sul,Homens,Parda,15 a 19 anos,49187.0,625.0,49812.0,1.2547177386975026
Mato Grosso do Sul,Homens,Parda,20 a 24 anos,50242.0,681.0,50923.0,1.3373131983583058
Mato Grosso do Sul,Homens,Parda,25 a 34 anos,100901.0,1634.0,102535.0,1.593602184619886
Mato Grosso do Sul,Homens,Parda,35 a 44 anos,97398.0,3132.0,100530.0,3.115487914055506
Mato Grosso do Sul,Homens,Parda,45 a 54 anos,75240.0,5200.0,80440.0,6.4644455494778725
Mato Grosso do Sul,Homens,Parda,55 a 64 anos,52880.0,6562.0,59442.0,11.039332458531005
Mato Grosso do Sul,Homens,Parda,65 anos ou mais,39677.0,10712.0,50389.0,21.258608029530254
Mato Grosso do Sul,Homens,Parda,75 anos ou mais,12117.0,4997.0,17114.0,29.198317167231508
Mato Grosso do Sul,Homens,Parda,80 anos ou mais,5768.0,2832.0,8600.0,32.93023255813953
Mato Grosso do Sul,Homens,Parda,Total,465525.0,28546.0,494071.0,5.777712110202785
Mato Grosso do Sul,Homens,Preta,15 a 19 anos,6012.0,72.0,6084.0,1.183431952662722
Mato Grosso do Sul,Homens,Preta,20 a 24 anos,7885.0,112.0,7997.0,1.400525196948856
Mato Grosso do Sul,Homens,Preta,25 a 34 anos,17603.0,322.0,17925.0,1.796373779637378
Mato Grosso do Sul,Homens,Preta,35 a 44 anos,17259.0,742.0,18001.0,4.121993222598745
Mato Grosso do Sul,Homens,Preta,45 a 54 anos,13433.0,1266.0,14699.0,8.612830804816655
Mato Grosso do Sul,Homens,Preta,55 a 64 anos,8868.0,1714.0,10582.0,16.197316197316198
Mato Grosso do Sul,Homens,Preta,65 anos ou mais,6112.0,2520.0,8632.0,29.19369786839666
Mato Grosso do Sul,Homens,Preta,75 anos ou mais,1914.0,1226.0,3140.0,39.04458598726115
Mato Grosso do Sul,Homens,Preta,80 anos ou mais,956.0,692.0,1648.0,41.99029126213592
Mato Grosso do Sul,Homens,Preta,Total,77172.0,6748.0,83920.0,8.040991420400381
Mato Grosso do Sul,Homens,Total,15 a 19 anos,99700.0,1256.0,100956.0,1.2441063433575024
Mato Grosso do Sul,Homens,Total,20 a 24 anos,102380.0,1398.0,103778.0,1.3471063231127984
Mato Grosso do Sul,Homens,Total,25 a 34 anos,208510.0,3334.0,211844.0,1.5737995883763525
Mato Grosso do Sul,Homens,Total,35 a 44 anos,203432.0,5978.0,209410.0,2.8546869776992505
Mato Grosso do Sul,Homens,Total,45 a 54 anos,158869.0,9632.0,168501.0,5.7162865502281885
Mato Grosso do Sul,Homens,Total,55 a 64 anos,118757.0,12607.0,131364.0,9.596997655369814
Mato Grosso do Sul,Homens,Total,65 anos ou mais,100301.0,21371.0,121672.0,17.564435531593137
Mato Grosso do Sul,Homens,Total,75 anos ou mais,32801.0,10421.0,43222.0,24.110406737309702
Mato Grosso do Sul,Homens,Total,80 anos ou mais,16237.0,6109.0,22346.0,27.338226080730333
Mato Grosso do Sul,Homens,Total,Total,991949.0,55576.0,1047525.0,5.305458103625211
Mato Grosso do Sul,Mulheres,Amarela,15 a 19 anos,542.0,3.0,545.0,0.5504587155963303
Mato Grosso do Sul,Mulheres,Amarela,20 a 24 anos,674.0,4.0,678.0,0.5899705014749262
Mato Grosso do Sul,Mulheres,Amarela,25 a 34 anos,1226.0,6.0,1232.0,0.487012987012987
Mato Grosso do Sul,Mulheres,Amarela,35 a 44 anos,1546.0,8.0,1554.0,0.5148005148005148
Mato Grosso do Sul,Mulheres,Amarela,45 a 54 anos,1425.0,21.0,1446.0,1.4522821576763485
Mato Grosso do Sul,Mulheres,Amarela,55 a 64 anos,1354.0,33.0,1387.0,2.3792357606344625
Mato Grosso do Sul,Mulheres,Amarela,65 anos ou mais,1993.0,93.0,2086.0,4.458293384467881
Mato Grosso do Sul,Mulheres,Amarela,75 anos ou mais,941.0,66.0,1007.0,6.554121151936444
Mato Grosso do Sul,Mulheres,Amarela,80 anos ou mais,537.0,48.0,585.0,8.205128205128204
Mato Grosso do Sul,Mulheres,Amarela,Total,8760.0,168.0,8928.0,1.881720430107527
Mato Grosso do Sul,Mulheres,Branca,15 a 19 anos,38893.0,288.0,39181.0,0.7350501518593195
Mato Grosso do Sul,Mulheres,Branca,20 a 24 anos,40220.0,280.0,40500.0,0.6913580246913581
Mato Grosso do Sul,Mulheres,Branca,25 a 34 anos,87677.0,632.0,88309.0,0.7156688446251231
Mato Grosso do Sul,Mulheres,Branca,35 a 44 anos,92642.0,1201.0,93843.0,1.2797971079355945
Mato Grosso do Sul,Mulheres,Branca,45 a 54 anos,75497.0,2355.0,77852.0,3.0249704567641165
Mato Grosso do Sul,Mulheres,Branca,55 a 64 anos,63154.0,3887.0,67041.0,5.797944541400039
Mato Grosso do Sul,Mulheres,Branca,65 anos ou mais,62334.0,9963.0,72297.0,13.780654798954314
Mato Grosso do Sul,Mulheres,Branca,75 anos ou mais,23230.0,5433.0,28663.0,18.95475002616614
Mato Grosso do Sul,Mulheres,Branca,80 anos ou mais,12591.0,3370.0,15961.0,21.11396529039534
Mato Grosso do Sul,Mulheres,Branca,Total,460417.0,18606.0,479023.0,3.884155875605138
Mato Grosso do Sul,Mulheres,Indígena,15 a 19 anos,5265.0,118.0,5383.0,2.192086197287758
Mato Grosso do Sul,Mulheres,Indígena,20 a 24 anos,4826.0,148.0,4974.0,2.9754724567752313
Mato Grosso do Sul,Mulheres,Indígena,25 a 34 anos,7356.0,427.0,7783.0,5.486316330463832
Mato Grosso do Sul,Mulheres,Indígena,35 a 44 anos,4778.0,860.0,5638.0,15.253636041149344
Mato Grosso do Sul,Mulheres,Indígena,45 a 54 anos,2732.0,965.0,3697.0,26.102245063565054
Mato Grosso do Sul,Mulheres,Indígena,55 a 64 anos,1534.0,844.0,2378.0,35.49201009251472
Mato Grosso do Sul,Mulheres,Indígena,65 anos ou mais,1083.0,1535.0,2618.0,58.632543926661576
Mato Grosso do Sul,Mulheres,Indígena,75 anos ou mais,360.0,870.0,1230.0,70.73170731707317
Mato Grosso do Sul,Mulheres,Indígena,80 anos ou mais,200.0,570.0,770.0,74.02597402597402
Mato Grosso do Sul,Mulheres,Indígena,Total,27574.0,4897.0,32471.0,15.08114933325121
Mato Grosso do Sul,Mulheres,Parda,15 a 19 anos,46733.0,354.0,47087.0,0.7517998598339244
Mato Grosso do Sul,Mulheres,Parda,20 a 24 anos,50011.0,385.0,50396.0,0.763949519803159
Mato Grosso do Sul,Mulheres,Parda,25 a 34 anos,104316.0,1007.0,105323.0,0.9561064534811959
Mato Grosso do Sul,Mulheres,Parda,35 a 44 anos,99474.0,2480.0,101954.0,2.4324695450889617
Mato Grosso do Sul,Mulheres,Parda,45 a 54 anos,78649.0,4773.0,83422.0,5.721512310901201
Mato Grosso do Sul,Mulheres,Parda,55 a 64 anos,57420.0,7688.0,65108.0,11.80807274067703
Mato Grosso do Sul,Mulheres,Parda,65 anos ou mais,43026.0,13818.0,56844.0,24.308634156639222
Mato Grosso do Sul,Mulheres,Parda,75 anos ou mais,13374.0,6614.0,19988.0,33.08985391234741
Mato Grosso do Sul,Mulheres,Parda,80 anos ou mais,6495.0,3949.0,10444.0,37.81118345461509
Mato Grosso do Sul,Mulheres,Parda,Total,479629.0,30505.0,510134.0,5.979801385518315
Mato Grosso do Sul,Mulheres,Preta,15 a 19 anos,5091.0,31.0,5122.0,0.605232331120656
Mato Grosso do Sul,Mulheres,Preta,20 a 24 anos,6555.0,53.0,6608.0,0.8020581113801453
Mato Grosso do Sul,Mulheres,Preta,25 a 34 anos,14441.0,146.0,14587.0,1.0008912044971552
Mato Grosso do Sul,Mulheres,Preta,35 a 44 anos,14352.0,368.0,14720.0,2.5
Mato Grosso do Sul,Mulheres,Preta,45 a 54 anos,11350.0,922.0,12272.0,7.5130378096479795
Mato Grosso do Sul,Mulheres,Preta,55 a 64 anos,8248.0,1630.0,9878.0,16.501316055881755
Mato Grosso do Sul,Mulheres,Preta,65 anos ou mais,5967.0,2960.0,8927.0,33.15783577909712
Mato Grosso do Sul,Mulheres,Preta,75 anos ou mais,1884.0,1414.0,3298.0,42.874469375379014
Mato Grosso do Sul,Mulheres,Preta,80 anos ou mais,953.0,836.0,1789.0,46.730016769144775
Mato Grosso do Sul,Mulheres,Preta,Total,66004.0,6110.0,72114.0,8.472696009096708
Mato Grosso do Sul,Mulheres,Total,15 a 19 anos,96525.0,794.0,97319.0,0.8158735704230418
Mato Grosso do Sul,Mulheres,Total,20 a 24 anos,102287.0,870.0,103157.0,0.8433746619230881
Mato Grosso do Sul,Mulheres,Total,25 a 34 anos,215023.0,2218.0,217241.0,1.0209859096579375
Mato Grosso do Sul,Mulheres,Total,35 a 44 anos,212799.0,4917.0,217716.0,2.2584467838835915
Mato Grosso do Sul,Mulheres,Total,45 a 54 anos,169656.0,9036.0,178692.0,5.056745685313277
Mato Grosso do Sul,Mulheres,Total,55 a 64 anos,131714.0,14083.0,145797.0,9.659320836505552
Mato Grosso do Sul,Mulheres,Total,65 anos ou mais,114404.0,28370.0,142774.0,19.870564668637147
Mato Grosso do Sul,Mulheres,Total,75 anos ou mais,39789.0,14398.0,54187.0,26.570948751545576
Mato Grosso do Sul,Mulheres,Total,80 anos ou mais,20776.0,8773.0,29549.0,29.68966800906968
Mato Grosso do Sul,Mulheres,Total,Total,1042408.0,60288.0,1102696.0,5.467327350421149
Mato Grosso do Sul,Total,Amarela,15 a 19 anos,1079.0,5.0,1084.0,0.46125461254612543
Mato Grosso do Sul,Total,Amarela,20 a 24 anos,1292.0,9.0,1301.0,0.6917755572636434
Mato Grosso do Sul,Total,Amarela,25 a 34 anos,2380.0,17.0,2397.0,0.7092198581560284
Mato Grosso do Sul,Total,Amarela,35 a 44 anos,2965.0,19.0,2984.0,0.6367292225201072
Mato Grosso do Sul,Total,Amarela,45 a 54 anos,2751.0,45.0,2796.0,1.6094420600858368
Mato Grosso do Sul,Total,Amarela,55 a 64 anos,2588.0,54.0,2642.0,2.043906131718395
Mato Grosso do Sul,Total,Amarela,65 anos ou mais,3871.0,167.0,4038.0,4.135710747894997
Mato Grosso do Sul,Total,Amarela,75 anos ou mais,1774.0,110.0,1884.0,5.83864118895966
Mato Grosso do Sul,Total,Amarela,80 anos ou mais,989.0,82.0,1071.0,7.65639589169001
Mato Grosso do Sul,Total,Amarela,Total,16926.0,316.0,17242.0,1.8327340215752232
Mato Grosso do Sul,Total,Branca,15 a 19 anos,77396.0,706.0,78102.0,0.9039461217382397
Mato Grosso do Sul,Total,Branca,20 a 24 anos,79084.0,689.0,79773.0,0.8637007508806237
Mato Grosso do Sul,Total,Branca,25 a 34 anos,169608.0,1597.0,171205.0,0.9327998598171782
Mato Grosso do Sul,Total,Branca,35 a 44 anos,175260.0,2736.0,177996.0,1.5371131935549114
Mato Grosso do Sul,Total,Branca,45 a 54 anos,141272.0,4825.0,146097.0,3.302600327179887
Mato Grosso do Sul,Total,Branca,55 a 64 anos,117340.0,7507.0,124847.0,6.0129598628721554
Mato Grosso do Sul,Total,Branca,65 anos ou mais,113697.0,17033.0,130730.0,13.029144037328846
Mato Grosso do Sul,Total,Branca,75 anos ou mais,40784.0,9026.0,49810.0,18.12085926520779
Mato Grosso do Sul,Total,Branca,80 anos ou mais,21444.0,5537.0,26981.0,20.52184870835032
Mato Grosso do Sul,Total,Branca,Total,873657.0,35093.0,908750.0,3.861678129298487
Mato Grosso do Sul,Total,Indígena,15 a 19 anos,10724.0,257.0,10981.0,2.340406156087788
Mato Grosso do Sul,Total,Indígena,20 a 24 anos,9596.0,339.0,9935.0,3.412179164569703
Mato Grosso do Sul,Total,Indígena,25 a 34 anos,14271.0,828.0,15099.0,5.483806874627459
Mato Grosso do Sul,Total,Indígena,35 a 44 anos,9511.0,1418.0,10929.0,12.974654588708939
Mato Grosso do Sul,Total,Indígena,45 a 54 anos,5823.0,1637.0,7460.0,21.943699731903486
Mato Grosso do Sul,Total,Indígena,55 a 64 anos,3120.0,1533.0,4653.0,32.9464861379755
Mato Grosso do Sul,Total,Indígena,65 anos ou mais,2349.0,2530.0,4879.0,51.85488829678213
Mato Grosso do Sul,Total,Indígena,75 anos ou mais,741.0,1431.0,2172.0,65.88397790055248
Mato Grosso do Sul,Total,Indígena,80 anos ou mais,407.0,954.0,1361.0,70.0955180014695
Mato Grosso do Sul,Total,Indígena,Total,55394.0,8542.0,63936.0,13.360235235235235
Mato Grosso do Sul,Total,Parda,15 a 19 anos,95920.0,979.0,96899.0,1.010330343966398
Mato Grosso do Sul,Total,Parda,20 a 24 anos,100253.0,1066.0,101319.0,1.0521225041699978
Mato Grosso do Sul,Total,Parda,25 a 34 anos,205217.0,2641.0,207858.0,1.2705789529390257
Mato Grosso do Sul,Total,Parda,35 a 44 anos,196872.0,5612.0,202484.0,2.7715770134924242
Mato Grosso do Sul,Total,Parda,45 a 54 anos,153889.0,9973.0,163862.0,6.086218891506268
Mato Grosso do Sul,Total,Parda,55 a 64 anos,110300.0,14250.0,124550.0,11.44118827780008
Mato Grosso do Sul,Total,Parda,65 anos ou mais,82703.0,24530.0,107233.0,22.87542081262298
Mato Grosso do Sul,Total,Parda,75 anos ou mais,25491.0,11611.0,37102.0,31.294808905180314
Mato Grosso do Sul,Total,Parda,80 anos ou mais,12263.0,6781.0,19044.0,35.60701533291326
Mato Grosso do Sul,Total,Parda,Total,945154.0,59051.0,1004205.0,5.880373031402951
Mato Grosso do Sul,Total,Preta,15 a 19 anos,11103.0,103.0,11206.0,0.919150455113332
Mato Grosso do Sul,Total,Preta,20 a 24 anos,14440.0,165.0,14605.0,1.1297500855871276
Mato Grosso do Sul,Total,Preta,25 a 34 anos,32044.0,468.0,32512.0,1.4394685039370079
Mato Grosso do Sul,Total,Preta,35 a 44 anos,31611.0,1110.0,32721.0,3.3923168607316403
Mato Grosso do Sul,Total,Preta,45 a 54 anos,24783.0,2188.0,26971.0,8.112417040525008
Mato Grosso do Sul,Total,Preta,55 a 64 anos,17116.0,3344.0,20460.0,16.344086021505376
Mato Grosso do Sul,Total,Preta,65 anos ou mais,12079.0,5480.0,17559.0,31.209066575545304
Mato Grosso do Sul,Total,Preta,75 anos ou mais,3798.0,2640.0,6438.0,41.00652376514445
Mato Grosso do Sul,Total,Preta,80 anos ou mais,1909.0,1528.0,3437.0,44.45737561827175
Mato Grosso do Sul,Total,Preta,Total,143176.0,12858.0,156034.0,8.240511683351064
Mato Grosso do Sul,Total,Total,15 a 19 anos,196225.0,2050.0,198275.0,1.0339175387719077
Mato Grosso do Sul,Total,Total,20 a 24 anos,204667.0,2268.0,206935.0,1.0959963273491677
Mato Grosso do Sul,Total,Total,25 a 34 anos,423533.0,5552.0,429085.0,1.2939161238449257
Mato Grosso do Sul,Total,Total,35 a 44 anos,416231.0,10895.0,427126.0,2.5507695621432553
Mato Grosso do Sul,Total,Total,45 a 54 anos,328525.0,18668.0,347193.0,5.376836514561066
Mato Grosso do Sul,Total,Total,55 a 64 anos,250471.0,26690.0,277161.0,9.629781967881485
Mato Grosso do Sul,Total,Total,65 anos ou mais,214705.0,49741.0,264446.0,18.80951120455594
Mato Grosso do Sul,Total,Total,75 anos ou mais,72590.0,24819.0,97409.0,25.479165169542856
Mato Grosso do Sul,Total,Total,80 anos ou mais,37013.0,14882.0,51895.0,28.67713652567685
Mato Grosso do Sul,Total,Total,Total,2034357.0,115864.0,2150221.0,5.388469371287882
Minas Gerais,Homens,Amarela,15 a 19 anos,819.0,13.0,832.0,1.5625
Minas Gerais,Homens,Amarela,20 a 24 anos,1036.0,14.0,1050.0,1.3333333333333335
Minas Gerais,Homens,Amarela,25 a 34 anos,2253.0,52.0,2305.0,2.2559652928416485
Minas Gerais,Homens,Amarela,35 a 44 anos,2494.0,63.0,2557.0,2.4638247946812672
Minas Gerais,Homens,Amarela,45 a 54 anos,1844.0,77.0,1921.0,4.00832899531494
Minas Gerais,Homens,Amarela,55 a 64 anos,1532.0,106.0,1638.0,6.471306471306472
Minas Gerais,Homens,Amarela,65 anos ou mais,2185.0,187.0,2372.0,7.883642495784149
Minas Gerais,Homens,Amarela,75 anos ou mais,893.0,87.0,980.0,8.877551020408163
Minas Gerais,Homens,Amarela,80 anos ou mais,444.0,50.0,494.0,10.121457489878543
Minas Gerais,Homens,Amarela,Total,12163.0,512.0,12675.0,4.039447731755423
Minas Gerais,Homens,Branca,15 a 19 anos,245998.0,2762.0,248760.0,1.1103071233317254
Minas Gerais,Homens,Branca,20 a 24 anos,274429.0,2817.0,277246.0,1.0160651551329865
Minas Gerais,Homens,Branca,25 a 34 anos,557569.0,6386.0,563955.0,1.132359851406584
Minas Gerais,Homens,Branca,35 a 44 anos,585964.0,11861.0,597825.0,1.9840254255007734
Minas Gerais,Homens,Branca,45 a 54 anos,503736.0,19343.0,523079.0,3.697911787703196
Minas Gerais,Homens,Branca,55 a 64 anos,467345.0,28237.0,495582.0,5.6977452772699575
Minas Gerais,Homens,Branca,65 anos ou mais,484498.0,63892.0,548390.0,11.650832436769452
Minas Gerais,Homens,Branca,75 anos ou mais,175529.0,33393.0,208922.0,15.98347708714257
Minas Gerais,Homens,Branca,80 anos ou mais,91448.0,19739.0,111187.0,17.752974718267424
Minas Gerais,Homens,Branca,Total,3119539.0,135298.0,3254837.0,4.156828744419459
Minas Gerais,Homens,Indígena,15 a 19 anos,1208.0,92.0,1300.0,7.076923076923077
Minas Gerais,Homens,Indígena,20 a 24 anos,1302.0,81.0,1383.0,5.856832971800434
Minas Gerais,Homens,Indígena,25 a 34 anos,2325.0,149.0,2474.0,6.022635408245756
Minas Gerais,Homens,Indígena,35 a 44 anos,1920.0,280.0,2200.0,12.727272727272727
Minas Gerais,Homens,Indígena,45 a 54 anos,1431.0,294.0,1725.0,17.043478260869566
Minas Gerais,Homens,Indígena,55 a 64 anos,1042.0,334.0,1376.0,24.273255813953487
Minas Gerais,Homens,Indígena,65 anos ou mais,956.0,464.0,1420.0,32.67605633802817
Minas Gerais,Homens,Indígena,75 anos ou mais,315.0,223.0,538.0,41.44981412639405
Minas Gerais,Homens,Indígena,80 anos ou mais,150.0,138.0,288.0,47.91666666666667
Minas Gerais,Homens,Indígena,Total,10184.0,1694.0,11878.0,14.26166021215693
Minas Gerais,Homens,Parda,15 a 19 anos,354455.0,5509.0,359964.0,1.5304308208598638
Minas Gerais,Homens,Parda,20 a 24 anos,378629.0,5718.0,384347.0,1.4877181297109123
Minas Gerais,Homens,Parda,25 a 34 anos,722120.0,14014.0,736134.0,1.9037294840341568
Minas Gerais,Homens,Parda,35 a 44 anos,719482.0,27607.0,747089.0,3.695275930980111
Minas Gerais,Homens,Parda,45 a 54 anos,564714.0,44753.0,609467.0,7.3429734505723845
Minas Gerais,Homens,Parda,55 a 64 anos,429189.0,57211.0,486400.0,11.762129934210526
Minas Gerais,Homens,Parda,65 anos ou mais,349047.0,100119.0,449166.0,22.28997742482735
Minas Gerais,Homens,Parda,75 anos ou mais,107183.0,47277.0,154460.0,30.60792438171695
Minas Gerais,Homens,Parda,80 anos ou mais,52822.0,26887.0,79709.0,33.731448142618774
Minas Gerais,Homens,Parda,Total,3517636.0,254931.0,3772567.0,6.757494300300035
Minas Gerais,Homens,Preta,15 a 19 anos,80440.0,1420.0,81860.0,1.7346689469826533
Minas Gerais,Homens,Preta,20 a 24 anos,102752.0,1685.0,104437.0,1.6134128709173954
Minas Gerais,Homens,Preta,25 a 34 anos,213295.0,4461.0,217756.0,2.048623229669906
Minas Gerais,Homens,Preta,35 a 44 anos,213478.0,9161.0,222639.0,4.114732818598718
Minas Gerais,Homens,Preta,45 a 54 anos,165135.0,15759.0,180894.0,8.711731732395767
Minas Gerais,Homens,Preta,55 a 64 anos,118795.0,21028.0,139823.0,15.039013610064153
Minas Gerais,Homens,Preta,65 anos ou mais,90209.0,37009.0,127218.0,29.091009133927585
Minas Gerais,Homens,Preta,75 anos ou mais,27158.0,17175.0,44333.0,38.74089278866759
Minas Gerais,Homens,Preta,80 anos ou mais,13422.0,9700.0,23122.0,41.95138828821036
Minas Gerais,Homens,Preta,Total,984104.0,90523.0,1074627.0,8.423667002597181
Minas Gerais,Homens,Total,15 a 19 anos,682937.0,9796.0,692733.0,1.4141090434554149
Minas Gerais,Homens,Total,20 a 24 anos,758186.0,10316.0,768502.0,1.3423517440423056
Minas Gerais,Homens,Total,25 a 34 anos,1497642.0,25064.0,1522706.0,1.6460170249542592
Minas Gerais,Homens,Total,35 a 44 anos,1523398.0,48973.0,1572371.0,3.114595728361818
Minas Gerais,Homens,Total,45 a 54 anos,1236907.0,80229.0,1317136.0,6.091170539716476
Minas Gerais,Homens,Total,55 a 64 anos,1017944.0,106920.0,1124864.0,9.505149066909421
Minas Gerais,Homens,Total,65 anos ou mais,926920.0,201686.0,1128606.0,17.870363971128985
Minas Gerais,Homens,Total,75 anos ou mais,311091.0,98164.0,409255.0,23.98602338395377
Minas Gerais,Homens,Total,80 anos ou mais,158295.0,56520.0,214815.0,26.311011800851897
Minas Gerais,Homens,Total,Total,7643934.0,482984.0,8126918.0,5.94301554414601
Minas Gerais,Mulheres,Amarela,15 a 19 anos,909.0,6.0,915.0,0.6557377049180327
Minas Gerais,Mulheres,Amarela,20 a 24 anos,1245.0,7.0,1252.0,0.5591054313099041
Minas Gerais,Mulheres,Amarela,25 a 34 anos,2758.0,34.0,2792.0,1.2177650429799427
Minas Gerais,Mulheres,Amarela,35 a 44 anos,2925.0,52.0,2977.0,1.7467248908296942
Minas Gerais,Mulheres,Amarela,45 a 54 anos,2333.0,80.0,2413.0,3.3153750518027354
Minas Gerais,Mulheres,Amarela,55 a 64 anos,1749.0,141.0,1890.0,7.4603174603174605
Minas Gerais,Mulheres,Amarela,65 anos ou mais,2203.0,295.0,2498.0,11.809447558046438
Minas Gerais,Mulheres,Amarela,75 anos ou mais,916.0,151.0,1067.0,14.15182755388941
Minas Gerais,Mulheres,Amarela,80 anos ou mais,500.0,95.0,595.0,15.966386554621847
Minas Gerais,Mulheres,Amarela,Total,14122.0,615.0,14737.0,4.173169573183144
Minas Gerais,Mulheres,Branca,15 a 19 anos,249303.0,1727.0,251030.0,0.6879655818029717
Minas Gerais,Mulheres,Branca,20 a 24 anos,284070.0,1855.0,285925.0,0.6487715309958906
Minas Gerais,Mulheres,Branca,25 a 34 anos,595523.0,4160.0,599683.0,0.6936998380811195
Minas Gerais,Mulheres,Branca,35 a 44 anos,655458.0,7775.0,663233.0,1.1722878686675724
Minas Gerais,Mulheres,Branca,45 a 54 anos,581933.0,15022.0,596955.0,2.5164375874228377
Minas Gerais,Mulheres,Branca,55 a 64 anos,549780.0,26237.0,576017.0,4.55490028940118
Minas Gerais,Mulheres,Branca,65 anos ou mais,625530.0,93190.0,718720.0,12.96610641139804
Minas Gerais,Mulheres,Branca,75 anos ou mais,254922.0,55833.0,310755.0,17.966887097552732
Minas Gerais,Mulheres,Branca,80 anos ou mais,145391.0,36432.0,181823.0,20.037069017671033
Minas Gerais,Mulheres,Branca,Total,3541597.0,149966.0,3691563.0,4.062398501664471
Minas Gerais,Mulheres,Indígena,15 a 19 anos,1235.0,91.0,1326.0,6.862745098039216
Minas Gerais,Mulheres,Indígena,20 a 24 anos,1348.0,62.0,1410.0,4.397163120567376
Minas Gerais,Mulheres,Indígena,25 a 34 anos,2283.0,97.0,2380.0,4.07563025210084
Minas Gerais,Mulheres,Indígena,35 a 44 anos,2014.0,193.0,2207.0,8.744902582691436
Minas Gerais,Mulheres,Indígena,45 a 54 anos,1560.0,212.0,1772.0,11.963882618510159
Minas Gerais,Mulheres,Indígena,55 a 64 anos,1267.0,342.0,1609.0,21.255438160348042
Minas Gerais,Mulheres,Indígena,65 anos ou mais,1277.0,749.0,2026.0,36.96939782823297
Minas Gerais,Mulheres,Indígena,75 anos ou mais,439.0,385.0,824.0,46.72330097087379
Minas Gerais,Mulheres,Indígena,80 anos ou mais,235.0,244.0,479.0,50.939457202505224
Minas Gerais,Mulheres,Indígena,Total,10984.0,1746.0,12730.0,13.715632364493324
Minas Gerais,Mulheres,Parda,15 a 19 anos,340301.0,2697.0,342998.0,0.7863019609443788
Minas Gerais,Mulheres,Parda,20 a 24 anos,370380.0,2913.0,373293.0,0.7803521630461863
Minas Gerais,Mulheres,Parda,25 a 34 anos,742823.0,7128.0,749951.0,0.9504620968569947
Minas Gerais,Mulheres,Parda,35 a 44 anos,754085.0,16905.0,770990.0,2.192635442742448
Minas Gerais,Mulheres,Parda,45 a 54 anos,602310.0,35275.0,637585.0,5.532595653912812
Minas Gerais,Mulheres,Parda,55 a 64 anos,475899.0,55597.0,531496.0,10.460473832352454
Minas Gerais,Mulheres,Parda,65 anos ou mais,397383.0,140990.0,538373.0,26.18816322512459
Minas Gerais,Mulheres,Parda,75 anos ou mais,131133.0,75066.0,206199.0,36.4046382378188
Minas Gerais,Mulheres,Parda,80 anos ou mais,68277.0,46701.0,114978.0,40.617335490267706
Minas Gerais,Mulheres,Parda,Total,3683181.0,261505.0,3944686.0,6.629298250862045
Minas Gerais,Mulheres,Preta,15 a 19 anos,73990.0,580.0,74570.0,0.7777926780206518
Minas Gerais,Mulheres,Preta,20 a 24 anos,95413.0,734.0,96147.0,0.7634143551020832
Minas Gerais,Mulheres,Preta,25 a 34 anos,197584.0,1807.0,199391.0,0.9062595603613002
Minas Gerais,Mulheres,Preta,35 a 44 anos,199549.0,4771.0,204320.0,2.3350626468285043
Minas Gerais,Mulheres,Preta,45 a 54 anos,159038.0,10883.0,169921.0,6.404741026712413
Minas Gerais,Mulheres,Preta,55 a 64 anos,125066.0,18927.0,143993.0,13.144388963352386
Minas Gerais,Mulheres,Preta,65 anos ou mais,102347.0,50464.0,152811.0,33.0238006426239
Minas Gerais,Mulheres,Preta,75 anos ou mais,33295.0,26913.0,60208.0,44.700039861812385
Minas Gerais,Mulheres,Preta,80 anos ou mais,17427.0,16832.0,34259.0,49.13161505005984
Minas Gerais,Mulheres,Preta,Total,952987.0,88166.0,1041153.0,8.468111795288493
Minas Gerais,Mulheres,Total,15 a 19 anos,665757.0,5101.0,670858.0,0.7603695565976705
Minas Gerais,Mulheres,Total,20 a 24 anos,752484.0,5571.0,758055.0,0.7349070977699508
Minas Gerais,Mulheres,Total,25 a 34 anos,1541016.0,13227.0,1554243.0,0.8510252257851572
Minas Gerais,Mulheres,Total,35 a 44 anos,1614088.0,29697.0,1643785.0,1.8066231289371786
Minas Gerais,Mulheres,Total,45 a 54 anos,1347210.0,61473.0,1408683.0,4.363863268031204
Minas Gerais,Mulheres,Total,55 a 64 anos,1153795.0,101247.0,1255042.0,8.067220061161299
Minas Gerais,Mulheres,Total,65 anos ou mais,1128780.0,285706.0,1414486.0,20.198573898928657
Minas Gerais,Mulheres,Total,75 anos ou mais,420715.0,158359.0,579074.0,27.346936660944888
Minas Gerais,Mulheres,Total,80 anos ou mais,231836.0,100312.0,332148.0,30.200994737285786
Minas Gerais,Mulheres,Total,Total,8203130.0,502022.0,8705152.0,5.766952719493008
Minas Gerais,Total,Amarela,15 a 19 anos,1728.0,19.0,1747.0,1.0875787063537492
Minas Gerais,Total,Amarela,20 a 24 anos,2281.0,21.0,2302.0,0.9122502172024326
Minas Gerais,Total,Amarela,25 a 34 anos,5011.0,86.0,5097.0,1.687267019815578
Minas Gerais,Total,Amarela,35 a 44 anos,5419.0,115.0,5534.0,2.0780628839898805
Minas Gerais,Total,Amarela,45 a 54 anos,4177.0,157.0,4334.0,3.622519612367328
Minas Gerais,Total,Amarela,55 a 64 anos,3281.0,247.0,3528.0,7.001133786848072
Minas Gerais,Total,Amarela,65 anos ou mais,4388.0,482.0,4870.0,9.897330595482547
Minas Gerais,Total,Amarela,75 anos ou mais,1809.0,238.0,2047.0,11.62677088422081
Minas Gerais,Total,Amarela,80 anos ou mais,944.0,145.0,1089.0,13.314967860422405
Minas Gerais,Total,Amarela,Total,26285.0,1127.0,27412.0,4.111338100102145
Minas Gerais,Total,Branca,15 a 19 anos,495301.0,4489.0,499790.0,0.8981772344384641
Minas Gerais,Total,Branca,20 a 24 anos,558499.0,4672.0,563171.0,0.8295881712659211
Minas Gerais,Total,Branca,25 a 34 anos,1153092.0,10546.0,1163638.0,0.9062956005218118
Minas Gerais,Total,Branca,35 a 44 anos,1241422.0,19636.0,1261058.0,1.5571052243433687
Minas Gerais,Total,Branca,45 a 54 anos,1085669.0,34365.0,1120034.0,3.068210429326253
Minas Gerais,Total,Branca,55 a 64 anos,1017125.0,54474.0,1071599.0,5.0834313955126875
Minas Gerais,Total,Branca,65 anos ou mais,1110028.0,157082.0,1267110.0,12.396871621248353
Minas Gerais,Total,Branca,75 anos ou mais,430451.0,89226.0,519677.0,17.169511061678698
Minas Gerais,Total,Branca,80 anos ou mais,236839.0,56171.0,293010.0,19.170335483430602
Minas Gerais,Total,Branca,Total,6661136.0,285264.0,6946400.0,4.106645168720488
Minas Gerais,Total,Indígena,15 a 19 anos,2443.0,183.0,2626.0,6.968773800456969
Minas Gerais,Total,Indígena,20 a 24 anos,2650.0,143.0,2793.0,5.119942713927676
Minas Gerais,Total,Indígena,25 a 34 anos,4608.0,246.0,4854.0,5.067985166872682
Minas Gerais,Total,Indígena,35 a 44 anos,3934.0,473.0,4407.0,10.732924892216927
Minas Gerais,Total,Indígena,45 a 54 anos,2991.0,506.0,3497.0,14.469545324563912
Minas Gerais,Total,Indígena,55 a 64 anos,2309.0,676.0,2985.0,22.646566164154102
Minas Gerais,Total,Indígena,65 anos ou mais,2233.0,1213.0,3446.0,35.20023215322113
Minas Gerais,Total,Indígena,75 anos ou mais,754.0,608.0,1362.0,44.640234948605
Minas Gerais,Total,Indígena,80 anos ou mais,385.0,382.0,767.0,49.80443285528031
Minas Gerais,Total,Indígena,Total,21168.0,3440.0,24608.0,13.97919375812744
Minas Gerais,Total,Parda,15 a 19 anos,694756.0,8206.0,702962.0,1.1673461723393297
Minas Gerais,Total,Parda,20 a 24 anos,749009.0,8631.0,757640.0,1.1391953962303996
Minas Gerais,Total,Parda,25 a 34 anos,1464943.0,21142.0,1486085.0,1.4226642486802572
Minas Gerais,Total,Parda,35 a 44 anos,1473567.0,44512.0,1518079.0,2.9321267206779096
Minas Gerais,Total,Parda,45 a 54 anos,1167024.0,80028.0,1247052.0,6.417374736578747
Minas Gerais,Total,Parda,55 a 64 anos,905088.0,112808.0,1017896.0,11.082468149987818
Minas Gerais,Total,Parda,65 anos ou mais,746430.0,241109.0,987539.0,24.415137022436582
Minas Gerais,Total,Parda,75 anos ou mais,238316.0,122343.0,360659.0,33.92207043218109
Minas Gerais,Total,Parda,80 anos ou mais,121099.0,73588.0,194687.0,37.79810670460791
Minas Gerais,Total,Parda,Total,7200817.0,516436.0,7717253.0,6.691966688146676
Minas Gerais,Total,Preta,15 a 19 anos,154430.0,2000.0,156430.0,1.2785271367384772
Minas Gerais,Total,Preta,20 a 24 anos,198165.0,2419.0,200584.0,1.2059785426554461
Minas Gerais,Total,Preta,25 a 34 anos,410879.0,6268.0,417147.0,1.5025878167648337
Minas Gerais,Total,Preta,35 a 44 anos,413027.0,13932.0,426959.0,3.263076782548207
Minas Gerais,Total,Preta,45 a 54 anos,324173.0,26642.0,350815.0,7.594316092527401
Minas Gerais,Total,Preta,55 a 64 anos,243861.0,39955.0,283816.0,14.077782788849113
Minas Gerais,Total,Preta,65 anos ou mais,192556.0,87473.0,280029.0,31.237121869520657
Minas Gerais,Total,Preta,75 anos ou mais,60453.0,44088.0,104541.0,42.1729273682096
Minas Gerais,Total,Preta,80 anos ou mais,30849.0,26532.0,57381.0,46.2383018769279
Minas Gerais,Total,Preta,Total,1937091.0,178689.0,2115780.0,8.445537815840966
Minas Gerais,Total,Total,15 a 19 anos,1348694.0,14897.0,1363591.0,1.092483009934797
Minas Gerais,Total,Total,20 a 24 anos,1510670.0,15887.0,1526557.0,1.0407079460511466
Minas Gerais,Total,Total,25 a 34 anos,3038658.0,38291.0,3076949.0,1.244447015533894
Minas Gerais,Total,Total,35 a 44 anos,3137486.0,78670.0,3216156.0,2.446087814148319
Minas Gerais,Total,Total,45 a 54 anos,2584117.0,141702.0,2725819.0,5.198510979635845
Minas Gerais,Total,Total,55 a 64 anos,2171739.0,208167.0,2379906.0,8.746858069184245
Minas Gerais,Total,Total,65 anos ou mais,2055700.0,487392.0,2543092.0,19.165331022235925
Minas Gerais,Total,Total,75 anos ou mais,731806.0,256523.0,988329.0,25.955223412446664
Minas Gerais,Total,Total,80 anos ou mais,390131.0,156832.0,546963.0,28.673237495040798
Minas Gerais,Total,Total,Total,15847064.0,985006.0,16832070.0,5.851959978778605
Nordeste,Homens,Amarela,15 a 19 anos,2075.0,63.0,2138.0,2.9466791393826006
Nordeste,Homens,Amarela,20 a 24 anos,2296.0,81.0,2377.0,3.40765671013883
Nordeste,Homens,Amarela,25 a 34 anos,4518.0,233.0,4751.0,4.904230688276153
Nordeste,Homens,Amarela,35 a 44 anos,4271.0,480.0,4751.0,10.103136181856451
Nordeste,Homens,Amarela,45 a 54 anos,2680.0,705.0,3385.0,20.82717872968981
Nordeste,Homens,Amarela,55 a 64 anos,2101.0,748.0,2849.0,26.254826254826252
Nordeste,Homens,Amarela,65 anos ou mais,2319.0,1084.0,3403.0,31.854246253305906
Nordeste,Homens,Amarela,75 anos ou mais,827.0,466.0,1293.0,36.040216550657384
Nordeste,Homens,Amarela,80 anos ou mais,415.0,258.0,673.0,38.33580980683507
Nordeste,Homens,Amarela,Total,20260.0,3394.0,23654.0,14.34852456244187
Nordeste,Homens,Branca,15 a 19 anos,524640.0,15952.0,540592.0,2.9508390801195725
Nordeste,Homens,Branca,20 a 24 anos,519279.0,16664.0,535943.0,3.1092858755501984
Nordeste,Homens,Branca,25 a 34 anos,932344.0,44179.0,976523.0,4.524112591306094
Nordeste,Homens,Branca,35 a 44 anos,906427.0,97195.0,1003622.0,9.684423019822203
Nordeste,Homens,Branca,45 a 54 anos,664638.0,139367.0,804005.0,17.3340961809939
Nordeste,Homens,Branca,55 a 64 anos,504712.0,143601.0,648313.0,22.14994917578392
Nordeste,Homens,Branca,65 anos ou mais,483824.0,235068.0,718892.0,32.69865292700433
Nordeste,Homens,Branca,75 anos ou mais,179266.0,115962.0,295228.0,39.27879469427019
Nordeste,Homens,Branca,80 anos ou mais,95719.0,67459.0,163178.0,41.34074446310164
Nordeste,Homens,Branca,Total,4535864.0,692026.0,5227890.0,13.237195120784866
Nordeste,Homens,Indígena,15 a 19 anos,14242.0,864.0,15106.0,5.719581623196081
Nordeste,Homens,Indígena,20 a 24 anos,13294.0,892.0,14186.0,6.287889468490062
Nordeste,Homens,Indígena,25 a 34 anos,21223.0,2226.0,23449.0,9.492942129728347
Nordeste,Homens,Indígena,35 a 44 anos,18274.0,3956.0,22230.0,17.795771479982005
Nordeste,Homens,Indígena,45 a 54 anos,12019.0,4724.0,16743.0,28.214776324434094
Nordeste,Homens,Indígena,55 a 64 anos,7916.0,4513.0,12429.0,36.310242175557164
Nordeste,Homens,Indígena,65 anos ou mais,6046.0,5829.0,11875.0,49.08631578947368
Nordeste,Homens,Indígena,75 anos ou mais,1943.0,2572.0,4515.0,56.965669988925804
Nordeste,Homens,Indígena,80 anos ou mais,984.0,1461.0,2445.0,59.75460122699386
Nordeste,Homens,Indígena,Total,93014.0,23004.0,116018.0,19.82795773069696
Nordeste,Homens,Parda,15 a 19 anos,1292382.0,45726.0,1338108.0,3.4172129603888477
Nordeste,Homens,Parda,20 a 24 anos,1247211.0,49290.0,1296501.0,3.801771074607733
Nordeste,Homens,Parda,25 a 34 anos,2246231.0,139213.0,2385444.0,5.8359366222808
Nordeste,Homens,Parda,35 a 44 anos,2133514.0,317981.0,2451495.0,12.970901429535855
Nordeste,Homens,Parda,45 a 54 anos,1445357.0,438140.0,1883497.0,23.262049262621602
Nordeste,Homens,Parda,55 a 64 anos,969570.0,433962.0,1403532.0,30.91928078590299
Nordeste,Homens,Parda,65 anos ou mais,741229.0,585686.0,1326915.0,44.13892374417351
Nordeste,Homens,Parda,75 anos ou mais,235634.0,257763.0,493397.0,52.24251464844739
Nordeste,Homens,Parda,80 anos ou mais,118022.0,141714.0,259736.0,54.560784796870664
Nordeste,Homens,Parda,Total,10075494.0,2009998.0,12085492.0,16.6314950189864
Nordeste,Homens,Preta,15 a 19 anos,253047.0,9871.0,262918.0,3.754402513331153
Nordeste,Homens,Preta,20 a 24 anos,292832.0,11881.0,304713.0,3.8990788053020387
Nordeste,Homens,Preta,25 a 34 anos,559075.0,34914.0,593989.0,5.877886627530139
Nordeste,Homens,Preta,35 a 44 anos,567030.0,83907.0,650937.0,12.89018752966877
Nordeste,Homens,Preta,45 a 54 anos,399766.0,123085.0,522851.0,23.54112357057747
Nordeste,Homens,Preta,55 a 64 anos,255895.0,128672.0,384567.0,33.45892913328497
Nordeste,Homens,Preta,65 anos ou mais,179521.0,173250.0,352771.0,49.111179773847624
Nordeste,Homens,Preta,75 anos ou mais,54761.0,75062.0,129823.0,57.818722414364174
Nordeste,Homens,Preta,80 anos ou mais,27377.0,41130.0,68507.0,60.03766038507013
Nordeste,Homens,Preta,Total,2507166.0,565580.0,3072746.0,18.406337523505034
Nordeste,Homens,Total,15 a 19 anos,2086491.0,72482.0,2158973.0,3.357244393514879
Nordeste,Homens,Total,20 a 24 anos,2075314.0,78815.0,2154129.0,3.658787379957282
Nordeste,Homens,Total,25 a 34 anos,3764047.0,220777.0,3984824.0,5.540445450037442
Nordeste,Homens,Total,35 a 44 anos,3629928.0,503540.0,4133468.0,12.182022456687701
Nordeste,Homens,Total,45 a 54 anos,2524660.0,706054.0,3230714.0,21.854425987568074
Nordeste,Homens,Total,55 a 64 anos,1740327.0,711526.0,2451853.0,29.01992900879457
Nordeste,Homens,Total,65 anos ou mais,1413017.0,1000942.0,2413959.0,41.46474733000851
Nordeste,Homens,Total,75 anos ou mais,472453.0,451833.0,924286.0,48.88454439426758
Nordeste,Homens,Total,80 anos ou mais,242532.0,252026.0,494558.0,50.95984697447014
Nordeste,Homens,Total,Total,17233784.0,3294136.0,20527920.0,16.04710072915327
Nordeste,Mulheres,Amarela,15 a 19 anos,2912.0,34.0,2946.0,1.1541072640868975
Nordeste,Mulheres,Amarela,20 a 24 anos,3590.0,36.0,3626.0,0.9928295642581356
Nordeste,Mulheres,Amarela,25 a 34 anos,7158.0,163.0,7321.0,2.226471793470837
Nordeste,Mulheres,Amarela,35 a 44 anos,6775.0,440.0,7215.0,6.098406098406098
Nordeste,Mulheres,Amarela,45 a 54 anos,4396.0,683.0,5079.0,13.447529041149833
Nordeste,Mulheres,Amarela,55 a 64 anos,2976.0,821.0,3797.0,21.62233342112194
Nordeste,Mulheres,Amarela,65 anos ou mais,2804.0,1388.0,4192.0,33.11068702290076
Nordeste,Mulheres,Amarela,75 anos ou mais,1007.0,627.0,1634.0,38.372093023255815
Nordeste,Mulheres,Amarela,80 anos ou mais,519.0,332.0,851.0,39.01292596944771
Nordeste,Mulheres,Amarela,Total,30611.0,3565.0,34176.0,10.431296816479401
Nordeste,Mulheres,Branca,15 a 19 anos,542864.0,7705.0,550569.0,1.3994612845982974
Nordeste,Mulheres,Branca,20 a 24 anos,539192.0,8781.0,547973.0,1.6024512156620856
Nordeste,Mulheres,Branca,25 a 34 anos,1033087.0,23673.0,1056760.0,2.2401491350921687
Nordeste,Mulheres,Branca,35 a 44 anos,1092063.0,62268.0,1154331.0,5.394293317947799
Nordeste,Mulheres,Branca,45 a 54 anos,853102.0,105735.0,958837.0,11.027421761988743
Nordeste,Mulheres,Branca,55 a 64 anos,666249.0,132474.0,798723.0,16.585724963472945
Nordeste,Mulheres,Branca,65 anos ou mais,735974.0,299762.0,1035736.0,28.94193114847799
Nordeste,Mulheres,Branca,75 anos ou mais,313210.0,163415.0,476625.0,34.285864148964066
Nordeste,Mulheres,Branca,80 anos ou mais,183580.0,102889.0,286469.0,35.91627715389798
Nordeste,Mulheres,Branca,Total,5462531.0,640398.0,6102929.0,10.493289369743609
Nordeste,Mulheres,Indígena,15 a 19 anos,13992.0,604.0,14596.0,4.1381200328857215
Nordeste,Mulheres,Indígena,20 a 24 anos,13520.0,644.0,14164.0,4.546738209545326
Nordeste,Mulheres,Indígena,25 a 34 anos,23182.0,1574.0,24756.0,6.358054613023105
Nordeste,Mulheres,Indígena,35 a 44 anos,20065.0,3251.0,23316.0,13.943214959684337
Nordeste,Mulheres,Indígena,45 a 54 anos,13777.0,4043.0,17820.0,22.687991021324354
Nordeste,Mulheres,Indígena,55 a 64 anos,9443.0,4527.0,13970.0,32.40515390121689
Nordeste,Mulheres,Indígena,65 anos ou mais,7405.0,7624.0,15029.0,50.72859138997937
Nordeste,Mulheres,Indígena,75 anos ou mais,2562.0,3891.0,6453.0,60.29753602975361
Nordeste,Mulheres,Indígena,80 anos ou mais,1408.0,2342.0,3750.0,62.45333333333334
Nordeste,Mulheres,Indígena,Total,101384.0,22267.0,123651.0,18.007941706900873
Nordeste,Mulheres,Parda,15 a 19 anos,1262823.0,17666.0,1280489.0,1.3796291885365668
Nordeste,Mulheres,Parda,20 a 24 anos,1302611.0,20697.0,1323308.0,1.5640349790071548
Nordeste,Mulheres,Parda,25 a 34 anos,2573397.0,66110.0,2639507.0,2.504634388164153
Nordeste,Mulheres,Parda,35 a 44 anos,2499941.0,200910.0,2700851.0,7.438766522107292
Nordeste,Mulheres,Parda,45 a 54 anos,1764542.0,327175.0,2091717.0,15.641456277307112
Nordeste,Mulheres,Parda,55 a 64 anos,1234453.0,398364.0,1632817.0,24.397345201574947
Nordeste,Mulheres,Parda,65 anos ou mais,972630.0,674230.0,1646860.0,40.940334940432095
Nordeste,Mulheres,Parda,75 anos ou mais,333558.0,321728.0,655286.0,49.09734070314336
Nordeste,Mulheres,Parda,80 anos ou mais,178217.0,190212.0,368429.0,51.62785774192585
Nordeste,Mulheres,Parda,Total,11610397.0,1705152.0,13315549.0,12.805720590266311
Nordeste,Mulheres,Preta,15 a 19 anos,233000.0,3518.0,236518.0,1.4874132201354653
Nordeste,Mulheres,Preta,20 a 24 anos,276604.0,4492.0,281096.0,1.5980305660699547
Nordeste,Mulheres,Preta,25 a 34 anos,550677.0,14132.0,564809.0,2.502084775561296
Nordeste,Mulheres,Preta,35 a 44 anos,569908.0,45789.0,615697.0,7.436937324690554
Nordeste,Mulheres,Preta,45 a 54 anos,412466.0,82178.0,494644.0,16.61356450295566
Nordeste,Mulheres,Preta,55 a 64 anos,283555.0,111232.0,394787.0,28.17519320545003
Nordeste,Mulheres,Preta,65 anos ou mais,218073.0,197028.0,415101.0,47.46507476493672
Nordeste,Mulheres,Preta,75 anos ou mais,71500.0,93124.0,164624.0,56.56769365341627
Nordeste,Mulheres,Preta,80 anos ou mais,37854.0,55305.0,93159.0,59.366244807265
Nordeste,Mulheres,Preta,Total,2544283.0,458369.0,3002652.0,15.265471989428011
Nordeste,Mulheres,Total,15 a 19 anos,2055649.0,29529.0,2085178.0,1.4161380946854418
Nordeste,Mulheres,Total,20 a 24 anos,2135617.0,34650.0,2170267.0,1.5965777482678398
Nordeste,Mulheres,Total,25 a 34 anos,4187750.0,105654.0,4293404.0,2.4608445885828587
Nordeste,Mulheres,Total,35 a 44 anos,4189014.0,312670.0,4501684.0,6.945623015742554
Nordeste,Mulheres,Total,45 a 54 anos,3048453.0,519834.0,3568287.0,14.568166742193103
Nordeste,Mulheres,Total,55 a 64 anos,2196791.0,647443.0,2844234.0,22.763352101128106
Nordeste,Mulheres,Total,65 anos ou mais,1936998.0,1180073.0,3117071.0,37.858393344264535
Nordeste,Mulheres,Total,75 anos ou mais,721876.0,582807.0,1304683.0,44.67039119847504
Nordeste,Mulheres,Total,80 anos ou mais,401599.0,351096.0,752695.0,46.645188290077655
Nordeste,Mulheres,Total,Total,19750272.0,2829853.0,22580125.0,12.532494837827516
Nordeste,Total,Amarela,15 a 19 anos,4987.0,97.0,5084.0,1.9079464988198271
Nordeste,Total,Amarela,20 a 24 anos,5886.0,117.0,6003.0,1.9490254872563717
Nordeste,Total,Amarela,25 a 34 anos,11676.0,396.0,12072.0,3.2803180914512926
Nordeste,Total,Amarela,35 a 44 anos,11046.0,920.0,11966.0,7.688450610061842
Nordeste,Total,Amarela,45 a 54 anos,7076.0,1388.0,8464.0,16.398865784499055
Nordeste,Total,Amarela,55 a 64 anos,5077.0,1569.0,6646.0,23.60818537466145
Nordeste,Total,Amarela,65 anos ou mais,5123.0,2472.0,7595.0,32.54772876892692
Nordeste,Total,Amarela,75 anos ou mais,1834.0,1093.0,2927.0,37.34198838401093
Nordeste,Total,Amarela,80 anos ou mais,934.0,590.0,1524.0,38.71391076115486
Nordeste,Total,Amarela,Total,50871.0,6959.0,57830.0,12.033546602109633
Nordeste,Total,Branca,15 a 19 anos,1067504.0,23657.0,1091161.0,2.1680576926777992
Nordeste,Total,Branca,20 a 24 anos,1058471.0,25445.0,1083916.0,2.3475066333553523
Nordeste,Total,Branca,25 a 34 anos,1965431.0,67852.0,2033283.0,3.3370662126226405
Nordeste,Total,Branca,35 a 44 anos,1998490.0,159463.0,2157953.0,7.389549262657713
Nordeste,Total,Branca,45 a 54 anos,1517740.0,245102.0,1762842.0,13.903798525335793
Nordeste,Total,Branca,55 a 64 anos,1170961.0,276075.0,1447036.0,19.07865457390141
Nordeste,Total,Branca,65 anos ou mais,1219798.0,534830.0,1754628.0,30.4811048267781
Nordeste,Total,Branca,75 anos ou mais,492476.0,279377.0,771853.0,36.195622741636036
Nordeste,Total,Branca,80 anos ou mais,279299.0,170348.0,449647.0,37.884829655262905
Nordeste,Total,Branca,Total,9998395.0,1332424.0,11330819.0,11.759291186277004
Nordeste,Total,Indígena,15 a 19 anos,28234.0,1468.0,29702.0,4.942428119318564
Nordeste,Total,Indígena,20 a 24 anos,26814.0,1536.0,28350.0,5.417989417989419
Nordeste,Total,Indígena,25 a 34 anos,44405.0,3800.0,48205.0,7.882999688828959
Nordeste,Total,Indígena,35 a 44 anos,38339.0,7207.0,45546.0,15.82356299126158
Nordeste,Total,Indígena,45 a 54 anos,25796.0,8767.0,34563.0,25.36527500506322
Nordeste,Total,Indígena,55 a 64 anos,17359.0,9040.0,26399.0,34.243721353081554
Nordeste,Total,Indígena,65 anos ou mais,13451.0,13453.0,26904.0,50.00371691941719
Nordeste,Total,Indígena,75 anos ou mais,4505.0,6463.0,10968.0,58.92596644784829
Nordeste,Total,Indígena,80 anos ou mais,2392.0,3803.0,6195.0,61.38821630347054
Nordeste,Total,Indígena,Total,194398.0,45271.0,239669.0,18.888967701288024
Nordeste,Total,Parda,15 a 19 anos,2555205.0,63392.0,2618597.0,2.4208383344210658
Nordeste,Total,Parda,20 a 24 anos,2549822.0,69987.0,2619809.0,2.6714542930419736
Nordeste,Total,Parda,25 a 34 anos,4819628.0,205323.0,5024951.0,4.086069695007971
Nordeste,Total,Parda,35 a 44 anos,4633455.0,518891.0,5152346.0,10.070965730950522
Nordeste,Total,Parda,45 a 54 anos,3209899.0,765315.0,3975214.0,19.252171078085357
Nordeste,Total,Parda,55 a 64 anos,2204023.0,832326.0,3036349.0,27.412066267744585
Nordeste,Total,Parda,65 anos ou mais,1713859.0,1259916.0,2973775.0,42.36756311422351
Nordeste,Total,Parda,75 anos ou mais,569192.0,579491.0,1148683.0,50.44829600507712
Nordeste,Total,Parda,80 anos ou mais,296239.0,331926.0,628165.0,52.84057532654637
Nordeste,Total,Parda,Total,21685891.0,3715150.0,25401041.0,14.625975368489819
Nordeste,Total,Preta,15 a 19 anos,486047.0,13389.0,499436.0,2.6808239694375255
Nordeste,Total,Preta,20 a 24 anos,569436.0,16373.0,585809.0,2.7949382819314827
Nordeste,Total,Preta,25 a 34 anos,1109752.0,49046.0,1158798.0,4.232489182756615
Nordeste,Total,Preta,35 a 44 anos,1136938.0,129696.0,1266634.0,10.239421964040126
Nordeste,Total,Preta,45 a 54 anos,812232.0,205263.0,1017495.0,20.173366945292116
Nordeste,Total,Preta,55 a 64 anos,539450.0,239904.0,779354.0,30.782417232733778
Nordeste,Total,Preta,65 anos ou mais,397594.0,370278.0,767872.0,48.22131813635606
Nordeste,Total,Preta,75 anos ou mais,126261.0,168186.0,294447.0,57.119277832682954
Nordeste,Total,Preta,80 anos ou mais,65231.0,96435.0,161666.0,59.65076144643895
Nordeste,Total,Preta,Total,5051449.0,1023949.0,6075398.0,16.854023390730944
Nordeste,Total,Total,15 a 19 anos,4142140.0,102011.0,4244151.0,2.403566696849382
Nordeste,Total,Total,20 a 24 anos,4210931.0,113465.0,4324396.0,2.6238346349409256
Nordeste,Total,Total,25 a 34 anos,7951797.0,326431.0,8278228.0,3.9432472746582965
Nordeste,Total,Total,35 a 44 anos,7818942.0,816210.0,8635152.0,9.452178722505405
Nordeste,Total,Total,45 a 54 anos,5573113.0,1225888.0,6799001.0,18.030413585760613
Nordeste,Total,Total,55 a 64 anos,3937118.0,1358969.0,5296087.0,25.659869258190053
Nordeste,Total,Total,65 anos ou mais,3350015.0,2181015.0,5531030.0,39.432348043673606
Nordeste,Total,Total,75 anos ou mais,1194329.0,1034640.0,2228969.0,46.41787301662787
Nordeste,Total,Total,80 anos ou mais,644131.0,603122.0,1247253.0,48.35602720538656
Nordeste,Total,Total,Total,36984056.0,6123989.0,43108045.0,14.206139480461246
Norte,Homens,Amarela,15 a 19 anos,983.0,12.0,995.0,1.2060301507537687
Norte,Homens,Amarela,20 a 24 anos,1009.0,23.0,1032.0,2.2286821705426356
Norte,Homens,Amarela,25 a 34 anos,2100.0,32.0,2132.0,1.5009380863039399
Norte,Homens,Amarela,35 a 44 anos,2112.0,73.0,2185.0,3.3409610983981692
Norte,Homens,Amarela,45 a 54 anos,1572.0,85.0,1657.0,5.1297525648762825
Norte,Homens,Amarela,55 a 64 anos,1203.0,108.0,1311.0,8.237986270022883
Norte,Homens,Amarela,65 anos ou mais,1554.0,202.0,1756.0,11.503416856492027
Norte,Homens,Amarela,75 anos ou mais,591.0,99.0,690.0,14.347826086956522
Norte,Homens,Amarela,80 anos ou mais,311.0,55.0,366.0,15.027322404371585
Norte,Homens,Amarela,Total,10533.0,535.0,11068.0,4.833754969280809
Norte,Homens,Branca,15 a 19 anos,145418.0,3217.0,148635.0,2.164362364180711
Norte,Homens,Branca,20 a 24 anos,144199.0,3167.0,147366.0,2.149071020452479
Norte,Homens,Branca,25 a 34 anos,253146.0,6640.0,259786.0,2.555949897223099
Norte,Homens,Branca,35 a 44 anos,234551.0,11345.0,245896.0,4.613739141750984
Norte,Homens,Branca,45 a 54 anos,173317.0,15084.0,188401.0,8.00632693032415
Norte,Homens,Branca,55 a 64 anos,125655.0,16096.0,141751.0,11.355122715183667
Norte,Homens,Branca,65 anos ou mais,105530.0,27684.0,133214.0,20.781599531580767
Norte,Homens,Branca,75 anos ou mais,35120.0,13262.0,48382.0,27.4110206275061
Norte,Homens,Branca,80 anos ou mais,17522.0,7637.0,25159.0,30.354942565284787
Norte,Homens,Branca,Total,1181816.0,83233.0,1265049.0,6.579428939116193
Norte,Homens,Indígena,15 a 19 anos,27709.0,2704.0,30413.0,8.890934797619439
Norte,Homens,Indígena,20 a 24 anos,23165.0,2192.0,25357.0,8.644555743976023
Norte,Homens,Indígena,25 a 34 anos,33846.0,3496.0,37342.0,9.362112366772
Norte,Homens,Indígena,35 a 44 anos,24296.0,3810.0,28106.0,13.555824379136128
Norte,Homens,Indígena,45 a 54 anos,14779.0,4067.0,18846.0,21.580176164703385
Norte,Homens,Indígena,55 a 64 anos,8381.0,3779.0,12160.0,31.077302631578945
Norte,Homens,Indígena,65 anos ou mais,5768.0,5745.0,11513.0,49.90011291583427
Norte,Homens,Indígena,75 anos ou mais,1743.0,2666.0,4409.0,60.46722612837379
Norte,Homens,Indígena,80 anos ou mais,869.0,1640.0,2509.0,65.36468712634516
Norte,Homens,Indígena,Total,137944.0,25793.0,163737.0,15.752700977787548
Norte,Homens,Parda,15 a 19 anos,525304.0,14256.0,539560.0,2.64215286529765
Norte,Homens,Parda,20 a 24 anos,501977.0,13685.0,515662.0,2.653870170770776
Norte,Homens,Parda,25 a 34 anos,885800.0,32982.0,918782.0,3.5897525201843314
Norte,Homens,Parda,35 a 44 anos,820266.0,59311.0,879577.0,6.743127662501407
Norte,Homens,Parda,45 a 54 anos,561461.0,76473.0,637934.0,11.987603733301565
Norte,Homens,Parda,55 a 64 anos,350648.0,77754.0,428402.0,18.149775211133466
Norte,Homens,Parda,65 anos ou mais,253525.0,107737.0,361262.0,29.822400363171326
Norte,Homens,Parda,75 anos ou mais,74548.0,45830.0,120378.0,38.071740683513596
Norte,Homens,Parda,80 anos ou mais,35546.0,24930.0,60476.0,41.22296448177789
Norte,Homens,Parda,Total,3898981.0,382198.0,4281179.0,8.92740060623487
Norte,Homens,Preta,15 a 19 anos,64162.0,1854.0,66016.0,2.808410082404266
Norte,Homens,Preta,20 a 24 anos,74191.0,2140.0,76331.0,2.8035791487076023
Norte,Homens,Preta,25 a 34 anos,142483.0,5584.0,148067.0,3.771265710793087
Norte,Homens,Preta,35 a 44 anos,138701.0,12566.0,151267.0,8.307165475615964
Norte,Homens,Preta,45 a 54 anos,100098.0,18004.0,118102.0,15.244449712959984
Norte,Homens,Preta,55 a 64 anos,61277.0,19683.0,80960.0,24.312005928853754
Norte,Homens,Preta,65 anos ou mais,42671.0,28285.0,70956.0,39.862731833812504
Norte,Homens,Preta,75 anos ou mais,12761.0,11847.0,24608.0,48.14288036410923
Norte,Homens,Preta,80 anos ou mais,6119.0,6364.0,12483.0,50.9813346150765
Norte,Homens,Preta,Total,623583.0,88116.0,711699.0,12.381076831638094
Norte,Homens,Total,15 a 19 anos,763666.0,22048.0,785714.0,2.8061101113127678
Norte,Homens,Total,20 a 24 anos,744741.0,21225.0,765966.0,2.771010723713585
Norte,Homens,Total,25 a 34 anos,1317740.0,48766.0,1366506.0,3.5686634379944184
Norte,Homens,Total,35 a 44 anos,1220100.0,87135.0,1307235.0,6.665595703909396
Norte,Homens,Total,45 a 54 anos,851328.0,113731.0,965059.0,11.784875328865905
Norte,Homens,Total,55 a 64 anos,547212.0,117436.0,664648.0,17.66890143354076
Norte,Homens,Total,65 anos ou mais,409074.0,169659.0,578733.0,29.31559112751476
Norte,Homens,Total,75 anos ou mais,124772.0,73706.0,198478.0,37.135601930692566
Norte,Homens,Total,80 anos ou mais,60370.0,40627.0,100997.0,40.22594730536551
Norte,Homens,Total,Total,5853861.0,580000.0,6433861.0,9.014804640634916
Norte,Mulheres,Amarela,15 a 19 anos,1322.0,15.0,1337.0,1.1219147344801794
Norte,Mulheres,Amarela,20 a 24 anos,1450.0,16.0,1466.0,1.0914051841746248
Norte,Mulheres,Amarela,25 a 34 anos,2859.0,34.0,2893.0,1.1752506049083997
Norte,Mulheres,Amarela,35 a 44 anos,2773.0,60.0,2833.0,2.1178962230850686
Norte,Mulheres,Amarela,45 a 54 anos,1921.0,107.0,2028.0,5.276134122287968
Norte,Mulheres,Amarela,55 a 64 anos,1318.0,127.0,1445.0,8.788927335640139
Norte,Mulheres,Amarela,65 anos ou mais,1504.0,233.0,1737.0,13.413932066781808
Norte,Mulheres,Amarela,75 anos ou mais,594.0,139.0,733.0,18.963165075034105
Norte,Mulheres,Amarela,80 anos ou mais,313.0,80.0,393.0,20.35623409669211
Norte,Mulheres,Amarela,Total,13147.0,592.0,13739.0,4.308901666787976
Norte,Mulheres,Branca,15 a 19 anos,155885.0,1950.0,157835.0,1.2354674185066683
Norte,Mulheres,Branca,20 a 24 anos,151193.0,2039.0,153232.0,1.3306620027148375
Norte,Mulheres,Branca,25 a 34 anos,272549.0,4271.0,276820.0,1.542879849721841
Norte,Mulheres,Branca,35 a 44 anos,270172.0,7950.0,278122.0,2.858457799095361
Norte,Mulheres,Branca,45 a 54 anos,199741.0,11591.0,211332.0,5.4847349194632145
Norte,Mulheres,Branca,55 a 64 anos,137809.0,15160.0,152969.0,9.910504742791023
Norte,Mulheres,Branca,65 anos ou mais,127997.0,33869.0,161866.0,20.924097710451857
Norte,Mulheres,Branca,75 anos ou mais,48490.0,17838.0,66328.0,26.893619587504524
Norte,Mulheres,Branca,80 anos ou mais,26533.0,11056.0,37589.0,29.41286014525526
Norte,Mulheres,Branca,Total,1315346.0,76830.0,1392176.0,5.518698785211066
Norte,Mulheres,Indígena,15 a 19 anos,26555.0,2793.0,29348.0,9.516832492844488
Norte,Mulheres,Indígena,20 a 24 anos,22438.0,2468.0,24906.0,9.909258813137397
Norte,Mulheres,Indígena,25 a 34 anos,32959.0,4354.0,37313.0,11.66885535872216
Norte,Mulheres,Indígena,35 a 44 anos,22011.0,5350.0,27361.0,19.553378896970138
Norte,Mulheres,Indígena,45 a 54 anos,12519.0,5387.0,17906.0,30.08488774712387
Norte,Mulheres,Indígena,55 a 64 anos,6951.0,4939.0,11890.0,41.539108494533224
Norte,Mulheres,Indígena,65 anos ou mais,4614.0,7586.0,12200.0,62.18032786885246
Norte,Mulheres,Indígena,75 anos ou mais,1388.0,3705.0,5093.0,72.74690752012566
Norte,Mulheres,Indígena,80 anos ou mais,654.0,2194.0,2848.0,77.03651685393258
Norte,Mulheres,Indígena,Total,128047.0,32877.0,160924.0,20.43014093609406
Norte,Mulheres,Parda,15 a 19 anos,509598.0,6846.0,516444.0,1.325603550433348
Norte,Mulheres,Parda,20 a 24 anos,509020.0,7236.0,516256.0,1.4016301989710531
Norte,Mulheres,Parda,25 a 34 anos,958115.0,18070.0,976185.0,1.8510835548589664
Norte,Mulheres,Parda,35 a 44 anos,876210.0,38619.0,914829.0,4.221444663428904
Norte,Mulheres,Parda,45 a 54 anos,594847.0,55743.0,650590.0,8.56806898353802
Norte,Mulheres,Parda,55 a 64 anos,375765.0,69506.0,445271.0,15.609819637928362
Norte,Mulheres,Parda,65 anos ou mais,274449.0,114659.0,389108.0,29.467140228419876
Norte,Mulheres,Parda,75 anos ou mais,85423.0,53720.0,139143.0,38.607763236382716
Norte,Mulheres,Parda,80 anos ou mais,43085.0,31519.0,74604.0,42.248404911264814
Norte,Mulheres,Parda,Total,4098004.0,310679.0,4408683.0,7.046979789656003
Norte,Mulheres,Preta,15 a 19 anos,53840.0,772.0,54612.0,1.4136087306819014
Norte,Mulheres,Preta,20 a 24 anos,61334.0,815.0,62149.0,1.31136462372685
Norte,Mulheres,Preta,25 a 34 anos,116108.0,2371.0,118479.0,2.0011985246330575
Norte,Mulheres,Preta,35 a 44 anos,112853.0,5940.0,118793.0,5.0002946301549756
Norte,Mulheres,Preta,45 a 54 anos,80632.0,10048.0,90680.0,11.080723423026026
Norte,Mulheres,Preta,55 a 64 anos,52053.0,14203.0,66256.0,21.436549142719148
Norte,Mulheres,Preta,65 anos ou mais,37952.0,24851.0,62803.0,39.569765775520274
Norte,Mulheres,Preta,75 anos ou mais,11941.0,11390.0,23331.0,48.81916763104882
Norte,Mulheres,Preta,80 anos ou mais,6043.0,6513.0,12556.0,51.87161516406499
Norte,Mulheres,Preta,Total,514772.0,59000.0,573772.0,10.282830113703701
Norte,Mulheres,Total,15 a 19 anos,747289.0,12376.0,759665.0,1.6291391600244847
Norte,Mulheres,Total,20 a 24 anos,745556.0,12575.0,758131.0,1.658684317090318
Norte,Mulheres,Total,25 a 34 anos,1382776.0,29107.0,1411883.0,2.061573090688109
Norte,Mulheres,Total,35 a 44 anos,1284146.0,57920.0,1342066.0,4.3157340995152245
Norte,Mulheres,Total,45 a 54 anos,889733.0,82883.0,972616.0,8.521657056844633
Norte,Mulheres,Total,55 a 64 anos,573932.0,103938.0,677870.0,15.333028456783747
Norte,Mulheres,Total,65 anos ou mais,446540.0,181202.0,627742.0,28.865680486569325
Norte,Mulheres,Total,75 anos ou mais,147841.0,86794.0,234635.0,36.991071238306304
Norte,Mulheres,Total,80 anos ou mais,76630.0,51363.0,127993.0,40.129538334127645
Norte,Mulheres,Total,Total,6069972.0,480001.0,6549973.0,7.328289750202023
Norte,Total,Amarela,15 a 19 anos,2305.0,27.0,2332.0,1.1578044596912522
Norte,Total,Amarela,20 a 24 anos,2459.0,39.0,2498.0,1.5612489991993594
Norte,Total,Amarela,25 a 34 anos,4959.0,66.0,5025.0,1.3134328358208955
Norte,Total,Amarela,35 a 44 anos,4885.0,133.0,5018.0,2.6504583499402155
Norte,Total,Amarela,45 a 54 anos,3493.0,192.0,3685.0,5.210312075983717
Norte,Total,Amarela,55 a 64 anos,2521.0,235.0,2756.0,8.526850507982584
Norte,Total,Amarela,65 anos ou mais,3058.0,435.0,3493.0,12.453478385342112
Norte,Total,Amarela,75 anos ou mais,1185.0,238.0,1423.0,16.725228390723824
Norte,Total,Amarela,80 anos ou mais,624.0,135.0,759.0,17.786561264822133
Norte,Total,Amarela,Total,23680.0,1127.0,24807.0,4.5430725198532675
Norte,Total,Branca,15 a 19 anos,301303.0,5167.0,306470.0,1.6859725258589748
Norte,Total,Branca,20 a 24 anos,295392.0,5206.0,300598.0,1.7318811169734993
Norte,Total,Branca,25 a 34 anos,525695.0,10911.0,536606.0,2.0333354453733277
Norte,Total,Branca,35 a 44 anos,504723.0,19295.0,524018.0,3.6821254231724865
Norte,Total,Branca,45 a 54 anos,373058.0,26675.0,399733.0,6.6732043639129115
Norte,Total,Branca,55 a 64 anos,263464.0,31256.0,294720.0,10.605320304017372
Norte,Total,Branca,65 anos ou mais,233527.0,61553.0,295080.0,20.859766842890064
Norte,Total,Branca,75 anos ou mais,83610.0,31100.0,114710.0,27.111847267021183
Norte,Total,Branca,80 anos ou mais,44055.0,18693.0,62748.0,29.79059093516925
Norte,Total,Branca,Total,2497162.0,160063.0,2657225.0,6.023690127858951
Norte,Total,Indígena,15 a 19 anos,54264.0,5497.0,59761.0,9.198306587908501
Norte,Total,Indígena,20 a 24 anos,45603.0,4660.0,50263.0,9.271233312774804
Norte,Total,Indígena,25 a 34 anos,66805.0,7850.0,74655.0,10.515035831491527
Norte,Total,Indígena,35 a 44 anos,46307.0,9160.0,55467.0,16.514323832188506
Norte,Total,Indígena,45 a 54 anos,27298.0,9454.0,36752.0,25.72377013495864
Norte,Total,Indígena,55 a 64 anos,15332.0,8718.0,24050.0,36.24948024948025
Norte,Total,Indígena,65 anos ou mais,10382.0,13331.0,23713.0,56.218108210686125
Norte,Total,Indígena,75 anos ou mais,3131.0,6371.0,9502.0,67.04904230688277
Norte,Total,Indígena,80 anos ou mais,1523.0,3834.0,5357.0,71.56990853089415
Norte,Total,Indígena,Total,265991.0,58670.0,324661.0,18.071157299460054
Norte,Total,Parda,15 a 19 anos,1034902.0,21102.0,1056004.0,1.9982878852731618
Norte,Total,Parda,20 a 24 anos,1010997.0,20921.0,1031918.0,2.0273897732184145
Norte,Total,Parda,25 a 34 anos,1843915.0,51052.0,1894967.0,2.6940838547584205
Norte,Total,Parda,35 a 44 anos,1696476.0,97930.0,1794406.0,5.457516303445263
Norte,Total,Parda,45 a 54 anos,1156308.0,132216.0,1288524.0,10.261042867653222
Norte,Total,Parda,55 a 64 anos,726413.0,147260.0,873673.0,16.85527651649988
Norte,Total,Parda,65 anos ou mais,527974.0,222396.0,750370.0,29.638178498607353
Norte,Total,Parda,75 anos ou mais,159971.0,99550.0,259521.0,38.35913086031574
Norte,Total,Parda,80 anos ou mais,78631.0,56449.0,135080.0,41.78931003849571
Norte,Total,Parda,Total,7996985.0,692877.0,8689862.0,7.973394744358426
Norte,Total,Preta,15 a 19 anos,118002.0,2626.0,120628.0,2.176940677123056
Norte,Total,Preta,20 a 24 anos,135525.0,2955.0,138480.0,2.133882149046794
Norte,Total,Preta,25 a 34 anos,258591.0,7955.0,266546.0,2.9844754751525064
Norte,Total,Preta,35 a 44 anos,251554.0,18506.0,270060.0,6.852551284899652
Norte,Total,Preta,45 a 54 anos,180730.0,28052.0,208782.0,13.43602417832955
Norte,Total,Preta,55 a 64 anos,113330.0,33886.0,147216.0,23.01787849146832
Norte,Total,Preta,65 anos ou mais,80623.0,53136.0,133759.0,39.72517737124231
Norte,Total,Preta,75 anos ou mais,24702.0,23237.0,47939.0,48.47201652099543
Norte,Total,Preta,80 anos ou mais,12162.0,12877.0,25039.0,51.42777267462758
Norte,Total,Preta,Total,1138355.0,147116.0,1285471.0,11.444521113272877
Norte,Total,Total,15 a 19 anos,1510955.0,34424.0,1545379.0,2.22754418171853
Norte,Total,Total,20 a 24 anos,1490297.0,33800.0,1524097.0,2.2177066157862657
Norte,Total,Total,25 a 34 anos,2700516.0,77873.0,2778389.0,2.8028112694082794
Norte,Total,Total,35 a 44 anos,2504246.0,145055.0,2649301.0,5.475217802733626
Norte,Total,Total,45 a 54 anos,1741061.0,196614.0,1937675.0,10.146902860386804
Norte,Total,Total,55 a 64 anos,1121144.0,221374.0,1342518.0,16.489462338680003
Norte,Total,Total,65 anos ou mais,855614.0,350861.0,1206475.0,29.081497751714707
Norte,Total,Total,75 anos ou mais,272613.0,160500.0,433113.0,37.05730375213859
Norte,Total,Total,80 anos ou mais,137000.0,91990.0,228990.0,40.172059915280144
Norte,Total,Total,Total,11923833.0,1060001.0,12983834.0,8.164006101741597
Paraná,Homens,Amarela,15 a 19 anos,2543.0,19.0,2562.0,0.741608118657299
Paraná,Homens,Amarela,20 a 24 anos,3103.0,29.0,3132.0,0.9259259259259258
Paraná,Homens,Amarela,25 a 34 anos,5859.0,46.0,5905.0,0.7790008467400509
Paraná,Homens,Amarela,35 a 44 anos,7353.0,56.0,7409.0,0.7558374949385882
Paraná,Homens,Amarela,45 a 54 anos,6536.0,71.0,6607.0,1.0746178295746933
Paraná,Homens,Amarela,55 a 64 anos,6385.0,67.0,6452.0,1.0384376937383757
Paraná,Homens,Amarela,65 anos ou mais,10456.0,215.0,10671.0,2.0148064848655234
Paraná,Homens,Amarela,75 anos ou mais,4677.0,140.0,4817.0,2.9063732613659954
Paraná,Homens,Amarela,80 anos ou mais,2523.0,104.0,2627.0,3.9588884659307197
Paraná,Homens,Amarela,Total,42235.0,503.0,42738.0,1.1769385558519352
Paraná,Homens,Branca,15 a 19 anos,232685.0,2102.0,234787.0,0.8952795512528376
Paraná,Homens,Branca,20 a 24 anos,252502.0,2277.0,254779.0,0.8937157301033444
Paraná,Homens,Branca,25 a 34 anos,524802.0,4730.0,529532.0,0.8932415793568661
Paraná,Homens,Branca,35 a 44 anos,522215.0,6706.0,528921.0,1.267864199001363
Paraná,Homens,Branca,45 a 54 anos,451773.0,10989.0,462762.0,2.374654790151309
Paraná,Homens,Branca,55 a 64 anos,381323.0,16687.0,398010.0,4.192608225923972
Paraná,Homens,Branca,65 anos ou mais,357451.0,36789.0,394240.0,9.331625405844155
Paraná,Homens,Branca,75 anos ou mais,121035.0,18102.0,139137.0,13.010198581254448
Paraná,Homens,Branca,80 anos ou mais,58799.0,10375.0,69174.0,14.998409807152976
Paraná,Homens,Branca,Total,2722751.0,80280.0,2803031.0,2.8640425311029385
Paraná,Homens,Indígena,15 a 19 anos,1346.0,28.0,1374.0,2.037845705967977
Paraná,Homens,Indígena,20 a 24 anos,1303.0,33.0,1336.0,2.470059880239521
Paraná,Homens,Indígena,25 a 34 anos,2210.0,98.0,2308.0,4.2461005199306765
Paraná,Homens,Indígena,35 a 44 anos,1621.0,135.0,1756.0,7.687927107061504
Paraná,Homens,Indígena,45 a 54 anos,1127.0,168.0,1295.0,12.972972972972974
Paraná,Homens,Indígena,55 a 64 anos,870.0,193.0,1063.0,18.156161806208843
Paraná,Homens,Indígena,65 anos ou mais,594.0,316.0,910.0,34.72527472527472
Paraná,Homens,Indígena,75 anos ou mais,168.0,151.0,319.0,47.33542319749217
Paraná,Homens,Indígena,80 anos ou mais,81.0,91.0,172.0,52.90697674418605
Paraná,Homens,Indígena,Total,9071.0,971.0,10042.0,9.66938856801434
Paraná,Homens,Parda,15 a 19 anos,131373.0,1555.0,132928.0,1.1698062108810785
Paraná,Homens,Parda,20 a 24 anos,144825.0,1734.0,146559.0,1.1831412605162426
Paraná,Homens,Parda,25 a 34 anos,283684.0,4085.0,287769.0,1.4195413682502285
Paraná,Homens,Parda,35 a 44 anos,259129.0,7140.0,266269.0,2.6814987850632255
Paraná,Homens,Parda,45 a 54 anos,214084.0,12345.0,226429.0,5.452040153867217
Paraná,Homens,Parda,55 a 64 anos,152068.0,17309.0,169377.0,10.219215123659056
Paraná,Homens,Parda,65 anos ou mais,111015.0,31124.0,142139.0,21.89687559360907
Paraná,Homens,Parda,75 anos ou mais,32481.0,14315.0,46796.0,30.590221386443282
Paraná,Homens,Parda,80 anos ou mais,14833.0,7922.0,22755.0,34.81432652164359
Paraná,Homens,Parda,Total,1296178.0,75292.0,1371470.0,5.489875826667736
Paraná,Homens,Preta,15 a 19 anos,14891.0,194.0,15085.0,1.2860457408021213
Paraná,Homens,Preta,20 a 24 anos,20739.0,279.0,21018.0,1.3274336283185841
Paraná,Homens,Preta,25 a 34 anos,47446.0,790.0,48236.0,1.6377809105232608
Paraná,Homens,Preta,35 a 44 anos,47158.0,1527.0,48685.0,3.1364896785457534
Paraná,Homens,Preta,45 a 54 anos,38834.0,2446.0,41280.0,5.925387596899225
Paraná,Homens,Preta,55 a 64 anos,25939.0,3791.0,29730.0,12.751429532458797
Paraná,Homens,Preta,65 anos ou mais,18278.0,6993.0,25271.0,27.672035139092237
Paraná,Homens,Preta,75 anos ou mais,5490.0,3428.0,8918.0,38.43911190849966
Paraná,Homens,Preta,80 anos ou mais,2599.0,1888.0,4487.0,42.077111655894804
Paraná,Homens,Preta,Total,213285.0,16020.0,229305.0,6.986328252763786
Paraná,Homens,Total,15 a 19 anos,382845.0,3898.0,386743.0,1.0079044740305578
Paraná,Homens,Total,20 a 24 anos,422489.0,4352.0,426841.0,1.0195834045932795
Paraná,Homens,Total,25 a 34 anos,864051.0,9750.0,873801.0,1.1158146992278561
Paraná,Homens,Total,35 a 44 anos,837507.0,15565.0,853072.0,1.8245822158035898
Paraná,Homens,Total,45 a 54 anos,712374.0,26019.0,738393.0,3.523733296496581
Paraná,Homens,Total,55 a 64 anos,566604.0,38047.0,604651.0,6.2923901556435045
Paraná,Homens,Total,65 anos ou mais,497813.0,75437.0,573250.0,13.159529001308329
Paraná,Homens,Total,75 anos ou mais,163860.0,36136.0,199996.0,18.068361367227347
Paraná,Homens,Total,80 anos ou mais,78840.0,20380.0,99220.0,20.540213666599477
Paraná,Homens,Total,Total,4283683.0,173068.0,4456751.0,3.8832773022320524
Paraná,Mulheres,Amarela,15 a 19 anos,2609.0,11.0,2620.0,0.41984732824427484
Paraná,Mulheres,Amarela,20 a 24 anos,3167.0,20.0,3187.0,0.6275494195167869
Paraná,Mulheres,Amarela,25 a 34 anos,6013.0,30.0,6043.0,0.4964421644878371
Paraná,Mulheres,Amarela,35 a 44 anos,7250.0,44.0,7294.0,0.6032355360570332
Paraná,Mulheres,Amarela,45 a 54 anos,7006.0,69.0,7075.0,0.9752650176678446
Paraná,Mulheres,Amarela,55 a 64 anos,6984.0,110.0,7094.0,1.5506061460389062
Paraná,Mulheres,Amarela,65 anos ou mais,12640.0,432.0,13072.0,3.3047735618115053
Paraná,Mulheres,Amarela,75 anos ou mais,5941.0,332.0,6273.0,5.292523513470429
Paraná,Mulheres,Amarela,80 anos ou mais,3369.0,267.0,3636.0,7.343234323432343
Paraná,Mulheres,Amarela,Total,45669.0,716.0,46385.0,1.5436024576910639
Paraná,Mulheres,Branca,15 a 19 anos,232420.0,1420.0,233840.0,0.6072528224426958
Paraná,Mulheres,Branca,20 a 24 anos,260243.0,1507.0,261750.0,0.5757402101241643
Paraná,Mulheres,Branca,25 a 34 anos,559314.0,3127.0,562441.0,0.5559694261264737
Paraná,Mulheres,Branca,35 a 44 anos,578540.0,5250.0,583790.0,0.8992959797187344
Paraná,Mulheres,Branca,45 a 54 anos,512561.0,11143.0,523704.0,2.127728640606144
Paraná,Mulheres,Branca,55 a 64 anos,448844.0,20914.0,469758.0,4.452079581401488
Paraná,Mulheres,Branca,65 anos ou mais,454685.0,64679.0,519364.0,12.453500820233979
Paraná,Mulheres,Branca,75 anos ou mais,170183.0,35223.0,205406.0,17.147989834766268
Paraná,Mulheres,Branca,80 anos ou mais,90661.0,21691.0,112352.0,19.306287382512107
Paraná,Mulheres,Branca,Total,3046607.0,108040.0,3154647.0,3.4247888908014112
Paraná,Mulheres,Indígena,15 a 19 anos,1342.0,20.0,1362.0,1.4684287812041115
Paraná,Mulheres,Indígena,20 a 24 anos,1324.0,36.0,1360.0,2.6470588235294117
Paraná,Mulheres,Indígena,25 a 34 anos,2145.0,101.0,2246.0,4.496883348174532
Paraná,Mulheres,Indígena,35 a 44 anos,1593.0,181.0,1774.0,10.20293122886133
Paraná,Mulheres,Indígena,45 a 54 anos,1087.0,270.0,1357.0,19.896831245394253
Paraná,Mulheres,Indígena,55 a 64 anos,800.0,288.0,1088.0,26.47058823529412
Paraná,Mulheres,Indígena,65 anos ou mais,662.0,525.0,1187.0,44.229149115417016
Paraná,Mulheres,Indígena,75 anos ou mais,228.0,274.0,502.0,54.581673306772906
Paraná,Mulheres,Indígena,80 anos ou mais,110.0,181.0,291.0,62.19931271477663
Paraná,Mulheres,Indígena,Total,8953.0,1421.0,10374.0,13.69770580296896
Paraná,Mulheres,Parda,15 a 19 anos,122990.0,883.0,123873.0,0.7128268468512106
Paraná,Mulheres,Parda,20 a 24 anos,135722.0,890.0,136612.0,0.6514801042368167
Paraná,Mulheres,Parda,25 a 34 anos,278078.0,2381.0,280459.0,0.848965445929708
Paraná,Mulheres,Parda,35 a 44 anos,255753.0,5684.0,261437.0,2.174137555128004
Paraná,Mulheres,Parda,45 a 54 anos,216349.0,13629.0,229978.0,5.9262190296463135
Paraná,Mulheres,Parda,55 a 64 anos,160241.0,23481.0,183722.0,12.780723048954398
Paraná,Mulheres,Parda,65 anos ou mais,113720.0,49733.0,163453.0,30.426483453959243
Paraná,Mulheres,Parda,75 anos ou mais,32979.0,23239.0,56218.0,41.33729410509089
Paraná,Mulheres,Parda,80 anos ou mais,15169.0,13112.0,28281.0,46.36328276935045
Paraná,Mulheres,Parda,Total,1282853.0,96681.0,1379534.0,7.008236114514031
Paraná,Mulheres,Preta,15 a 19 anos,12486.0,93.0,12579.0,0.7393274505127594
Paraná,Mulheres,Preta,20 a 24 anos,16751.0,118.0,16869.0,0.6995079732052878
Paraná,Mulheres,Preta,25 a 34 anos,37925.0,399.0,38324.0,1.0411230560484293
Paraná,Mulheres,Preta,35 a 44 anos,38991.0,918.0,39909.0,2.3002330301435765
Paraná,Mulheres,Preta,45 a 54 anos,33472.0,2243.0,35715.0,6.2802743945121104
Paraná,Mulheres,Preta,55 a 64 anos,24872.0,4435.0,29307.0,15.13290340191763
Paraná,Mulheres,Preta,65 anos ou mais,18327.0,10197.0,28524.0,35.748843079511985
Paraná,Mulheres,Preta,75 anos ou mais,5501.0,4875.0,10376.0,46.9834232845027
Paraná,Mulheres,Preta,80 anos ou mais,2601.0,2767.0,5368.0,51.54619970193741
Paraná,Mulheres,Preta,Total,182824.0,18403.0,201227.0,9.14539301385997
Paraná,Mulheres,Total,15 a 19 anos,371856.0,2427.0,374283.0,0.6484398169299701
Paraná,Mulheres,Total,20 a 24 anos,417225.0,2572.0,419797.0,0.6126770796361098
Paraná,Mulheres,Total,25 a 34 anos,883513.0,6038.0,889551.0,0.678769401641952
Paraná,Mulheres,Total,35 a 44 anos,882154.0,12077.0,894231.0,1.3505458880311687
Paraná,Mulheres,Total,45 a 54 anos,770505.0,27354.0,797859.0,3.428425323271405
Paraná,Mulheres,Total,55 a 64 anos,641762.0,49229.0,690991.0,7.124405382993411
Paraná,Mulheres,Total,65 anos ou mais,600051.0,125569.0,725620.0,17.305063256249827
Paraná,Mulheres,Total,75 anos ou mais,214837.0,63944.0,278781.0,22.93700072817014
Paraná,Mulheres,Total,80 anos ou mais,111914.0,38019.0,149933.0,25.35732627240167
Paraná,Mulheres,Total,Total,4567066.0,225266.0,4792332.0,4.700550796564178
Paraná,Total,Amarela,15 a 19 anos,5152.0,30.0,5182.0,0.5789270551910459
Paraná,Total,Amarela,20 a 24 anos,6270.0,49.0,6319.0,0.7754391517645197
Paraná,Total,Amarela,25 a 34 anos,11872.0,76.0,11948.0,0.6360897221292267
Paraná,Total,Amarela,35 a 44 anos,14603.0,100.0,14703.0,0.6801333061280012
Paraná,Total,Amarela,45 a 54 anos,13542.0,140.0,13682.0,1.023242216050285
Paraná,Total,Amarela,55 a 64 anos,13369.0,177.0,13546.0,1.3066587922633988
Paraná,Total,Amarela,65 anos ou mais,23096.0,647.0,23743.0,2.7250136882449563
Paraná,Total,Amarela,75 anos ou mais,10618.0,472.0,11090.0,4.256086564472498
Paraná,Total,Amarela,80 anos ou mais,5892.0,371.0,6263.0,5.923678748203736
Paraná,Total,Amarela,Total,87904.0,1219.0,89123.0,1.367772628838796
Paraná,Total,Branca,15 a 19 anos,465105.0,3522.0,468627.0,0.7515572086115396
Paraná,Total,Branca,20 a 24 anos,512745.0,3784.0,516529.0,0.7325822945081496
Paraná,Total,Branca,25 a 34 anos,1084116.0,7857.0,1091973.0,0.7195232849163853
Paraná,Total,Branca,35 a 44 anos,1100755.0,11956.0,1112711.0,1.0744928377629053
Paraná,Total,Branca,45 a 54 anos,964334.0,22132.0,986466.0,2.243564400597689
Paraná,Total,Branca,55 a 64 anos,830167.0,37601.0,867768.0,4.333070590296024
Paraná,Total,Branca,65 anos ou mais,812136.0,101468.0,913604.0,11.106343667497077
Paraná,Total,Branca,75 anos ou mais,291218.0,53325.0,344543.0,15.477023187236426
Paraná,Total,Branca,80 anos ou mais,149460.0,32066.0,181526.0,17.664687152253673
Paraná,Total,Branca,Total,5769358.0,188320.0,5957678.0,3.160963046341209
Paraná,Total,Indígena,15 a 19 anos,2688.0,48.0,2736.0,1.7543859649122806
Paraná,Total,Indígena,20 a 24 anos,2627.0,69.0,2696.0,2.559347181008902
Paraná,Total,Indígena,25 a 34 anos,4355.0,199.0,4554.0,4.369784804567414
Paraná,Total,Indígena,35 a 44 anos,3214.0,316.0,3530.0,8.951841359773372
Paraná,Total,Indígena,45 a 54 anos,2214.0,438.0,2652.0,16.515837104072396
Paraná,Total,Indígena,55 a 64 anos,1670.0,481.0,2151.0,22.361692236169223
Paraná,Total,Indígena,65 anos ou mais,1256.0,841.0,2097.0,40.10491177873152
Paraná,Total,Indígena,75 anos ou mais,396.0,425.0,821.0,51.76613885505481
Paraná,Total,Indígena,80 anos ou mais,191.0,272.0,463.0,58.747300215982726
Paraná,Total,Indígena,Total,18024.0,2392.0,20416.0,11.716300940438872
Paraná,Total,Parda,15 a 19 anos,254363.0,2438.0,256801.0,0.9493732501041663
Paraná,Total,Parda,20 a 24 anos,280547.0,2624.0,283171.0,0.9266485621762115
Paraná,Total,Parda,25 a 34 anos,561762.0,6466.0,568228.0,1.1379235095771416
Paraná,Total,Parda,35 a 44 anos,514882.0,12824.0,527706.0,2.430141025495257
Paraná,Total,Parda,45 a 54 anos,430433.0,25974.0,456407.0,5.690973188404209
Paraná,Total,Parda,55 a 64 anos,312309.0,40790.0,353099.0,11.552000996887559
Paraná,Total,Parda,65 anos ou mais,224735.0,80857.0,305592.0,26.459135055891515
Paraná,Total,Parda,75 anos ou mais,65460.0,37554.0,103014.0,36.45523909371542
Paraná,Total,Parda,80 anos ou mais,30002.0,21034.0,51036.0,41.214044987851715
Paraná,Total,Parda,Total,2579031.0,171973.0,2751004.0,6.251281350372446
Paraná,Total,Preta,15 a 19 anos,27377.0,287.0,27664.0,1.0374493927125508
Paraná,Total,Preta,20 a 24 anos,37490.0,397.0,37887.0,1.04785282550743
Paraná,Total,Preta,25 a 34 anos,85371.0,1189.0,86560.0,1.3736136783733826
Paraná,Total,Preta,35 a 44 anos,86149.0,2445.0,88594.0,2.7597805720477684
Paraná,Total,Preta,45 a 54 anos,72306.0,4689.0,76995.0,6.0900058445353595
Paraná,Total,Preta,55 a 64 anos,50811.0,8226.0,59037.0,13.933634839168658
Paraná,Total,Preta,65 anos ou mais,36605.0,17190.0,53795.0,31.954642624779257
Paraná,Total,Preta,75 anos ou mais,10991.0,8303.0,19294.0,43.03410386648699
Paraná,Total,Preta,80 anos ou mais,5200.0,4655.0,9855.0,47.23490613901573
Paraná,Total,Preta,Total,396109.0,34423.0,430532.0,7.995456783700167
Paraná,Total,Total,15 a 19 anos,754701.0,6325.0,761026.0,0.8311148370752116
Paraná,Total,Total,20 a 24 anos,839714.0,6924.0,846638.0,0.8178229656594671
Paraná,Total,Total,25 a 34 anos,1747564.0,15788.0,1763352.0,0.8953402383642064
Paraná,Total,Total,35 a 44 anos,1719661.0,27642.0,1747303.0,1.5819809157312725
Paraná,Total,Total,45 a 54 anos,1482879.0,53373.0,1536252.0,3.474234695870209
Paraná,Total,Total,55 a 64 anos,1208366.0,87276.0,1295642.0,6.736120008459127
Paraná,Total,Total,65 anos ou mais,1097864.0,201006.0,1298870.0,15.475451738819126
Paraná,Total,Total,75 anos ou mais,378697.0,100080.0,478777.0,20.903259763940206
Paraná,Total,Total,80 anos ou mais,190754.0,58399.0,249153.0,23.439011370523332
Paraná,Total,Total,Total,8850749.0,398334.0,9249083.0,4.306740462811287
Paraíba,Homens,Amarela,15 a 19 anos,131.0,4.0,135.0,2.9629629629629632
Paraíba,Homens,Amarela,20 a 24 anos,190.0,7.0,197.0,3.5532994923857872
Paraíba,Homens,Amarela,25 a 34 anos,327.0,9.0,336.0,2.6785714285714284
Paraíba,Homens,Amarela,35 a 44 anos,317.0,43.0,360.0,11.944444444444445
Paraíba,Homens,Amarela,45 a 54 anos,196.0,67.0,263.0,25.475285171102662
Paraíba,Homens,Amarela,55 a 64 anos,141.0,52.0,193.0,26.94300518134715
Paraíba,Homens,Amarela,65 anos ou mais,144.0,86.0,230.0,37.391304347826086
Paraíba,Homens,Amarela,75 anos ou mais,45.0,37.0,82.0,45.1219512195122
Paraíba,Homens,Amarela,80 anos ou mais,23.0,19.0,42.0,45.23809523809524
Paraíba,Homens,Amarela,Total,1446.0,268.0,1714.0,15.635939323220537
Paraíba,Homens,Branca,15 a 19 anos,50661.0,1670.0,52331.0,3.1912250864688234
Paraíba,Homens,Branca,20 a 24 anos,48952.0,1645.0,50597.0,3.251180900053363
Paraíba,Homens,Branca,25 a 34 anos,90287.0,4675.0,94962.0,4.923021840315074
Paraíba,Homens,Branca,35 a 44 anos,86849.0,10836.0,97685.0,11.092798280186313
Paraíba,Homens,Branca,45 a 54 anos,62952.0,16912.0,79864.0,21.175999198637683
Paraíba,Homens,Branca,55 a 64 anos,47820.0,16524.0,64344.0,25.680716150690042
Paraíba,Homens,Branca,65 anos ou mais,45568.0,26385.0,71953.0,36.6697705446611
Paraíba,Homens,Branca,75 anos ou mais,16767.0,13121.0,29888.0,43.90056209850107
Paraíba,Homens,Branca,80 anos ou mais,9062.0,7729.0,16791.0,46.03061163718659
Paraíba,Homens,Branca,Total,433089.0,78647.0,511736.0,15.368666656244626
Paraíba,Homens,Indígena,15 a 19 anos,1097.0,69.0,1166.0,5.917667238421955
Paraíba,Homens,Indígena,20 a 24 anos,980.0,62.0,1042.0,5.950095969289827
Paraíba,Homens,Indígena,25 a 34 anos,1717.0,148.0,1865.0,7.935656836461126
Paraíba,Homens,Indígena,35 a 44 anos,1475.0,347.0,1822.0,19.045005488474203
Paraíba,Homens,Indígena,45 a 54 anos,943.0,435.0,1378.0,31.567489114658926
Paraíba,Homens,Indígena,55 a 64 anos,561.0,410.0,971.0,42.224510813594236
Paraíba,Homens,Indígena,65 anos ou mais,407.0,420.0,827.0,50.78597339782346
Paraíba,Homens,Indígena,75 anos ou mais,116.0,163.0,279.0,58.422939068100355
Paraíba,Homens,Indígena,80 anos ou mais,58.0,85.0,143.0,59.44055944055944
Paraíba,Homens,Indígena,Total,7180.0,1891.0,9071.0,20.846654172638075
Paraíba,Homens,Parda,15 a 19 anos,83390.0,3258.0,86648.0,3.7600406241344286
Paraíba,Homens,Parda,20 a 24 anos,82298.0,3363.0,85661.0,3.9259406264227596
Paraíba,Homens,Parda,25 a 34 anos,153221.0,10365.0,163586.0,6.336116782609759
Paraíba,Homens,Parda,35 a 44 anos,142308.0,25763.0,168071.0,15.328640872012421
Paraíba,Homens,Parda,45 a 54 anos,93696.0,37890.0,131586.0,28.79485659568647
Paraíba,Homens,Parda,55 a 64 anos,62551.0,36084.0,98635.0,36.583362903634615
Paraíba,Homens,Parda,65 anos ou mais,48455.0,46195.0,94650.0,48.80612783940835
Paraíba,Homens,Parda,75 anos ou mais,15635.0,20565.0,36200.0,56.80939226519337
Paraíba,Homens,Parda,80 anos ou mais,7926.0,11493.0,19419.0,59.184304032133475
Paraíba,Homens,Parda,Total,665919.0,162918.0,828837.0,19.656217084903304
Paraíba,Homens,Preta,15 a 19 anos,10735.0,523.0,11258.0,4.645585361520697
Paraíba,Homens,Preta,20 a 24 anos,12939.0,658.0,13597.0,4.839302787379569
Paraíba,Homens,Preta,25 a 34 anos,25034.0,2087.0,27121.0,7.695143984366358
Paraíba,Homens,Preta,35 a 44 anos,24326.0,5178.0,29504.0,17.550162689804772
Paraíba,Homens,Preta,45 a 54 anos,17197.0,8382.0,25579.0,32.769068376402515
Paraíba,Homens,Preta,55 a 64 anos,10927.0,8152.0,19079.0,42.72760626867236
Paraíba,Homens,Preta,65 anos ou mais,7958.0,10770.0,18728.0,57.50747543784708
Paraíba,Homens,Preta,75 anos ou mais,2437.0,4684.0,7121.0,65.7772784721247
Paraíba,Homens,Preta,80 anos ou mais,1243.0,2583.0,3826.0,67.51176163094615
Paraíba,Homens,Preta,Total,109116.0,35750.0,144866.0,24.677978269573263
Paraíba,Homens,Total,15 a 19 anos,146019.0,5524.0,151543.0,3.645170017750737
Paraíba,Homens,Total,20 a 24 anos,145361.0,5735.0,151096.0,3.7956001482501187
Paraíba,Homens,Total,25 a 34 anos,270590.0,17285.0,287875.0,6.004342162396874
Paraíba,Homens,Total,35 a 44 anos,255280.0,42167.0,297447.0,14.176307039573436
Paraíba,Homens,Total,45 a 54 anos,174987.0,63687.0,238674.0,26.683677317177406
Paraíba,Homens,Total,55 a 64 anos,122003.0,61225.0,183228.0,33.414652782325845
Paraíba,Homens,Total,65 anos ou mais,102535.0,83856.0,186391.0,44.98929669350988
Paraíba,Homens,Total,75 anos ou mais,35002.0,38570.0,73572.0,52.42483553525798
Paraíba,Homens,Total,80 anos ou mais,18313.0,21909.0,40222.0,54.47019044304112
Paraíba,Homens,Total,Total,1216775.0,279479.0,1496254.0,18.67857997372104
Paraíba,Mulheres,Amarela,15 a 19 anos,187.0,3.0,190.0,1.5789473684210527
Paraíba,Mulheres,Amarela,20 a 24 anos,257.0,5.0,262.0,1.9083969465648856
Paraíba,Mulheres,Amarela,25 a 34 anos,527.0,7.0,534.0,1.3108614232209739
Paraíba,Mulheres,Amarela,35 a 44 anos,483.0,35.0,518.0,6.756756756756757
Paraíba,Mulheres,Amarela,45 a 54 anos,308.0,47.0,355.0,13.239436619718308
Paraíba,Mulheres,Amarela,55 a 64 anos,191.0,55.0,246.0,22.35772357723577
Paraíba,Mulheres,Amarela,65 anos ou mais,184.0,112.0,296.0,37.83783783783784
Paraíba,Mulheres,Amarela,75 anos ou mais,68.0,61.0,129.0,47.286821705426355
Paraíba,Mulheres,Amarela,80 anos ou mais,41.0,33.0,74.0,44.5945945945946
Paraíba,Mulheres,Amarela,Total,2137.0,264.0,2401.0,10.995418575593503
Paraíba,Mulheres,Branca,15 a 19 anos,50532.0,744.0,51276.0,1.4509712146033231
Paraíba,Mulheres,Branca,20 a 24 anos,49864.0,810.0,50674.0,1.5984528555077555
Paraíba,Mulheres,Branca,25 a 34 anos,97877.0,2191.0,100068.0,2.189511132429948
Paraíba,Mulheres,Branca,35 a 44 anos,103846.0,6491.0,110337.0,5.882886067230394
Paraíba,Mulheres,Branca,45 a 54 anos,82713.0,11657.0,94370.0,12.35244251351065
Paraíba,Mulheres,Branca,55 a 64 anos,66600.0,13484.0,80084.0,16.8373208131462
Paraíba,Mulheres,Branca,65 anos ou mais,76132.0,31340.0,107472.0,29.161083817180288
Paraíba,Mulheres,Branca,75 anos ou mais,32909.0,17564.0,50473.0,34.79880332058725
Paraíba,Mulheres,Branca,80 anos ou mais,19354.0,11191.0,30545.0,36.637747585529546
Paraíba,Mulheres,Branca,Total,527564.0,66717.0,594281.0,11.226507325659075
Paraíba,Mulheres,Indígena,15 a 19 anos,1076.0,35.0,1111.0,3.1503150315031503
Paraíba,Mulheres,Indígena,20 a 24 anos,1034.0,36.0,1070.0,3.364485981308411
Paraíba,Mulheres,Indígena,25 a 34 anos,1928.0,94.0,2022.0,4.648862512363996
Paraíba,Mulheres,Indígena,35 a 44 anos,1679.0,228.0,1907.0,11.955951756685893
Paraíba,Mulheres,Indígena,45 a 54 anos,1122.0,322.0,1444.0,22.299168975069254
Paraíba,Mulheres,Indígena,55 a 64 anos,723.0,328.0,1051.0,31.208372978116078
Paraíba,Mulheres,Indígena,65 anos ou mais,501.0,557.0,1058.0,52.646502835538755
Paraíba,Mulheres,Indígena,75 anos ou mais,156.0,264.0,420.0,62.857142857142854
Paraíba,Mulheres,Indígena,80 anos ou mais,91.0,147.0,238.0,61.76470588235294
Paraíba,Mulheres,Indígena,Total,8063.0,1600.0,9663.0,16.558004760426368
Paraíba,Mulheres,Parda,15 a 19 anos,81603.0,1114.0,82717.0,1.346760641706058
Paraíba,Mulheres,Parda,20 a 24 anos,85469.0,1291.0,86760.0,1.4880129091747347
Paraíba,Mulheres,Parda,25 a 34 anos,174718.0,4453.0,179171.0,2.485335238403536
Paraíba,Mulheres,Parda,35 a 44 anos,167785.0,15219.0,183004.0,8.316211667504536
Paraíba,Mulheres,Parda,45 a 54 anos,119765.0,26035.0,145800.0,17.85665294924554
Paraíba,Mulheres,Parda,55 a 64 anos,84598.0,29347.0,113945.0,25.75540831102725
Paraíba,Mulheres,Parda,65 anos ou mais,70975.0,50516.0,121491.0,41.58003473508325
Paraíba,Mulheres,Parda,75 anos ou mais,25095.0,24797.0,49892.0,49.70135492664154
Paraíba,Mulheres,Parda,80 anos ou mais,13528.0,14868.0,28396.0,52.359487251725604
Paraíba,Mulheres,Parda,Total,784913.0,127975.0,912888.0,14.01869670759173
Paraíba,Mulheres,Preta,15 a 19 anos,9289.0,147.0,9436.0,1.5578635014836795
Paraíba,Mulheres,Preta,20 a 24 anos,11156.0,227.0,11383.0,1.994201879996486
Paraíba,Mulheres,Preta,25 a 34 anos,22032.0,708.0,22740.0,3.113456464379947
Paraíba,Mulheres,Preta,35 a 44 anos,22547.0,2702.0,25249.0,10.701413917382867
Paraíba,Mulheres,Preta,45 a 54 anos,17552.0,5008.0,22560.0,22.198581560283685
Paraíba,Mulheres,Preta,55 a 64 anos,12678.0,6283.0,18961.0,33.13643795158483
Paraíba,Mulheres,Preta,65 anos ou mais,10590.0,11333.0,21923.0,51.69456734935912
Paraíba,Mulheres,Preta,75 anos ou mais,3658.0,5382.0,9040.0,59.5353982300885
Paraíba,Mulheres,Preta,80 anos ou mais,1955.0,3228.0,5183.0,62.28053251012927
Paraíba,Mulheres,Preta,Total,105844.0,26408.0,132252.0,19.967939993346036
Paraíba,Mulheres,Total,15 a 19 anos,142689.0,2043.0,144732.0,1.411574496310422
Paraíba,Mulheres,Total,20 a 24 anos,147782.0,2369.0,150151.0,1.577745069962904
Paraíba,Mulheres,Total,25 a 34 anos,297088.0,7453.0,304541.0,2.4472895275184623
Paraíba,Mulheres,Total,35 a 44 anos,296345.0,24675.0,321020.0,7.686436982119495
Paraíba,Mulheres,Total,45 a 54 anos,221461.0,43070.0,264531.0,16.281645629434735
Paraíba,Mulheres,Total,55 a 64 anos,164792.0,49499.0,214291.0,23.09896355889888
Paraíba,Mulheres,Total,65 anos ou mais,158385.0,93861.0,252246.0,37.210104421873886
Paraíba,Mulheres,Total,75 anos ou mais,61886.0,48070.0,109956.0,43.71748699479792
Paraíba,Mulheres,Total,80 anos ou mais,34969.0,29469.0,64438.0,45.73233185387504
Paraíba,Mulheres,Total,Total,1428542.0,222970.0,1651512.0,13.500961543119274
Paraíba,Total,Amarela,15 a 19 anos,318.0,7.0,325.0,2.1538461538461537
Paraíba,Total,Amarela,20 a 24 anos,447.0,12.0,459.0,2.6143790849673203
Paraíba,Total,Amarela,25 a 34 anos,854.0,16.0,870.0,1.839080459770115
Paraíba,Total,Amarela,35 a 44 anos,800.0,78.0,878.0,8.88382687927107
Paraíba,Total,Amarela,45 a 54 anos,504.0,114.0,618.0,18.446601941747574
Paraíba,Total,Amarela,55 a 64 anos,332.0,107.0,439.0,24.373576309794988
Paraíba,Total,Amarela,65 anos ou mais,328.0,198.0,526.0,37.6425855513308
Paraíba,Total,Amarela,75 anos ou mais,113.0,98.0,211.0,46.44549763033176
Paraíba,Total,Amarela,80 anos ou mais,64.0,52.0,116.0,44.827586206896555
Paraíba,Total,Amarela,Total,3583.0,532.0,4115.0,12.928311057108141
Paraíba,Total,Branca,15 a 19 anos,101193.0,2414.0,103607.0,2.329958400494175
Paraíba,Total,Branca,20 a 24 anos,98816.0,2455.0,101271.0,2.424188563359698
Paraíba,Total,Branca,25 a 34 anos,188164.0,6866.0,195030.0,3.5204840280982412
Paraíba,Total,Branca,35 a 44 anos,190695.0,17327.0,208022.0,8.329407466517964
Paraíba,Total,Branca,45 a 54 anos,145665.0,28569.0,174234.0,16.39691449430077
Paraíba,Total,Branca,55 a 64 anos,114420.0,30008.0,144428.0,20.77713462763453
Paraíba,Total,Branca,65 anos ou mais,121700.0,57725.0,179425.0,32.17221680367842
Paraíba,Total,Branca,75 anos ou mais,49676.0,30685.0,80361.0,38.18394494842025
Paraíba,Total,Branca,80 anos ou mais,28416.0,18920.0,47336.0,39.96957917863782
Paraíba,Total,Branca,Total,960653.0,145364.0,1106017.0,13.143016789072862
Paraíba,Total,Indígena,15 a 19 anos,2173.0,104.0,2277.0,4.567413263065437
Paraíba,Total,Indígena,20 a 24 anos,2014.0,98.0,2112.0,4.640151515151516
Paraíba,Total,Indígena,25 a 34 anos,3645.0,242.0,3887.0,6.225881142269102
Paraíba,Total,Indígena,35 a 44 anos,3154.0,575.0,3729.0,15.419683561276482
Paraíba,Total,Indígena,45 a 54 anos,2065.0,757.0,2822.0,26.824946846208363
Paraíba,Total,Indígena,55 a 64 anos,1284.0,738.0,2022.0,36.49851632047478
Paraíba,Total,Indígena,65 anos ou mais,908.0,977.0,1885.0,51.830238726790455
Paraíba,Total,Indígena,75 anos ou mais,272.0,427.0,699.0,61.08726752503576
Paraíba,Total,Indígena,80 anos ou mais,149.0,232.0,381.0,60.892388451443566
Paraíba,Total,Indígena,Total,15243.0,3491.0,18734.0,18.634568164833993
Paraíba,Total,Parda,15 a 19 anos,164993.0,4372.0,169365.0,2.5814070203406847
Paraíba,Total,Parda,20 a 24 anos,167767.0,4654.0,172421.0,2.6992071731401626
Paraíba,Total,Parda,25 a 34 anos,327939.0,14818.0,342757.0,4.323179395315048
Paraíba,Total,Parda,35 a 44 anos,310093.0,40982.0,351075.0,11.673289183222959
Paraíba,Total,Parda,45 a 54 anos,213461.0,63925.0,277386.0,23.04550337796428
Paraíba,Total,Parda,55 a 64 anos,147149.0,65431.0,212580.0,30.779471257879386
Paraíba,Total,Parda,65 anos ou mais,119430.0,96711.0,216141.0,44.744402959179425
Paraíba,Total,Parda,75 anos ou mais,40730.0,45362.0,86092.0,52.690145425823545
Paraíba,Total,Parda,80 anos ou mais,21454.0,26361.0,47815.0,55.13123496810625
Paraíba,Total,Parda,Total,1450832.0,290893.0,1741725.0,16.70143105254848
Paraíba,Total,Preta,15 a 19 anos,20024.0,670.0,20694.0,3.237653426113849
Paraíba,Total,Preta,20 a 24 anos,24095.0,885.0,24980.0,3.542834267413931
Paraíba,Total,Preta,25 a 34 anos,47066.0,2795.0,49861.0,5.605583522191693
Paraíba,Total,Preta,35 a 44 anos,46873.0,7880.0,54753.0,14.391905466367138
Paraíba,Total,Preta,45 a 54 anos,34749.0,13390.0,48139.0,27.815284904131786
Paraíba,Total,Preta,55 a 64 anos,23605.0,14435.0,38040.0,37.946898002103055
Paraíba,Total,Preta,65 anos ou mais,18548.0,22103.0,40651.0,54.372586160242065
Paraíba,Total,Preta,75 anos ou mais,6095.0,10066.0,16161.0,62.28574964420519
Paraíba,Total,Preta,80 anos ou mais,3198.0,5811.0,9009.0,64.5021645021645
Paraíba,Total,Preta,Total,214960.0,62158.0,277118.0,22.430156106784835
Paraíba,Total,Total,15 a 19 anos,288708.0,7567.0,296275.0,2.5540460720614293
Paraíba,Total,Total,20 a 24 anos,293143.0,8104.0,301247.0,2.6901512712159787
Paraíba,Total,Total,25 a 34 anos,567678.0,24738.0,592416.0,4.175781883001135
Paraíba,Total,Total,35 a 44 anos,551625.0,66842.0,618467.0,10.807690628602657
Paraíba,Total,Total,45 a 54 anos,396448.0,106757.0,503205.0,21.215409226855854
Paraíba,Total,Total,55 a 64 anos,286795.0,110724.0,397519.0,27.8537629647891
Paraíba,Total,Total,65 anos ou mais,260920.0,177717.0,438637.0,40.51573396681082
Paraíba,Total,Total,75 anos ou mais,96888.0,86640.0,183528.0,47.20805544658036
Paraíba,Total,Total,80 anos ou mais,53282.0,51378.0,104660.0,49.09038792279763
Paraíba,Total,Total,Total,2645317.0,502449.0,3147766.0,15.962082314886175
Pará,Homens,Amarela,15 a 19 anos,434.0,7.0,441.0,1.5873015873015872
Pará,Homens,Amarela,20 a 24 anos,415.0,6.0,421.0,1.4251781472684086
Pará,Homens,Amarela,25 a 34 anos,840.0,18.0,858.0,2.097902097902098
Pará,Homens,Amarela,35 a 44 anos,849.0,37.0,886.0,4.17607223476298
Pará,Homens,Amarela,45 a 54 anos,651.0,37.0,688.0,5.377906976744186
Pará,Homens,Amarela,55 a 64 anos,456.0,44.0,500.0,8.799999999999999
Pará,Homens,Amarela,65 anos ou mais,737.0,88.0,825.0,10.666666666666668
Pará,Homens,Amarela,75 anos ou mais,321.0,48.0,369.0,13.008130081300814
Pará,Homens,Amarela,80 anos ou mais,187.0,25.0,212.0,11.79245283018868
Pará,Homens,Amarela,Total,4382.0,237.0,4619.0,5.130980731760122
Pará,Homens,Branca,15 a 19 anos,64688.0,1615.0,66303.0,2.435787219281179
Pará,Homens,Branca,20 a 24 anos,64189.0,1667.0,65856.0,2.5312803692905734
Pará,Homens,Branca,25 a 34 anos,109755.0,3533.0,113288.0,3.1186003813290024
Pará,Homens,Branca,35 a 44 anos,102630.0,6188.0,108818.0,5.686559208954401
Pará,Homens,Branca,45 a 54 anos,73704.0,7766.0,81470.0,9.532343193813674
Pará,Homens,Branca,55 a 64 anos,52480.0,7710.0,60190.0,12.809436783518857
Pará,Homens,Branca,65 anos ou mais,45359.0,12245.0,57604.0,21.257204360808277
Pará,Homens,Branca,75 anos ou mais,15664.0,5743.0,21407.0,26.827673191012284
Pará,Homens,Branca,80 anos ou mais,7874.0,3213.0,11087.0,28.979886353386846
Pará,Homens,Branca,Total,512805.0,40724.0,553529.0,7.35715743890564
Pará,Homens,Indígena,15 a 19 anos,3680.0,259.0,3939.0,6.575272911906575
Pará,Homens,Indígena,20 a 24 anos,3058.0,255.0,3313.0,7.696951403561727
Pará,Homens,Indígena,25 a 34 anos,4473.0,349.0,4822.0,7.237660721692244
Pará,Homens,Indígena,35 a 44 anos,3244.0,397.0,3641.0,10.903597912661358
Pará,Homens,Indígena,45 a 54 anos,1984.0,498.0,2482.0,20.064464141821112
Pará,Homens,Indígena,55 a 64 anos,1072.0,443.0,1515.0,29.240924092409244
Pará,Homens,Indígena,65 anos ou mais,806.0,773.0,1579.0,48.95503483217226
Pará,Homens,Indígena,75 anos ou mais,240.0,365.0,605.0,60.33057851239669
Pará,Homens,Indígena,80 anos ou mais,113.0,197.0,310.0,63.54838709677419
Pará,Homens,Indígena,Total,18317.0,2974.0,21291.0,13.968343431496876
Pará,Homens,Parda,15 a 19 anos,255636.0,8294.0,263930.0,3.1424999052779143
Pará,Homens,Parda,20 a 24 anos,239455.0,7892.0,247347.0,3.1906592762394532
Pará,Homens,Parda,25 a 34 anos,426859.0,19890.0,446749.0,4.452164414469871
Pará,Homens,Parda,35 a 44 anos,395231.0,35508.0,430739.0,8.243507088979637
Pará,Homens,Parda,45 a 54 anos,266881.0,43691.0,310572.0,14.067913398503407
Pará,Homens,Parda,55 a 64 anos,167739.0,42090.0,209829.0,20.059191055573823
Pará,Homens,Parda,65 anos ou mais,127766.0,55291.0,183057.0,30.204253320004153
Pará,Homens,Parda,75 anos ou mais,38525.0,22838.0,61363.0,37.21786744455128
Pará,Homens,Parda,80 anos ou mais,18293.0,12179.0,30472.0,39.96783932790759
Pará,Homens,Parda,Total,1879567.0,212656.0,2092223.0,10.164117304895319
Pará,Homens,Preta,15 a 19 anos,33786.0,1131.0,34917.0,3.2391098891657357
Pará,Homens,Preta,20 a 24 anos,37990.0,1242.0,39232.0,3.1657830342577484
Pará,Homens,Preta,25 a 34 anos,72489.0,3427.0,75916.0,4.514199905158333
Pará,Homens,Preta,35 a 44 anos,70141.0,7350.0,77491.0,9.484972448413364
Pará,Homens,Preta,45 a 54 anos,49705.0,9923.0,59628.0,16.641510699671294
Pará,Homens,Preta,55 a 64 anos,30516.0,10234.0,40750.0,25.11411042944785
Pará,Homens,Preta,65 anos ou mais,22333.0,13851.0,36184.0,38.27934998894539
Pará,Homens,Preta,75 anos ou mais,6808.0,5589.0,12397.0,45.083487940630796
Pará,Homens,Preta,80 anos ou mais,3249.0,2926.0,6175.0,47.38461538461539
Pará,Homens,Preta,Total,316960.0,47158.0,364118.0,12.951296008436824
Pará,Homens,Total,15 a 19 anos,358258.0,11310.0,369568.0,3.0603298986925274
Pará,Homens,Total,20 a 24 anos,345223.0,11071.0,356294.0,3.1072653482797916
Pará,Homens,Total,25 a 34 anos,614655.0,27239.0,641894.0,4.243535537020131
Pará,Homens,Total,35 a 44 anos,572189.0,49499.0,621688.0,7.962032402105236
Pará,Homens,Total,45 a 54 anos,392978.0,61922.0,454900.0,13.612222466476148
Pará,Homens,Total,55 a 64 anos,252284.0,60529.0,312813.0,19.349899141020355
Pará,Homens,Total,65 anos ou mais,197014.0,82250.0,279264.0,29.45241778388908
Pará,Homens,Total,75 anos ou mais,61564.0,34583.0,96147.0,35.968880984326084
Pará,Homens,Total,80 anos ou mais,29719.0,18540.0,48259.0,38.41770446963261
Pará,Homens,Total,Total,2732601.0,303820.0,3036421.0,10.005858871348867
Pará,Mulheres,Amarela,15 a 19 anos,579.0,7.0,586.0,1.1945392491467577
Pará,Mulheres,Amarela,20 a 24 anos,651.0,7.0,658.0,1.0638297872340425
Pará,Mulheres,Amarela,25 a 34 anos,1229.0,11.0,1240.0,0.8870967741935484
Pará,Mulheres,Amarela,35 a 44 anos,1110.0,27.0,1137.0,2.3746701846965697
Pará,Mulheres,Amarela,45 a 54 anos,741.0,45.0,786.0,5.7251908396946565
Pará,Mulheres,Amarela,55 a 64 anos,558.0,44.0,602.0,7.308970099667775
Pará,Mulheres,Amarela,65 anos ou mais,779.0,94.0,873.0,10.767468499427263
Pará,Mulheres,Amarela,75 anos ou mais,346.0,55.0,401.0,13.715710723192021
Pará,Mulheres,Amarela,80 anos ou mais,186.0,31.0,217.0,14.285714285714285
Pará,Mulheres,Amarela,Total,5647.0,235.0,5882.0,3.995239714382863
Pará,Mulheres,Branca,15 a 19 anos,69905.0,980.0,70885.0,1.3825209846935176
Pará,Mulheres,Branca,20 a 24 anos,66285.0,981.0,67266.0,1.4583890821514585
Pará,Mulheres,Branca,25 a 34 anos,117042.0,2165.0,119207.0,1.8161685135940002
Pará,Mulheres,Branca,35 a 44 anos,117442.0,4075.0,121517.0,3.3534402593875754
Pará,Mulheres,Branca,45 a 54 anos,85308.0,5712.0,91020.0,6.2755438365194465
Pará,Mulheres,Branca,55 a 64 anos,59221.0,6927.0,66148.0,10.471971941706476
Pará,Mulheres,Branca,65 anos ou mais,59423.0,14957.0,74380.0,20.108900242000537
Pará,Mulheres,Branca,75 anos ou mais,23983.0,7888.0,31871.0,24.749772520473158
Pará,Mulheres,Branca,80 anos ou mais,13496.0,4927.0,18423.0,26.743744232752537
Pará,Mulheres,Branca,Total,574626.0,35797.0,610423.0,5.864294104252298
Pará,Mulheres,Indígena,15 a 19 anos,3509.0,350.0,3859.0,9.069707178025395
Pará,Mulheres,Indígena,20 a 24 anos,2840.0,306.0,3146.0,9.726636999364272
Pará,Mulheres,Indígena,25 a 34 anos,4260.0,611.0,4871.0,12.543625538903717
Pará,Mulheres,Indígena,35 a 44 anos,2968.0,671.0,3639.0,18.43913162956856
Pará,Mulheres,Indígena,45 a 54 anos,1779.0,682.0,2461.0,27.712312068264932
Pará,Mulheres,Indígena,55 a 64 anos,944.0,576.0,1520.0,37.89473684210527
Pará,Mulheres,Indígena,65 anos ou mais,807.0,932.0,1739.0,53.59401955146637
Pará,Mulheres,Indígena,75 anos ou mais,274.0,439.0,713.0,61.57082748948106
Pará,Mulheres,Indígena,80 anos ou mais,126.0,244.0,370.0,65.94594594594595
Pará,Mulheres,Indígena,Total,17107.0,4128.0,21235.0,19.439604426654107
Pará,Mulheres,Parda,15 a 19 anos,248485.0,3832.0,252317.0,1.5187244616890658
Pará,Mulheres,Parda,20 a 24 anos,243410.0,4046.0,247456.0,1.635038148196043
Pará,Mulheres,Parda,25 a 34 anos,466721.0,10238.0,476959.0,2.1465157382500384
Pará,Mulheres,Parda,35 a 44 anos,424013.0,21311.0,445324.0,4.785504486620977
Pará,Mulheres,Parda,45 a 54 anos,283608.0,29862.0,313470.0,9.526270456503015
Pará,Mulheres,Parda,55 a 64 anos,183077.0,35568.0,218645.0,16.26746552630977
Pará,Mulheres,Parda,65 anos ou mais,142131.0,57387.0,199518.0,28.762818392325507
Pará,Mulheres,Parda,75 anos ou mais,46199.0,26909.0,73108.0,36.80718936368113
Pará,Mulheres,Parda,80 anos ou mais,23535.0,15823.0,39358.0,40.20275420499009
Pará,Mulheres,Parda,Total,1991445.0,162244.0,2153689.0,7.533306805207252
Pará,Mulheres,Preta,15 a 19 anos,29055.0,474.0,29529.0,1.6052016661586916
Pará,Mulheres,Preta,20 a 24 anos,32568.0,457.0,33025.0,1.3838001514004543
Pará,Mulheres,Preta,25 a 34 anos,60847.0,1407.0,62254.0,2.260095736820124
Pará,Mulheres,Preta,35 a 44 anos,58670.0,3280.0,61950.0,5.294592413236481
Pará,Mulheres,Preta,45 a 54 anos,41558.0,5338.0,46896.0,11.382633913340158
Pará,Mulheres,Preta,55 a 64 anos,27182.0,7192.0,34374.0,20.922790481177632
Pará,Mulheres,Preta,65 anos ou mais,20958.0,12296.0,33254.0,36.97600288687075
Pará,Mulheres,Preta,75 anos ou mais,6894.0,5578.0,12472.0,44.724182168056444
Pará,Mulheres,Preta,80 anos ou mais,3559.0,3205.0,6764.0,47.38320520402129
Pará,Mulheres,Preta,Total,270838.0,30444.0,301282.0,10.104818741245742
Pará,Mulheres,Total,15 a 19 anos,351567.0,5643.0,357210.0,1.5797430083144368
Pará,Mulheres,Total,20 a 24 anos,345795.0,5798.0,351593.0,1.6490658232672435
Pará,Mulheres,Total,25 a 34 anos,650176.0,14436.0,664612.0,2.172094394925159
Pará,Mulheres,Total,35 a 44 anos,604251.0,29364.0,633615.0,4.634359982008002
Pará,Mulheres,Total,45 a 54 anos,413023.0,41641.0,454664.0,9.158631428923336
Pará,Mulheres,Total,55 a 64 anos,270996.0,50308.0,321304.0,15.657445907925204
Pará,Mulheres,Total,65 anos ou mais,224103.0,85667.0,309770.0,27.65503438034671
Pará,Mulheres,Total,75 anos ou mais,77696.0,40870.0,118566.0,34.47025285494998
Pará,Mulheres,Total,80 anos ou mais,40902.0,24231.0,65133.0,37.20233982773709
Pará,Mulheres,Total,Total,2859911.0,232857.0,3092768.0,7.529080745791472
Pará,Total,Amarela,15 a 19 anos,1013.0,14.0,1027.0,1.3631937682570594
Pará,Total,Amarela,20 a 24 anos,1066.0,13.0,1079.0,1.2048192771084338
Pará,Total,Amarela,25 a 34 anos,2069.0,29.0,2098.0,1.3822688274547188
Pará,Total,Amarela,35 a 44 anos,1959.0,64.0,2023.0,3.163618388531883
Pará,Total,Amarela,45 a 54 anos,1392.0,82.0,1474.0,5.563093622795115
Pará,Total,Amarela,55 a 64 anos,1014.0,88.0,1102.0,7.985480943738657
Pará,Total,Amarela,65 anos ou mais,1516.0,182.0,1698.0,10.71849234393404
Pará,Total,Amarela,75 anos ou mais,667.0,103.0,770.0,13.376623376623375
Pará,Total,Amarela,80 anos ou mais,373.0,56.0,429.0,13.053613053613052
Pará,Total,Amarela,Total,10029.0,472.0,10501.0,4.494810018093514
Pará,Total,Branca,15 a 19 anos,134593.0,2595.0,137188.0,1.8915648599002828
Pará,Total,Branca,20 a 24 anos,130474.0,2648.0,133122.0,1.9891528071994111
Pará,Total,Branca,25 a 34 anos,226797.0,5698.0,232495.0,2.45080539366438
Pará,Total,Branca,35 a 44 anos,220072.0,10263.0,230335.0,4.455684112271257
Pará,Total,Branca,45 a 54 anos,159012.0,13478.0,172490.0,7.813786306452548
Pará,Total,Branca,55 a 64 anos,111701.0,14637.0,126338.0,11.585587867466637
Pará,Total,Branca,65 anos ou mais,104782.0,27202.0,131984.0,20.61007394835738
Pará,Total,Branca,75 anos ou mais,39647.0,13631.0,53278.0,25.58466909418522
Pará,Total,Branca,80 anos ou mais,21370.0,8140.0,29510.0,27.58386987461877
Pará,Total,Branca,Total,1087431.0,76521.0,1163952.0,6.57424017485257
Pará,Total,Indígena,15 a 19 anos,7189.0,609.0,7798.0,7.809694793536805
Pará,Total,Indígena,20 a 24 anos,5898.0,561.0,6459.0,8.685555039479796
Pará,Total,Indígena,25 a 34 anos,8733.0,960.0,9693.0,9.904054472299597
Pará,Total,Indígena,35 a 44 anos,6212.0,1068.0,7280.0,14.670329670329672
Pará,Total,Indígena,45 a 54 anos,3763.0,1180.0,4943.0,23.872142423629374
Pará,Total,Indígena,55 a 64 anos,2016.0,1019.0,3035.0,33.57495881383855
Pará,Total,Indígena,65 anos ou mais,1613.0,1705.0,3318.0,51.38637733574443
Pará,Total,Indígena,75 anos ou mais,514.0,804.0,1318.0,61.001517450682854
Pará,Total,Indígena,80 anos ou mais,239.0,441.0,680.0,64.8529411764706
Pará,Total,Indígena,Total,35424.0,7102.0,42526.0,16.700371537412405
Pará,Total,Parda,15 a 19 anos,504121.0,12126.0,516247.0,2.3488756351126496
Pará,Total,Parda,20 a 24 anos,482865.0,11938.0,494803.0,2.412677368568905
Pará,Total,Parda,25 a 34 anos,893580.0,30128.0,923708.0,3.2616367943116225
Pará,Total,Parda,35 a 44 anos,819244.0,56819.0,876063.0,6.4857207757889555
Pará,Total,Parda,45 a 54 anos,550489.0,73553.0,624042.0,11.786546418350047
Pará,Total,Parda,55 a 64 anos,350816.0,77658.0,428474.0,18.12432026213959
Pará,Total,Parda,65 anos ou mais,269897.0,112678.0,382575.0,29.45252564856564
Pará,Total,Parda,75 anos ou mais,84724.0,49747.0,134471.0,36.99459362985328
Pará,Total,Parda,80 anos ou mais,41828.0,28002.0,69830.0,40.10024344837462
Pará,Total,Parda,Total,3871012.0,374900.0,4245912.0,8.829669573933705
Pará,Total,Preta,15 a 19 anos,62841.0,1605.0,64446.0,2.490457126896937
Pará,Total,Preta,20 a 24 anos,70558.0,1699.0,72257.0,2.3513292829760437
Pará,Total,Preta,25 a 34 anos,133336.0,4834.0,138170.0,3.498588695085764
Pará,Total,Preta,35 a 44 anos,128811.0,10630.0,139441.0,7.623295874240718
Pará,Total,Preta,45 a 54 anos,91263.0,15261.0,106524.0,14.326348991776502
Pará,Total,Preta,55 a 64 anos,57698.0,17426.0,75124.0,23.19631542516373
Pará,Total,Preta,65 anos ou mais,43291.0,26147.0,69438.0,37.655174400184336
Pará,Total,Preta,75 anos ou mais,13702.0,11167.0,24869.0,44.903293256664924
Pará,Total,Preta,80 anos ou mais,6808.0,6131.0,12939.0,47.38387819769689
Pará,Total,Preta,Total,587798.0,77602.0,665400.0,11.662458671475804
Pará,Total,Total,15 a 19 anos,709825.0,16953.0,726778.0,2.3326242676580744
Pará,Total,Total,20 a 24 anos,691018.0,16869.0,707887.0,2.3830074574049247
Pará,Total,Total,25 a 34 anos,1264831.0,41675.0,1306506.0,3.189805481184166
Pará,Total,Total,35 a 44 anos,1176440.0,78863.0,1255303.0,6.282387598850637
Pará,Total,Total,45 a 54 anos,806001.0,103563.0,909564.0,11.386004723142076
Pará,Total,Total,55 a 64 anos,523280.0,110837.0,634117.0,17.478951045311828
Pará,Total,Total,65 anos ou mais,421117.0,167917.0,589034.0,28.50718294699457
Pará,Total,Total,75 anos ou mais,139260.0,75453.0,214713.0,35.14132819158598
Pará,Total,Total,80 anos ou mais,70621.0,42771.0,113392.0,37.71959221109073
Pará,Total,Total,Total,5592512.0,536677.0,6129189.0,8.756085022015148
Pernambuco,Homens,Amarela,15 a 19 anos,380.0,14.0,394.0,3.5532994923857872
Pernambuco,Homens,Amarela,20 a 24 anos,483.0,10.0,493.0,2.028397565922921
Pernambuco,Homens,Amarela,25 a 34 anos,861.0,39.0,900.0,4.333333333333334
Pernambuco,Homens,Amarela,35 a 44 anos,789.0,84.0,873.0,9.621993127147768
Pernambuco,Homens,Amarela,45 a 54 anos,493.0,121.0,614.0,19.706840390879478
Pernambuco,Homens,Amarela,55 a 64 anos,403.0,115.0,518.0,22.2007722007722
Pernambuco,Homens,Amarela,65 anos ou mais,408.0,166.0,574.0,28.9198606271777
Pernambuco,Homens,Amarela,75 anos ou mais,154.0,79.0,233.0,33.90557939914164
Pernambuco,Homens,Amarela,80 anos ou mais,83.0,40.0,123.0,32.52032520325203
Pernambuco,Homens,Amarela,Total,3817.0,549.0,4366.0,12.574438845625286
Pernambuco,Homens,Branca,15 a 19 anos,105957.0,3182.0,109139.0,2.9155480625624204
Pernambuco,Homens,Branca,20 a 24 anos,105557.0,3432.0,108989.0,3.1489416363119216
Pernambuco,Homens,Branca,25 a 34 anos,191957.0,9305.0,201262.0,4.623326807842513
Pernambuco,Homens,Branca,35 a 44 anos,187425.0,19205.0,206630.0,9.294390940328123
Pernambuco,Homens,Branca,45 a 54 anos,141812.0,26622.0,168434.0,15.80559744469644
Pernambuco,Homens,Branca,55 a 64 anos,106341.0,27627.0,133968.0,20.622088857040488
Pernambuco,Homens,Branca,65 anos ou mais,100797.0,41201.0,141998.0,29.015197397146437
Pernambuco,Homens,Branca,75 anos ou mais,36353.0,19636.0,55989.0,35.071174695029384
Pernambuco,Homens,Branca,80 anos ou mais,18919.0,11147.0,30066.0,37.075101443490986
Pernambuco,Homens,Branca,Total,939846.0,130574.0,1070420.0,12.198389417238094
Pernambuco,Homens,Indígena,15 a 19 anos,3794.0,190.0,3984.0,4.769076305220884
Pernambuco,Homens,Indígena,20 a 24 anos,3515.0,210.0,3725.0,5.6375838926174495
Pernambuco,Homens,Indígena,25 a 34 anos,5554.0,576.0,6130.0,9.396411092985318
Pernambuco,Homens,Indígena,35 a 44 anos,4667.0,1044.0,5711.0,18.28051129399405
Pernambuco,Homens,Indígena,45 a 54 anos,3253.0,1193.0,4446.0,26.83310841205578
Pernambuco,Homens,Indígena,55 a 64 anos,2094.0,1150.0,3244.0,35.450061652281136
Pernambuco,Homens,Indígena,65 anos ou mais,1633.0,1480.0,3113.0,47.542563443623514
Pernambuco,Homens,Indígena,75 anos ou mais,512.0,634.0,1146.0,55.32286212914486
Pernambuco,Homens,Indígena,80 anos ou mais,259.0,343.0,602.0,56.97674418604651
Pernambuco,Homens,Indígena,Total,24510.0,5843.0,30353.0,19.250156491944782
Pernambuco,Homens,Parda,15 a 19 anos,194580.0,7211.0,201791.0,3.5734993136462974
Pernambuco,Homens,Parda,20 a 24 anos,194161.0,8298.0,202459.0,4.098607619320456
Pernambuco,Homens,Parda,25 a 34 anos,345697.0,23069.0,368766.0,6.255728564997858
Pernambuco,Homens,Parda,35 a 44 anos,324270.0,48042.0,372312.0,12.903693676271514
Pernambuco,Homens,Parda,45 a 54 anos,232700.0,64391.0,297091.0,21.673830577163226
Pernambuco,Homens,Parda,55 a 64 anos,152094.0,63567.0,215661.0,29.47542671136645
Pernambuco,Homens,Parda,65 anos ou mais,114438.0,77428.0,191866.0,40.35524793345356
Pernambuco,Homens,Parda,75 anos ou mais,35275.0,32897.0,68172.0,48.2558821803673
Pernambuco,Homens,Parda,80 anos ou mais,17289.0,17366.0,34655.0,50.11109508007503
Pernambuco,Homens,Parda,Total,1557940.0,292006.0,1849946.0,15.78456884687445
Pernambuco,Homens,Preta,15 a 19 anos,31430.0,1264.0,32694.0,3.8661528109133174
Pernambuco,Homens,Preta,20 a 24 anos,38238.0,1598.0,39836.0,4.011446932422934
Pernambuco,Homens,Preta,25 a 34 anos,73326.0,5030.0,78356.0,6.419419061718311
Pernambuco,Homens,Preta,35 a 44 anos,71857.0,10556.0,82413.0,12.808658828097508
Pernambuco,Homens,Preta,45 a 54 anos,55117.0,15093.0,70210.0,21.496937758154107
Pernambuco,Homens,Preta,55 a 64 anos,35142.0,15803.0,50945.0,31.01972715673766
Pernambuco,Homens,Preta,65 anos ou mais,25043.0,19653.0,44696.0,43.97037766243064
Pernambuco,Homens,Preta,75 anos ou mais,7566.0,8277.0,15843.0,52.243893202045065
Pernambuco,Homens,Preta,80 anos ou mais,3720.0,4375.0,8095.0,54.045707226683135
Pernambuco,Homens,Preta,Total,330153.0,68997.0,399150.0,17.28598271326569
Pernambuco,Homens,Total,15 a 19 anos,336184.0,11862.0,348046.0,3.4081701844009125
Pernambuco,Homens,Total,20 a 24 anos,342292.0,13551.0,355843.0,3.808140106732463
Pernambuco,Homens,Total,25 a 34 anos,617902.0,38023.0,655925.0,5.796851774211991
Pernambuco,Homens,Total,35 a 44 anos,589283.0,78938.0,668221.0,11.813157623001972
Pernambuco,Homens,Total,45 a 54 anos,433473.0,107432.0,540905.0,19.861528364500238
Pernambuco,Homens,Total,55 a 64 anos,296134.0,108272.0,404406.0,26.77309436556332
Pernambuco,Homens,Total,65 anos ou mais,242336.0,139934.0,382270.0,36.606063776911604
Pernambuco,Homens,Total,75 anos ou mais,79862.0,61526.0,141388.0,43.515715619430225
Pernambuco,Homens,Total,80 anos ou mais,40272.0,33272.0,73544.0,45.24094419667138
Pernambuco,Homens,Total,Total,2857604.0,498012.0,3355616.0,14.841149881273664
Pernambuco,Mulheres,Amarela,15 a 19 anos,576.0,6.0,582.0,1.0309278350515463
Pernambuco,Mulheres,Amarela,20 a 24 anos,722.0,8.0,730.0,1.095890410958904
Pernambuco,Mulheres,Amarela,25 a 34 anos,1470.0,26.0,1496.0,1.7379679144385027
Pernambuco,Mulheres,Amarela,35 a 44 anos,1342.0,77.0,1419.0,5.426356589147287
Pernambuco,Mulheres,Amarela,45 a 54 anos,901.0,112.0,1013.0,11.056268509378086
Pernambuco,Mulheres,Amarela,55 a 64 anos,600.0,133.0,733.0,18.144611186903138
Pernambuco,Mulheres,Amarela,65 anos ou mais,540.0,226.0,766.0,29.50391644908616
Pernambuco,Mulheres,Amarela,75 anos ou mais,206.0,103.0,309.0,33.33333333333333
Pernambuco,Mulheres,Amarela,80 anos ou mais,105.0,54.0,159.0,33.9622641509434
Pernambuco,Mulheres,Amarela,Total,6151.0,588.0,6739.0,8.725330167680664
Pernambuco,Mulheres,Branca,15 a 19 anos,109721.0,1511.0,111232.0,1.3584220368239355
Pernambuco,Mulheres,Branca,20 a 24 anos,111363.0,1765.0,113128.0,1.560179619546001
Pernambuco,Mulheres,Branca,25 a 34 anos,218779.0,4846.0,223625.0,2.1670206819452207
Pernambuco,Mulheres,Branca,35 a 44 anos,233098.0,12864.0,245962.0,5.230076190631073
Pernambuco,Mulheres,Branca,45 a 54 anos,188211.0,22765.0,210976.0,10.790326861823146
Pernambuco,Mulheres,Branca,55 a 64 anos,146173.0,28793.0,174966.0,16.456340088931565
Pernambuco,Mulheres,Branca,65 anos ou mais,162788.0,58877.0,221665.0,26.561252340243158
Pernambuco,Mulheres,Branca,75 anos ou mais,68425.0,30984.0,99409.0,31.168204086149142
Pernambuco,Mulheres,Branca,80 anos ou mais,39276.0,19195.0,58471.0,32.828239640163495
Pernambuco,Mulheres,Branca,Total,1170133.0,131421.0,1301554.0,10.09723760981104
Pernambuco,Mulheres,Indígena,15 a 19 anos,3616.0,86.0,3702.0,2.323068611561318
Pernambuco,Mulheres,Indígena,20 a 24 anos,3655.0,78.0,3733.0,2.0894722743102063
Pernambuco,Mulheres,Indígena,25 a 34 anos,6242.0,249.0,6491.0,3.8360807271606836
Pernambuco,Mulheres,Indígena,35 a 44 anos,5455.0,627.0,6082.0,10.309108845774416
Pernambuco,Mulheres,Indígena,45 a 54 anos,3874.0,919.0,4793.0,19.17379511788024
Pernambuco,Mulheres,Indígena,55 a 64 anos,2610.0,1142.0,3752.0,30.437100213219615
Pernambuco,Mulheres,Indígena,65 anos ou mais,2067.0,1898.0,3965.0,47.868852459016395
Pernambuco,Mulheres,Indígena,75 anos ou mais,715.0,928.0,1643.0,56.48204503956178
Pernambuco,Mulheres,Indígena,80 anos ou mais,375.0,550.0,925.0,59.45945945945946
Pernambuco,Mulheres,Indígena,Total,27519.0,4999.0,32518.0,15.373024171228241
Pernambuco,Mulheres,Parda,15 a 19 anos,190597.0,2582.0,193179.0,1.3365842042872156
Pernambuco,Mulheres,Parda,20 a 24 anos,201076.0,3316.0,204392.0,1.6223726956045248
Pernambuco,Mulheres,Parda,25 a 34 anos,395840.0,10897.0,406737.0,2.679126806757192
Pernambuco,Mulheres,Parda,35 a 44 anos,382307.0,31457.0,413764.0,7.602643052561363
Pernambuco,Mulheres,Parda,45 a 54 anos,285674.0,53091.0,338765.0,15.671925966377872
Pernambuco,Mulheres,Parda,55 a 64 anos,197386.0,65103.0,262489.0,24.80218218668211
Pernambuco,Mulheres,Parda,65 anos ou mais,159201.0,98966.0,258167.0,38.33410156991405
Pernambuco,Mulheres,Parda,75 anos ou mais,53563.0,44971.0,98534.0,45.64008362595652
Pernambuco,Mulheres,Parda,80 anos ou mais,27829.0,25860.0,53689.0,48.1662910465831
Pernambuco,Mulheres,Parda,Total,1812081.0,265412.0,2077493.0,12.775590579607249
Pernambuco,Mulheres,Preta,15 a 19 anos,28383.0,440.0,28823.0,1.5265586510772648
Pernambuco,Mulheres,Preta,20 a 24 anos,34523.0,545.0,35068.0,1.5541234173605567
Pernambuco,Mulheres,Preta,25 a 34 anos,70087.0,1992.0,72079.0,2.7636343456485246
Pernambuco,Mulheres,Preta,35 a 44 anos,69827.0,5971.0,75798.0,7.877516557165097
Pernambuco,Mulheres,Preta,45 a 54 anos,55746.0,11472.0,67218.0,17.066857091850395
Pernambuco,Mulheres,Preta,55 a 64 anos,39206.0,15263.0,54469.0,28.021443389818064
Pernambuco,Mulheres,Preta,65 anos ou mais,31710.0,24823.0,56533.0,43.90886738718978
Pernambuco,Mulheres,Preta,75 anos ou mais,10231.0,11132.0,21363.0,52.108786219163974
Pernambuco,Mulheres,Preta,80 anos ou mais,5238.0,6327.0,11565.0,54.708171206225686
Pernambuco,Mulheres,Preta,Total,329482.0,60506.0,389988.0,15.514836353939096
Pernambuco,Mulheres,Total,15 a 19 anos,332899.0,4625.0,337524.0,1.3702729287398823
Pernambuco,Mulheres,Total,20 a 24 anos,351363.0,5712.0,357075.0,1.599663936147868
Pernambuco,Mulheres,Total,25 a 34 anos,692510.0,18010.0,710520.0,2.534763271969825
Pernambuco,Mulheres,Total,35 a 44 anos,692127.0,50999.0,743126.0,6.862766206538326
Pernambuco,Mulheres,Total,45 a 54 anos,534460.0,88363.0,622823.0,14.187497892659712
Pernambuco,Mulheres,Total,55 a 64 anos,386000.0,110438.0,496438.0,22.246081081625498
Pernambuco,Mulheres,Total,65 anos ou mais,356330.0,184800.0,541130.0,34.15075859774915
Pernambuco,Mulheres,Total,75 anos ou mais,133149.0,88123.0,221272.0,39.82564445569254
Pernambuco,Mulheres,Total,80 anos ou mais,72828.0,51990.0,124818.0,41.65264625294429
Pernambuco,Mulheres,Total,Total,3345689.0,462947.0,3808636.0,12.155191517383127
Pernambuco,Total,Amarela,15 a 19 anos,956.0,20.0,976.0,2.0491803278688523
Pernambuco,Total,Amarela,20 a 24 anos,1205.0,18.0,1223.0,1.4717906786590351
Pernambuco,Total,Amarela,25 a 34 anos,2331.0,65.0,2396.0,2.712854757929883
Pernambuco,Total,Amarela,35 a 44 anos,2131.0,161.0,2292.0,7.024432809773123
Pernambuco,Total,Amarela,45 a 54 anos,1394.0,233.0,1627.0,14.32083589428396
Pernambuco,Total,Amarela,55 a 64 anos,1003.0,248.0,1251.0,19.82414068745004
Pernambuco,Total,Amarela,65 anos ou mais,948.0,392.0,1340.0,29.253731343283583
Pernambuco,Total,Amarela,75 anos ou mais,360.0,182.0,542.0,33.579335793357934
Pernambuco,Total,Amarela,80 anos ou mais,188.0,94.0,282.0,33.33333333333333
Pernambuco,Total,Amarela,Total,9968.0,1137.0,11105.0,10.238631247185952
Pernambuco,Total,Branca,15 a 19 anos,215678.0,4693.0,220371.0,2.129590554111022
Pernambuco,Total,Branca,20 a 24 anos,216920.0,5197.0,222117.0,2.33975787535398
Pernambuco,Total,Branca,25 a 34 anos,410736.0,14151.0,424887.0,3.330532588664751
Pernambuco,Total,Branca,35 a 44 anos,420523.0,32069.0,452592.0,7.085631208682433
Pernambuco,Total,Branca,45 a 54 anos,330023.0,49387.0,379410.0,13.016789225376241
Pernambuco,Total,Branca,55 a 64 anos,252514.0,56420.0,308934.0,18.262800468708527
Pernambuco,Total,Branca,65 anos ou mais,263585.0,100078.0,363663.0,27.519434201444742
Pernambuco,Total,Branca,75 anos ou mais,104778.0,50620.0,155398.0,32.574421807230465
Pernambuco,Total,Branca,80 anos ou mais,58195.0,30342.0,88537.0,34.27041801732609
Pernambuco,Total,Branca,Total,2109979.0,261995.0,2371974.0,11.045441476171323
Pernambuco,Total,Indígena,15 a 19 anos,7410.0,276.0,7686.0,3.590944574551132
Pernambuco,Total,Indígena,20 a 24 anos,7170.0,288.0,7458.0,3.8616251005631534
Pernambuco,Total,Indígena,25 a 34 anos,11796.0,825.0,12621.0,6.536724506774423
Pernambuco,Total,Indígena,35 a 44 anos,10122.0,1671.0,11793.0,14.1694225387942
Pernambuco,Total,Indígena,45 a 54 anos,7127.0,2112.0,9239.0,22.85961684164953
Pernambuco,Total,Indígena,55 a 64 anos,4704.0,2292.0,6996.0,32.76157804459691
Pernambuco,Total,Indígena,65 anos ou mais,3700.0,3378.0,7078.0,47.72534614297824
Pernambuco,Total,Indígena,75 anos ou mais,1227.0,1562.0,2789.0,56.00573682323413
Pernambuco,Total,Indígena,80 anos ou mais,634.0,893.0,1527.0,58.4806810740013
Pernambuco,Total,Indígena,Total,52029.0,10842.0,62871.0,17.244834661449634
Pernambuco,Total,Parda,15 a 19 anos,385177.0,9793.0,394970.0,2.479428817378535
Pernambuco,Total,Parda,20 a 24 anos,395237.0,11614.0,406851.0,2.8546077065068047
Pernambuco,Total,Parda,25 a 34 anos,741537.0,33966.0,775503.0,4.379867002448734
Pernambuco,Total,Parda,35 a 44 anos,706577.0,79499.0,786076.0,10.113398704450969
Pernambuco,Total,Parda,45 a 54 anos,518374.0,117482.0,635856.0,18.476195868246897
Pernambuco,Total,Parda,55 a 64 anos,349480.0,128670.0,478150.0,26.90996549200042
Pernambuco,Total,Parda,65 anos ou mais,273639.0,176394.0,450033.0,39.19579230856404
Pernambuco,Total,Parda,75 anos ou mais,88838.0,77868.0,166706.0,46.709776492747714
Pernambuco,Total,Parda,80 anos ou mais,45118.0,43226.0,88344.0,48.92918590962601
Pernambuco,Total,Parda,Total,3370021.0,557418.0,3927439.0,14.192912989864388
Pernambuco,Total,Preta,15 a 19 anos,59813.0,1704.0,61517.0,2.769966025651446
Pernambuco,Total,Preta,20 a 24 anos,72761.0,2143.0,74904.0,2.8609954074548756
Pernambuco,Total,Preta,25 a 34 anos,143413.0,7022.0,150435.0,4.667796722837106
Pernambuco,Total,Preta,35 a 44 anos,141684.0,16527.0,158211.0,10.446176308853367
Pernambuco,Total,Preta,45 a 54 anos,110863.0,26565.0,137428.0,19.33012195476904
Pernambuco,Total,Preta,55 a 64 anos,74348.0,31066.0,105414.0,29.470468818183544
Pernambuco,Total,Preta,65 anos ou mais,56753.0,44476.0,101229.0,43.936026237540624
Pernambuco,Total,Preta,75 anos ou mais,17797.0,19409.0,37206.0,52.16631726065688
Pernambuco,Total,Preta,80 anos ou mais,8958.0,10702.0,19660.0,54.43540183112919
Pernambuco,Total,Preta,Total,659635.0,129503.0,789138.0,16.41069115921423
Pernambuco,Total,Total,15 a 19 anos,669083.0,16487.0,685570.0,2.4048601893315054
Pernambuco,Total,Total,20 a 24 anos,693655.0,19263.0,712918.0,2.7019937776855123
Pernambuco,Total,Total,25 a 34 anos,1310412.0,56033.0,1366445.0,4.10064071367673
Pernambuco,Total,Total,35 a 44 anos,1281410.0,129937.0,1411347.0,9.206594834580015
Pernambuco,Total,Total,45 a 54 anos,967933.0,195795.0,1163728.0,16.824807858881112
Pernambuco,Total,Total,55 a 64 anos,682134.0,218710.0,900844.0,24.27834342017042
Pernambuco,Total,Total,65 anos ou mais,598666.0,324734.0,923400.0,35.16720814381633
Pernambuco,Total,Total,75 anos ou mais,213011.0,149649.0,362660.0,41.26426956377875
Pernambuco,Total,Total,80 anos ou mais,113100.0,85262.0,198362.0,42.983031024087275
Pernambuco,Total,Total,Total,6203293.0,960959.0,7164252.0,13.413249561852375
Piauí,Homens,Amarela,15 a 19 anos,83.0,5.0,88.0,5.681818181818182
Piauí,Homens,Amarela,20 a 24 anos,115.0,3.0,118.0,2.5423728813559325
Piauí,Homens,Amarela,25 a 34 anos,188.0,19.0,207.0,9.178743961352657
Piauí,Homens,Amarela,35 a 44 anos,165.0,30.0,195.0,15.384615384615385
Piauí,Homens,Amarela,45 a 54 anos,104.0,60.0,164.0,36.58536585365854
Piauí,Homens,Amarela,55 a 64 anos,95.0,56.0,151.0,37.086092715231786
Piauí,Homens,Amarela,65 anos ou mais,102.0,83.0,185.0,44.86486486486487
Piauí,Homens,Amarela,75 anos ou mais,42.0,39.0,81.0,48.148148148148145
Piauí,Homens,Amarela,80 anos ou mais,19.0,22.0,41.0,53.65853658536586
Piauí,Homens,Amarela,Total,852.0,256.0,1108.0,23.104693140794225
Piauí,Homens,Branca,15 a 19 anos,27691.0,848.0,28539.0,2.971372507796349
Piauí,Homens,Branca,20 a 24 anos,27683.0,870.0,28553.0,3.0469652926137356
Piauí,Homens,Branca,25 a 34 anos,49208.0,2665.0,51873.0,5.137547471709753
Piauí,Homens,Branca,35 a 44 anos,45031.0,6353.0,51384.0,12.363770823602678
Piauí,Homens,Branca,45 a 54 anos,31871.0,8341.0,40212.0,20.74256440863424
Piauí,Homens,Branca,55 a 64 anos,24058.0,8300.0,32358.0,25.6505346436739
Piauí,Homens,Branca,65 anos ou mais,23076.0,14300.0,37376.0,38.25984589041096
Piauí,Homens,Branca,75 anos ou mais,8715.0,7084.0,15799.0,44.838280903854674
Piauí,Homens,Branca,80 anos ou mais,4771.0,4025.0,8796.0,45.75943610732151
Piauí,Homens,Branca,Total,228618.0,41677.0,270295.0,15.419079154257384
Piauí,Homens,Indígena,15 a 19 anos,251.0,16.0,267.0,5.992509363295881
Piauí,Homens,Indígena,20 a 24 anos,262.0,18.0,280.0,6.428571428571428
Piauí,Homens,Indígena,25 a 34 anos,381.0,41.0,422.0,9.715639810426541
Piauí,Homens,Indígena,35 a 44 anos,356.0,95.0,451.0,21.06430155210643
Piauí,Homens,Indígena,45 a 54 anos,273.0,121.0,394.0,30.710659898477154
Piauí,Homens,Indígena,55 a 64 anos,209.0,115.0,324.0,35.49382716049383
Piauí,Homens,Indígena,65 anos ou mais,148.0,146.0,294.0,49.65986394557823
Piauí,Homens,Indígena,75 anos ou mais,46.0,59.0,105.0,56.19047619047619
Piauí,Homens,Indígena,80 anos ou mais,18.0,36.0,54.0,66.66666666666666
Piauí,Homens,Indígena,Total,1880.0,552.0,2432.0,22.697368421052634
Piauí,Homens,Parda,15 a 19 anos,84818.0,3206.0,88024.0,3.642188494047078
Piauí,Homens,Parda,20 a 24 anos,80779.0,3296.0,84075.0,3.9203092476955104
Piauí,Homens,Parda,25 a 34 anos,143362.0,10349.0,153711.0,6.73276473381866
Piauí,Homens,Parda,35 a 44 anos,133930.0,26789.0,160719.0,16.66822217659393
Piauí,Homens,Parda,45 a 54 anos,88046.0,33525.0,121571.0,27.576477942930467
Piauí,Homens,Parda,55 a 64 anos,60743.0,33130.0,93873.0,35.29236308629745
Piauí,Homens,Parda,65 anos ou mais,47278.0,48407.0,95685.0,50.589956628520675
Piauí,Homens,Parda,75 anos ou mais,14975.0,21589.0,36564.0,59.04441527185209
Piauí,Homens,Parda,80 anos ou mais,7624.0,11768.0,19392.0,60.68481848184818
Piauí,Homens,Parda,Total,638956.0,158702.0,797658.0,19.895995526905015
Piauí,Homens,Preta,15 a 19 anos,13932.0,660.0,14592.0,4.5230263157894735
Piauí,Homens,Preta,20 a 24 anos,16456.0,778.0,17234.0,4.514332134153418
Piauí,Homens,Preta,25 a 34 anos,31028.0,2502.0,33530.0,7.461974351327169
Piauí,Homens,Preta,35 a 44 anos,30822.0,6902.0,37724.0,18.29604495811685
Piauí,Homens,Preta,45 a 54 anos,21226.0,9542.0,30768.0,31.012740509620386
Piauí,Homens,Preta,55 a 64 anos,13527.0,9920.0,23447.0,42.30818441591675
Piauí,Homens,Preta,65 anos ou mais,9438.0,14185.0,23623.0,60.04741142107268
Piauí,Homens,Preta,75 anos ou mais,2832.0,6273.0,9105.0,68.89621087314663
Piauí,Homens,Preta,80 anos ou mais,1458.0,3357.0,4815.0,69.71962616822431
Piauí,Homens,Preta,Total,136429.0,44489.0,180918.0,24.590698548513693
Piauí,Homens,Total,15 a 19 anos,126778.0,4736.0,131514.0,3.6011375214806027
Piauí,Homens,Total,20 a 24 anos,125299.0,4965.0,130264.0,3.811490511576491
Piauí,Homens,Total,25 a 34 anos,224174.0,15576.0,239750.0,6.496767466110532
Piauí,Homens,Total,35 a 44 anos,210307.0,40169.0,250476.0,16.03706542742618
Piauí,Homens,Total,45 a 54 anos,141524.0,51591.0,193115.0,26.71516971752583
Piauí,Homens,Total,55 a 64 anos,98635.0,51522.0,150157.0,34.31208668260554
Piauí,Homens,Total,65 anos ou mais,80043.0,77123.0,157166.0,49.071045900512836
Piauí,Homens,Total,75 anos ou mais,26611.0,35045.0,61656.0,56.83956143765408
Piauí,Homens,Total,80 anos ou mais,13891.0,19209.0,33100.0,58.03323262839879
Piauí,Homens,Total,Total,1006760.0,245682.0,1252442.0,19.616237717994125
Piauí,Mulheres,Amarela,15 a 19 anos,130.0,0.0,130.0,0.0
Piauí,Mulheres,Amarela,20 a 24 anos,166.0,0.0,166.0,0.0
Piauí,Mulheres,Amarela,25 a 34 anos,290.0,3.0,293.0,1.023890784982935
Piauí,Mulheres,Amarela,35 a 44 anos,252.0,31.0,283.0,10.954063604240282
Piauí,Mulheres,Amarela,45 a 54 anos,190.0,57.0,247.0,23.076923076923077
Piauí,Mulheres,Amarela,55 a 64 anos,131.0,59.0,190.0,31.05263157894737
Piauí,Mulheres,Amarela,65 anos ou mais,122.0,117.0,239.0,48.95397489539749
Piauí,Mulheres,Amarela,75 anos ou mais,44.0,50.0,94.0,53.191489361702125
Piauí,Mulheres,Amarela,80 anos ou mais,18.0,23.0,41.0,56.09756097560976
Piauí,Mulheres,Amarela,Total,1281.0,267.0,1548.0,17.248062015503876
Piauí,Mulheres,Branca,15 a 19 anos,29200.0,429.0,29629.0,1.44790576799757
Piauí,Mulheres,Branca,20 a 24 anos,28561.0,435.0,28996.0,1.5002069250931163
Piauí,Mulheres,Branca,25 a 34 anos,51520.0,1380.0,52900.0,2.608695652173913
Piauí,Mulheres,Branca,35 a 44 anos,52693.0,3679.0,56372.0,6.526289647342652
Piauí,Mulheres,Branca,45 a 54 anos,40701.0,5649.0,46350.0,12.187702265372168
Piauí,Mulheres,Branca,55 a 64 anos,31185.0,7436.0,38621.0,19.25377385360296
Piauí,Mulheres,Branca,65 anos ou mais,31993.0,18565.0,50558.0,36.72020253965742
Piauí,Mulheres,Branca,75 anos ou mais,13339.0,9993.0,23332.0,42.829590262300705
Piauí,Mulheres,Branca,80 anos ou mais,7752.0,6113.0,13865.0,44.08943382618103
Piauí,Mulheres,Branca,Total,265853.0,37573.0,303426.0,12.382920382564446
Piauí,Mulheres,Indígena,15 a 19 anos,267.0,8.0,275.0,2.909090909090909
Piauí,Mulheres,Indígena,20 a 24 anos,223.0,16.0,239.0,6.694560669456067
Piauí,Mulheres,Indígena,25 a 34 anos,370.0,19.0,389.0,4.884318766066838
Piauí,Mulheres,Indígena,35 a 44 anos,411.0,85.0,496.0,17.137096774193548
Piauí,Mulheres,Indígena,45 a 54 anos,305.0,88.0,393.0,22.391857506361323
Piauí,Mulheres,Indígena,55 a 64 anos,223.0,108.0,331.0,32.62839879154079
Piauí,Mulheres,Indígena,65 anos ou mais,212.0,181.0,393.0,46.0559796437659
Piauí,Mulheres,Indígena,75 anos ou mais,68.0,77.0,145.0,53.103448275862064
Piauí,Mulheres,Indígena,80 anos ou mais,41.0,48.0,89.0,53.93258426966292
Piauí,Mulheres,Indígena,Total,2011.0,505.0,2516.0,20.07154213036566
Piauí,Mulheres,Parda,15 a 19 anos,82388.0,1106.0,83494.0,1.324646082353223
Piauí,Mulheres,Parda,20 a 24 anos,82991.0,1298.0,84289.0,1.5399399684419082
Piauí,Mulheres,Parda,25 a 34 anos,160992.0,4556.0,165548.0,2.75207190663735
Piauí,Mulheres,Parda,35 a 44 anos,159263.0,15168.0,174431.0,8.695702025442726
Piauí,Mulheres,Parda,45 a 54 anos,110711.0,22845.0,133556.0,17.10518434214861
Piauí,Mulheres,Parda,55 a 64 anos,79788.0,28913.0,108701.0,26.59865134635376
Piauí,Mulheres,Parda,65 anos ou mais,59257.0,55103.0,114360.0,48.18380552640784
Piauí,Mulheres,Parda,75 anos ou mais,19374.0,26086.0,45460.0,57.382314122305324
Piauí,Mulheres,Parda,80 anos ou mais,10305.0,15063.0,25368.0,59.37795648060549
Piauí,Mulheres,Parda,Total,735390.0,128989.0,864379.0,14.922736438529856
Piauí,Mulheres,Preta,15 a 19 anos,12134.0,181.0,12315.0,1.4697523345513601
Piauí,Mulheres,Preta,20 a 24 anos,14730.0,250.0,14980.0,1.6688918558077435
Piauí,Mulheres,Preta,25 a 34 anos,28424.0,932.0,29356.0,3.1748194576917834
Piauí,Mulheres,Preta,35 a 44 anos,29145.0,3415.0,32560.0,10.48832923832924
Piauí,Mulheres,Preta,45 a 54 anos,21415.0,5486.0,26901.0,20.393293929593696
Piauí,Mulheres,Preta,55 a 64 anos,15053.0,7738.0,22791.0,33.95199859593699
Piauí,Mulheres,Preta,65 anos ou mais,11005.0,15027.0,26032.0,57.72510755992625
Piauí,Mulheres,Preta,75 anos ou mais,3505.0,7142.0,10647.0,67.07992861839016
Piauí,Mulheres,Preta,80 anos ou mais,1854.0,4066.0,5920.0,68.68243243243242
Piauí,Mulheres,Preta,Total,131906.0,33029.0,164935.0,20.02546457695456
Piauí,Mulheres,Total,15 a 19 anos,124120.0,1724.0,125844.0,1.3699500969454244
Piauí,Mulheres,Total,20 a 24 anos,126674.0,1999.0,128673.0,1.5535504729041834
Piauí,Mulheres,Total,25 a 34 anos,241600.0,6890.0,248490.0,2.7727473942613385
Piauí,Mulheres,Total,35 a 44 anos,241766.0,22378.0,264144.0,8.471894118359682
Piauí,Mulheres,Total,45 a 54 anos,173323.0,34125.0,207448.0,16.44990551849138
Piauí,Mulheres,Total,55 a 64 anos,126382.0,44254.0,170636.0,25.934738273283482
Piauí,Mulheres,Total,65 anos ou mais,102592.0,88996.0,191588.0,46.451761070630724
Piauí,Mulheres,Total,75 anos ou mais,36331.0,43349.0,79680.0,54.40386546184739
Piauí,Mulheres,Total,80 anos ou mais,19971.0,25314.0,45285.0,55.89930440543226
Piauí,Mulheres,Total,Total,1136457.0,200366.0,1336823.0,14.988222075772184
Piauí,Total,Amarela,15 a 19 anos,213.0,5.0,218.0,2.293577981651376
Piauí,Total,Amarela,20 a 24 anos,281.0,3.0,284.0,1.056338028169014
Piauí,Total,Amarela,25 a 34 anos,478.0,22.0,500.0,4.3999999999999995
Piauí,Total,Amarela,35 a 44 anos,417.0,61.0,478.0,12.761506276150628
Piauí,Total,Amarela,45 a 54 anos,294.0,117.0,411.0,28.467153284671532
Piauí,Total,Amarela,55 a 64 anos,226.0,115.0,341.0,33.724340175953074
Piauí,Total,Amarela,65 anos ou mais,224.0,200.0,424.0,47.16981132075472
Piauí,Total,Amarela,75 anos ou mais,86.0,89.0,175.0,50.857142857142854
Piauí,Total,Amarela,80 anos ou mais,37.0,45.0,82.0,54.87804878048781
Piauí,Total,Amarela,Total,2133.0,523.0,2656.0,19.691265060240966
Piauí,Total,Branca,15 a 19 anos,56891.0,1277.0,58168.0,2.1953651492229405
Piauí,Total,Branca,20 a 24 anos,56244.0,1305.0,57549.0,2.2676327998748893
Piauí,Total,Branca,25 a 34 anos,100728.0,4045.0,104773.0,3.8607274774989744
Piauí,Total,Branca,35 a 44 anos,97724.0,10032.0,107756.0,9.309922417313189
Piauí,Total,Branca,45 a 54 anos,72572.0,13990.0,86562.0,16.16182620549433
Piauí,Total,Branca,55 a 64 anos,55243.0,15736.0,70979.0,22.16993758717367
Piauí,Total,Branca,65 anos ou mais,55069.0,32865.0,87934.0,37.37462187549753
Piauí,Total,Branca,75 anos ou mais,22054.0,17077.0,39131.0,43.6405918581176
Piauí,Total,Branca,80 anos ou mais,12523.0,10138.0,22661.0,44.73765500198579
Piauí,Total,Branca,Total,494471.0,79250.0,573721.0,13.813334355897727
Piauí,Total,Indígena,15 a 19 anos,518.0,24.0,542.0,4.428044280442804
Piauí,Total,Indígena,20 a 24 anos,485.0,34.0,519.0,6.551059730250482
Piauí,Total,Indígena,25 a 34 anos,751.0,60.0,811.0,7.398273736128237
Piauí,Total,Indígena,35 a 44 anos,767.0,180.0,947.0,19.00739176346357
Piauí,Total,Indígena,45 a 54 anos,578.0,209.0,787.0,26.55654383735705
Piauí,Total,Indígena,55 a 64 anos,432.0,223.0,655.0,34.045801526717554
Piauí,Total,Indígena,65 anos ou mais,360.0,327.0,687.0,47.59825327510917
Piauí,Total,Indígena,75 anos ou mais,114.0,136.0,250.0,54.400000000000006
Piauí,Total,Indígena,80 anos ou mais,59.0,84.0,143.0,58.74125874125874
Piauí,Total,Indígena,Total,3891.0,1057.0,4948.0,21.362166531932093
Piauí,Total,Parda,15 a 19 anos,167206.0,4312.0,171518.0,2.514021851933908
Piauí,Total,Parda,20 a 24 anos,163770.0,4594.0,168364.0,2.7286118172530944
Piauí,Total,Parda,25 a 34 anos,304354.0,14905.0,319259.0,4.6686232807845665
Piauí,Total,Parda,35 a 44 anos,293193.0,41957.0,335150.0,12.51887214679994
Piauí,Total,Parda,45 a 54 anos,198757.0,56370.0,255127.0,22.09487823711328
Piauí,Total,Parda,55 a 64 anos,140531.0,62043.0,202574.0,30.62732631038534
Piauí,Total,Parda,65 anos ou mais,106535.0,103510.0,210045.0,49.27991620843153
Piauí,Total,Parda,75 anos ou mais,34349.0,47675.0,82024.0,58.12323222471471
Piauí,Total,Parda,80 anos ou mais,17929.0,26831.0,44760.0,59.944146559428056
Piauí,Total,Parda,Total,1374346.0,287691.0,1662037.0,17.309542447009303
Piauí,Total,Preta,15 a 19 anos,26066.0,841.0,26907.0,3.1255807039060466
Piauí,Total,Preta,20 a 24 anos,31186.0,1028.0,32214.0,3.191159123362513
Piauí,Total,Preta,25 a 34 anos,59452.0,3434.0,62886.0,5.460674871990586
Piauí,Total,Preta,35 a 44 anos,59967.0,10317.0,70284.0,14.679016561379546
Piauí,Total,Preta,45 a 54 anos,42641.0,15028.0,57669.0,26.059061194055733
Piauí,Total,Preta,55 a 64 anos,28580.0,17658.0,46238.0,38.189368052251396
Piauí,Total,Preta,65 anos ou mais,20443.0,29212.0,49655.0,58.829926492800325
Piauí,Total,Preta,75 anos ou mais,6337.0,13415.0,19752.0,67.91717294451195
Piauí,Total,Preta,80 anos ou mais,3312.0,7423.0,10735.0,69.14764788076386
Piauí,Total,Preta,Total,268335.0,77518.0,345853.0,22.413568770547023
Piauí,Total,Total,15 a 19 anos,250898.0,6460.0,257358.0,2.5101220867429808
Piauí,Total,Total,20 a 24 anos,251973.0,6964.0,258937.0,2.6894572811147115
Piauí,Total,Total,25 a 34 anos,465774.0,22466.0,488240.0,4.601425528428642
Piauí,Total,Total,35 a 44 anos,452073.0,62547.0,514620.0,12.154016555905327
Piauí,Total,Total,45 a 54 anos,314847.0,85716.0,400563.0,21.398881074887097
Piauí,Total,Total,55 a 64 anos,225017.0,95776.0,320793.0,29.85601306761681
Piauí,Total,Total,65 anos ou mais,182635.0,166119.0,348754.0,47.63214185357014
Piauí,Total,Total,75 anos ou mais,62942.0,78394.0,141336.0,55.46640629422086
Piauí,Total,Total,80 anos ou mais,33862.0,44523.0,78385.0,56.800408241372715
Piauí,Total,Total,Total,2143217.0,446048.0,2589265.0,17.226819193863896
Rio Grande do Norte,Homens,Amarela,15 a 19 anos,156.0,10.0,166.0,6.024096385542169
Rio Grande do Norte,Homens,Amarela,20 a 24 anos,160.0,10.0,170.0,5.88235294117647
Rio Grande do Norte,Homens,Amarela,25 a 34 anos,358.0,23.0,381.0,6.036745406824147
Rio Grande do Norte,Homens,Amarela,35 a 44 anos,314.0,42.0,356.0,11.797752808988763
Rio Grande do Norte,Homens,Amarela,45 a 54 anos,199.0,54.0,253.0,21.34387351778656
Rio Grande do Norte,Homens,Amarela,55 a 64 anos,161.0,70.0,231.0,30.303030303030305
Rio Grande do Norte,Homens,Amarela,65 anos ou mais,168.0,85.0,253.0,33.59683794466403
Rio Grande do Norte,Homens,Amarela,75 anos ou mais,67.0,39.0,106.0,36.79245283018868
Rio Grande do Norte,Homens,Amarela,80 anos ou mais,35.0,25.0,60.0,41.66666666666667
Rio Grande do Norte,Homens,Amarela,Total,1516.0,294.0,1810.0,16.243093922651934
Rio Grande do Norte,Homens,Branca,15 a 19 anos,45789.0,1570.0,47359.0,3.315103781752148
Rio Grande do Norte,Homens,Branca,20 a 24 anos,46221.0,1639.0,47860.0,3.4245716673631423
Rio Grande do Norte,Homens,Branca,25 a 34 anos,88005.0,4220.0,92225.0,4.5757657901870425
Rio Grande do Norte,Homens,Branca,35 a 44 anos,84804.0,8292.0,93096.0,8.906934777004382
Rio Grande do Norte,Homens,Branca,45 a 54 anos,59140.0,12476.0,71616.0,17.420688114387847
Rio Grande do Norte,Homens,Branca,55 a 64 anos,45017.0,13383.0,58400.0,22.916095890410958
Rio Grande do Norte,Homens,Branca,65 anos ou mais,38537.0,20643.0,59180.0,34.88171679621494
Rio Grande do Norte,Homens,Branca,75 anos ou mais,13873.0,10275.0,24148.0,42.5501076693722
Rio Grande do Norte,Homens,Branca,80 anos ou mais,7495.0,6152.0,13647.0,45.0795046530373
Rio Grande do Norte,Homens,Branca,Total,407513.0,62223.0,469736.0,13.246376688182298
Rio Grande do Norte,Homens,Indígena,15 a 19 anos,331.0,39.0,370.0,10.54054054054054
Rio Grande do Norte,Homens,Indígena,20 a 24 anos,355.0,54.0,409.0,13.202933985330073
Rio Grande do Norte,Homens,Indígena,25 a 34 anos,656.0,115.0,771.0,14.915693904020753
Rio Grande do Norte,Homens,Indígena,35 a 44 anos,582.0,157.0,739.0,21.24492557510149
Rio Grande do Norte,Homens,Indígena,45 a 54 anos,329.0,212.0,541.0,39.186691312384475
Rio Grande do Norte,Homens,Indígena,55 a 64 anos,236.0,166.0,402.0,41.29353233830846
Rio Grande do Norte,Homens,Indígena,65 anos ou mais,191.0,157.0,348.0,45.11494252873563
Rio Grande do Norte,Homens,Indígena,75 anos ou mais,71.0,74.0,145.0,51.03448275862069
Rio Grande do Norte,Homens,Indígena,80 anos ou mais,35.0,40.0,75.0,53.333333333333336
Rio Grande do Norte,Homens,Indígena,Total,2680.0,900.0,3580.0,25.139664804469277
Rio Grande do Norte,Homens,Parda,15 a 19 anos,63889.0,2670.0,66559.0,4.0114785378386095
Rio Grande do Norte,Homens,Parda,20 a 24 anos,64225.0,3146.0,67371.0,4.669664989387125
Rio Grande do Norte,Homens,Parda,25 a 34 anos,121219.0,8388.0,129607.0,6.471872661198855
Rio Grande do Norte,Homens,Parda,35 a 44 anos,113738.0,17001.0,130739.0,13.003770871736819
Rio Grande do Norte,Homens,Parda,45 a 54 anos,78329.0,24824.0,103153.0,24.065223502951927
Rio Grande do Norte,Homens,Parda,55 a 64 anos,53832.0,25675.0,79507.0,32.29275409712352
Rio Grande do Norte,Homens,Parda,65 anos ou mais,37536.0,33308.0,70844.0,47.01597877025577
Rio Grande do Norte,Homens,Parda,75 anos ou mais,12001.0,14883.0,26884.0,55.36006546644845
Rio Grande do Norte,Homens,Parda,80 anos ou mais,5983.0,8336.0,14319.0,58.216355890774494
Rio Grande do Norte,Homens,Parda,Total,532768.0,115012.0,647780.0,17.754793294019574
Rio Grande do Norte,Homens,Preta,15 a 19 anos,9523.0,483.0,10006.0,4.827103737757345
Rio Grande do Norte,Homens,Preta,20 a 24 anos,12062.0,695.0,12757.0,5.447989339186329
Rio Grande do Norte,Homens,Preta,25 a 34 anos,24575.0,1994.0,26569.0,7.504987014942226
Rio Grande do Norte,Homens,Preta,35 a 44 anos,24638.0,4582.0,29220.0,15.681040383299111
Rio Grande do Norte,Homens,Preta,45 a 54 anos,18257.0,6824.0,25081.0,27.207846577090226
Rio Grande do Norte,Homens,Preta,55 a 64 anos,12223.0,7415.0,19638.0,37.75842753844587
Rio Grande do Norte,Homens,Preta,65 anos ou mais,8196.0,10068.0,18264.0,55.124835742444155
Rio Grande do Norte,Homens,Preta,75 anos ou mais,2575.0,4455.0,7030.0,63.37126600284495
Rio Grande do Norte,Homens,Preta,80 anos ou mais,1304.0,2477.0,3781.0,65.51176937318169
Rio Grande do Norte,Homens,Preta,Total,109474.0,32061.0,141535.0,22.652347475889357
Rio Grande do Norte,Homens,Total,15 a 19 anos,119691.0,4772.0,124463.0,3.8340711697452257
Rio Grande do Norte,Homens,Total,20 a 24 anos,123025.0,5544.0,128569.0,4.312081450427397
Rio Grande do Norte,Homens,Total,25 a 34 anos,234818.0,14740.0,249558.0,5.906442590500004
Rio Grande do Norte,Homens,Total,35 a 44 anos,224083.0,30075.0,254158.0,11.833190377639106
Rio Grande do Norte,Homens,Total,45 a 54 anos,156258.0,44391.0,200649.0,22.123708565704288
Rio Grande do Norte,Homens,Total,55 a 64 anos,111473.0,46710.0,158183.0,29.52908972519171
Rio Grande do Norte,Homens,Total,65 anos ou mais,84629.0,64261.0,148890.0,43.16005104439519
Rio Grande do Norte,Homens,Total,75 anos ou mais,28588.0,29726.0,58314.0,50.97575196350791
Rio Grande do Norte,Homens,Total,80 anos ou mais,14853.0,17030.0,31883.0,53.41404510240567
Rio Grande do Norte,Homens,Total,Total,1053977.0,210493.0,1264470.0,16.646737368225423
Rio Grande do Norte,Mulheres,Amarela,15 a 19 anos,203.0,4.0,207.0,1.932367149758454
Rio Grande do Norte,Mulheres,Amarela,20 a 24 anos,270.0,7.0,277.0,2.527075812274368
Rio Grande do Norte,Mulheres,Amarela,25 a 34 anos,550.0,17.0,567.0,2.9982363315696645
Rio Grande do Norte,Mulheres,Amarela,35 a 44 anos,492.0,43.0,535.0,8.037383177570094
Rio Grande do Norte,Mulheres,Amarela,45 a 54 anos,357.0,71.0,428.0,16.588785046728972
Rio Grande do Norte,Mulheres,Amarela,55 a 64 anos,278.0,77.0,355.0,21.69014084507042
Rio Grande do Norte,Mulheres,Amarela,65 anos ou mais,224.0,135.0,359.0,37.60445682451253
Rio Grande do Norte,Mulheres,Amarela,75 anos ou mais,71.0,66.0,137.0,48.175182481751825
Rio Grande do Norte,Mulheres,Amarela,80 anos ou mais,35.0,34.0,69.0,49.275362318840585
Rio Grande do Norte,Mulheres,Amarela,Total,2374.0,354.0,2728.0,12.976539589442815
Rio Grande do Norte,Mulheres,Branca,15 a 19 anos,46143.0,671.0,46814.0,1.4333319092579142
Rio Grande do Norte,Mulheres,Branca,20 a 24 anos,47585.0,797.0,48382.0,1.6473068496548302
Rio Grande do Norte,Mulheres,Branca,25 a 34 anos,97889.0,2027.0,99916.0,2.028704111453621
Rio Grande do Norte,Mulheres,Branca,35 a 44 anos,101696.0,4694.0,106390.0,4.412068803458972
Rio Grande do Norte,Mulheres,Branca,45 a 54 anos,77910.0,8395.0,86305.0,9.727130525462025
Rio Grande do Norte,Mulheres,Branca,55 a 64 anos,62414.0,10386.0,72800.0,14.266483516483516
Rio Grande do Norte,Mulheres,Branca,65 anos ou mais,66092.0,22561.0,88653.0,25.44865937982922
Rio Grande do Norte,Mulheres,Branca,75 anos ou mais,27926.0,12593.0,40519.0,31.079246773118786
Rio Grande do Norte,Mulheres,Branca,80 anos ou mais,16623.0,8165.0,24788.0,32.939325480071005
Rio Grande do Norte,Mulheres,Branca,Total,499729.0,49531.0,549260.0,9.017769362414887
Rio Grande do Norte,Mulheres,Indígena,15 a 19 anos,343.0,19.0,362.0,5.248618784530387
Rio Grande do Norte,Mulheres,Indígena,20 a 24 anos,400.0,25.0,425.0,5.88235294117647
Rio Grande do Norte,Mulheres,Indígena,25 a 34 anos,764.0,53.0,817.0,6.487148102815178
Rio Grande do Norte,Mulheres,Indígena,35 a 44 anos,615.0,104.0,719.0,14.464534075104313
Rio Grande do Norte,Mulheres,Indígena,45 a 54 anos,434.0,133.0,567.0,23.456790123456788
Rio Grande do Norte,Mulheres,Indígena,55 a 64 anos,320.0,138.0,458.0,30.131004366812224
Rio Grande do Norte,Mulheres,Indígena,65 anos ou mais,245.0,232.0,477.0,48.63731656184486
Rio Grande do Norte,Mulheres,Indígena,75 anos ou mais,93.0,103.0,196.0,52.55102040816326
Rio Grande do Norte,Mulheres,Indígena,80 anos ou mais,46.0,66.0,112.0,58.92857142857143
Rio Grande do Norte,Mulheres,Indígena,Total,3121.0,704.0,3825.0,18.405228758169933
Rio Grande do Norte,Mulheres,Parda,15 a 19 anos,62231.0,988.0,63219.0,1.5628213037219822
Rio Grande do Norte,Mulheres,Parda,20 a 24 anos,65918.0,1154.0,67072.0,1.7205391221374045
Rio Grande do Norte,Mulheres,Parda,25 a 34 anos,135220.0,3620.0,138840.0,2.607317775857102
Rio Grande do Norte,Mulheres,Parda,35 a 44 anos,131063.0,9423.0,140486.0,6.7074299218427464
Rio Grande do Norte,Mulheres,Parda,45 a 54 anos,96183.0,16304.0,112487.0,14.494119320454807
Rio Grande do Norte,Mulheres,Parda,55 a 64 anos,70857.0,19881.0,90738.0,21.91033525094227
Rio Grande do Norte,Mulheres,Parda,65 anos ou mais,55898.0,32927.0,88825.0,37.06951871657754
Rio Grande do Norte,Mulheres,Parda,75 anos ou mais,20054.0,16017.0,36071.0,44.404091929805105
Rio Grande do Norte,Mulheres,Parda,80 anos ou mais,10928.0,9640.0,20568.0,46.86892259821081
Rio Grande do Norte,Mulheres,Parda,Total,617370.0,84297.0,701667.0,12.013818520751297
Rio Grande do Norte,Mulheres,Preta,15 a 19 anos,8277.0,180.0,8457.0,2.1284143313231643
Rio Grande do Norte,Mulheres,Preta,20 a 24 anos,10420.0,245.0,10665.0,2.297233942803563
Rio Grande do Norte,Mulheres,Preta,25 a 34 anos,21772.0,732.0,22504.0,3.252755065766086
Rio Grande do Norte,Mulheres,Preta,35 a 44 anos,22261.0,2097.0,24358.0,8.609081205353478
Rio Grande do Norte,Mulheres,Preta,45 a 54 anos,17324.0,3816.0,21140.0,18.051087984862818
Rio Grande do Norte,Mulheres,Preta,55 a 64 anos,13572.0,5304.0,18876.0,28.09917355371901
Rio Grande do Norte,Mulheres,Preta,65 anos ou mais,10914.0,9168.0,20082.0,45.652823423961756
Rio Grande do Norte,Mulheres,Preta,75 anos ou mais,3836.0,4315.0,8151.0,52.938289780395046
Rio Grande do Norte,Mulheres,Preta,80 anos ou mais,2017.0,2564.0,4581.0,55.97031215891727
Rio Grande do Norte,Mulheres,Preta,Total,104540.0,21542.0,126082.0,17.085706127758126
Rio Grande do Norte,Mulheres,Total,15 a 19 anos,117201.0,1862.0,119063.0,1.5638779469692516
Rio Grande do Norte,Mulheres,Total,20 a 24 anos,124594.0,2228.0,126822.0,1.756792985444166
Rio Grande do Norte,Mulheres,Total,25 a 34 anos,256202.0,6449.0,262651.0,2.45534949419572
Rio Grande do Norte,Mulheres,Total,35 a 44 anos,256134.0,16361.0,272495.0,6.004146865080093
Rio Grande do Norte,Mulheres,Total,45 a 54 anos,192216.0,28720.0,220936.0,12.999239598797843
Rio Grande do Norte,Mulheres,Total,55 a 64 anos,147447.0,35786.0,183233.0,19.530324777742
Rio Grande do Norte,Mulheres,Total,65 anos ou mais,133377.0,65024.0,198401.0,32.77402835671191
Rio Grande do Norte,Mulheres,Total,75 anos ou mais,51981.0,33095.0,85076.0,38.900512482956415
Rio Grande do Norte,Mulheres,Total,80 anos ou mais,29650.0,20470.0,50120.0,40.84197924980048
Rio Grande do Norte,Mulheres,Total,Total,1227171.0,156430.0,1383601.0,11.306005127200688
Rio Grande do Norte,Total,Amarela,15 a 19 anos,359.0,14.0,373.0,3.753351206434316
Rio Grande do Norte,Total,Amarela,20 a 24 anos,430.0,17.0,447.0,3.803131991051454
Rio Grande do Norte,Total,Amarela,25 a 34 anos,908.0,40.0,948.0,4.219409282700422
Rio Grande do Norte,Total,Amarela,35 a 44 anos,806.0,85.0,891.0,9.539842873176205
Rio Grande do Norte,Total,Amarela,45 a 54 anos,556.0,125.0,681.0,18.355359765051396
Rio Grande do Norte,Total,Amarela,55 a 64 anos,439.0,147.0,586.0,25.085324232081913
Rio Grande do Norte,Total,Amarela,65 anos ou mais,392.0,220.0,612.0,35.947712418300654
Rio Grande do Norte,Total,Amarela,75 anos ou mais,138.0,105.0,243.0,43.20987654320987
Rio Grande do Norte,Total,Amarela,80 anos ou mais,70.0,59.0,129.0,45.73643410852713
Rio Grande do Norte,Total,Amarela,Total,3890.0,648.0,4538.0,14.279418245923313
Rio Grande do Norte,Total,Branca,15 a 19 anos,91932.0,2241.0,94173.0,2.379662960721226
Rio Grande do Norte,Total,Branca,20 a 24 anos,93806.0,2436.0,96242.0,2.531119469670206
Rio Grande do Norte,Total,Branca,25 a 34 anos,185894.0,6247.0,192141.0,3.2512581905996116
Rio Grande do Norte,Total,Branca,35 a 44 anos,186500.0,12986.0,199486.0,6.509730006115717
Rio Grande do Norte,Total,Branca,45 a 54 anos,137050.0,20871.0,157921.0,13.21610172174695
Rio Grande do Norte,Total,Branca,55 a 64 anos,107431.0,23769.0,131200.0,18.116615853658537
Rio Grande do Norte,Total,Branca,65 anos ou mais,104629.0,43204.0,147833.0,29.224868601733036
Rio Grande do Norte,Total,Branca,75 anos ou mais,41799.0,22868.0,64667.0,35.36270431595713
Rio Grande do Norte,Total,Branca,80 anos ou mais,24118.0,14317.0,38435.0,37.24990243267855
Rio Grande do Norte,Total,Branca,Total,907242.0,111754.0,1018996.0,10.967069546887329
Rio Grande do Norte,Total,Indígena,15 a 19 anos,674.0,58.0,732.0,7.923497267759563
Rio Grande do Norte,Total,Indígena,20 a 24 anos,755.0,79.0,834.0,9.47242206235012
Rio Grande do Norte,Total,Indígena,25 a 34 anos,1420.0,168.0,1588.0,10.579345088161208
Rio Grande do Norte,Total,Indígena,35 a 44 anos,1197.0,261.0,1458.0,17.901234567901234
Rio Grande do Norte,Total,Indígena,45 a 54 anos,763.0,345.0,1108.0,31.137184115523464
Rio Grande do Norte,Total,Indígena,55 a 64 anos,556.0,304.0,860.0,35.348837209302324
Rio Grande do Norte,Total,Indígena,65 anos ou mais,436.0,389.0,825.0,47.15151515151515
Rio Grande do Norte,Total,Indígena,75 anos ou mais,164.0,177.0,341.0,51.90615835777126
Rio Grande do Norte,Total,Indígena,80 anos ou mais,81.0,106.0,187.0,56.68449197860963
Rio Grande do Norte,Total,Indígena,Total,5801.0,1604.0,7405.0,21.66103983794733
Rio Grande do Norte,Total,Parda,15 a 19 anos,126120.0,3658.0,129778.0,2.8186595570897994
Rio Grande do Norte,Total,Parda,20 a 24 anos,130143.0,4300.0,134443.0,3.1983814702141427
Rio Grande do Norte,Total,Parda,25 a 34 anos,256439.0,12008.0,268447.0,4.473136224282634
Rio Grande do Norte,Total,Parda,35 a 44 anos,244801.0,26424.0,271225.0,9.742464743294313
Rio Grande do Norte,Total,Parda,45 a 54 anos,174512.0,41128.0,215640.0,19.07252828788722
Rio Grande do Norte,Total,Parda,55 a 64 anos,124689.0,45556.0,170245.0,26.759082498751795
Rio Grande do Norte,Total,Parda,65 anos ou mais,93434.0,66235.0,159669.0,41.48269231973645
Rio Grande do Norte,Total,Parda,75 anos ou mais,32055.0,30900.0,62955.0,49.0826781034072
Rio Grande do Norte,Total,Parda,80 anos ou mais,16911.0,17976.0,34887.0,51.526356522486886
Rio Grande do Norte,Total,Parda,Total,1150138.0,199309.0,1349447.0,14.769679728066384
Rio Grande do Norte,Total,Preta,15 a 19 anos,17800.0,663.0,18463.0,3.5909657152142125
Rio Grande do Norte,Total,Preta,20 a 24 anos,22482.0,940.0,23422.0,4.0133208094953465
Rio Grande do Norte,Total,Preta,25 a 34 anos,46347.0,2726.0,49073.0,5.554989505430685
Rio Grande do Norte,Total,Preta,35 a 44 anos,46899.0,6679.0,53578.0,12.465937511665235
Rio Grande do Norte,Total,Preta,45 a 54 anos,35581.0,10640.0,46221.0,23.01983946690898
Rio Grande do Norte,Total,Preta,55 a 64 anos,25795.0,12719.0,38514.0,33.024354780079975
Rio Grande do Norte,Total,Preta,65 anos ou mais,19110.0,19236.0,38346.0,50.16429353778752
Rio Grande do Norte,Total,Preta,75 anos ou mais,6411.0,8770.0,15181.0,57.769580396548314
Rio Grande do Norte,Total,Preta,80 anos ou mais,3321.0,5041.0,8362.0,60.284620904089934
Rio Grande do Norte,Total,Preta,Total,214014.0,53603.0,267617.0,20.02974399982064
Rio Grande do Norte,Total,Total,15 a 19 anos,236892.0,6634.0,243526.0,2.724144444535696
Rio Grande do Norte,Total,Total,20 a 24 anos,247619.0,7772.0,255391.0,3.043176932624877
Rio Grande do Norte,Total,Total,25 a 34 anos,491020.0,21189.0,512209.0,4.136787912746555
Rio Grande do Norte,Total,Total,35 a 44 anos,480217.0,46436.0,526653.0,8.817190825837885
Rio Grande do Norte,Total,Total,45 a 54 anos,348474.0,73111.0,421585.0,17.3419357899356
Rio Grande do Norte,Total,Total,55 a 64 anos,258920.0,82496.0,341416.0,24.16289804812897
Rio Grande do Norte,Total,Total,65 anos ou mais,218006.0,129285.0,347291.0,37.22670613404897
Rio Grande do Norte,Total,Total,75 anos ou mais,80569.0,62821.0,143390.0,43.81128391101193
Rio Grande do Norte,Total,Total,80 anos ou mais,44503.0,37500.0,82003.0,45.73003426703901
Rio Grande do Norte,Total,Total,Total,2281148.0,366923.0,2648071.0,13.856237238351993
Rio Grande do Sul,Homens,Amarela,15 a 19 anos,189.0,6.0,195.0,3.076923076923077
Rio Grande do Sul,Homens,Amarela,20 a 24 anos,258.0,4.0,262.0,1.5267175572519083
Rio Grande do Sul,Homens,Amarela,25 a 34 anos,638.0,11.0,649.0,1.694915254237288
Rio Grande do Sul,Homens,Amarela,35 a 44 anos,652.0,10.0,662.0,1.5105740181268883
Rio Grande do Sul,Homens,Amarela,45 a 54 anos,493.0,13.0,506.0,2.5691699604743086
Rio Grande do Sul,Homens,Amarela,55 a 64 anos,433.0,25.0,458.0,5.458515283842795
Rio Grande do Sul,Homens,Amarela,65 anos ou mais,661.0,47.0,708.0,6.638418079096045
Rio Grande do Sul,Homens,Amarela,75 anos ou mais,323.0,27.0,350.0,7.7142857142857135
Rio Grande do Sul,Homens,Amarela,80 anos ou mais,188.0,18.0,206.0,8.737864077669903
Rio Grande do Sul,Homens,Amarela,Total,3324.0,116.0,3440.0,3.372093023255814
Rio Grande do Sul,Homens,Branca,15 a 19 anos,246564.0,3061.0,249625.0,1.2262393590385579
Rio Grande do Sul,Homens,Branca,20 a 24 anos,274233.0,3082.0,277315.0,1.1113715449939598
Rio Grande do Sul,Homens,Branca,25 a 34 anos,575446.0,5855.0,581301.0,1.0072234522218266
Rio Grande do Sul,Homens,Branca,35 a 44 anos,610926.0,7696.0,618622.0,1.2440553358917077
Rio Grande do Sul,Homens,Branca,45 a 54 anos,517728.0,12155.0,529883.0,2.2939026162379244
Rio Grande do Sul,Homens,Branca,55 a 64 anos,510675.0,17054.0,527729.0,3.2315828768174577
Rio Grande do Sul,Homens,Branca,65 anos ou mais,513402.0,38034.0,551436.0,6.897264596435488
Rio Grande do Sul,Homens,Branca,75 anos ou mais,173240.0,18255.0,191495.0,9.532885976135146
Rio Grande do Sul,Homens,Branca,80 anos ou mais,83884.0,10292.0,94176.0,10.928474345905538
Rio Grande do Sul,Homens,Branca,Total,3248974.0,86937.0,3335911.0,2.6060947069631055
Rio Grande do Sul,Homens,Indígena,15 a 19 anos,1573.0,49.0,1622.0,3.020961775585697
Rio Grande do Sul,Homens,Indígena,20 a 24 anos,1880.0,52.0,1932.0,2.691511387163561
Rio Grande do Sul,Homens,Indígena,25 a 34 anos,2624.0,94.0,2718.0,3.4584253127299487
Rio Grande do Sul,Homens,Indígena,35 a 44 anos,1930.0,152.0,2082.0,7.300672430355427
Rio Grande do Sul,Homens,Indígena,45 a 54 anos,1406.0,211.0,1617.0,13.048855905998764
Rio Grande do Sul,Homens,Indígena,55 a 64 anos,1052.0,185.0,1237.0,14.955537590945836
Rio Grande do Sul,Homens,Indígena,65 anos ou mais,712.0,288.0,1000.0,28.799999999999997
Rio Grande do Sul,Homens,Indígena,75 anos ou mais,195.0,130.0,325.0,40.0
Rio Grande do Sul,Homens,Indígena,80 anos ou mais,95.0,85.0,180.0,47.22222222222222
Rio Grande do Sul,Homens,Indígena,Total,11177.0,1031.0,12208.0,8.445281782437746
Rio Grande do Sul,Homens,Parda,15 a 19 anos,63257.0,1098.0,64355.0,1.7061611374407581
Rio Grande do Sul,Homens,Parda,20 a 24 anos,69124.0,1048.0,70172.0,1.4934731801858292
Rio Grande do Sul,Homens,Parda,25 a 34 anos,127402.0,2072.0,129474.0,1.6003213000293497
Rio Grande do Sul,Homens,Parda,35 a 44 anos,118530.0,3355.0,121885.0,2.7525946588997825
Rio Grande do Sul,Homens,Parda,45 a 54 anos,95616.0,5575.0,101191.0,5.5093832455455525
Rio Grande do Sul,Homens,Parda,55 a 64 anos,75686.0,7033.0,82719.0,8.502278799308502
Rio Grande do Sul,Homens,Parda,65 anos ou mais,57438.0,12214.0,69652.0,17.535749152931718
Rio Grande do Sul,Homens,Parda,75 anos ou mais,16143.0,5169.0,21312.0,24.253941441441444
Rio Grande do Sul,Homens,Parda,80 anos ou mais,7075.0,2747.0,9822.0,27.9678273264101
Rio Grande do Sul,Homens,Parda,Total,607053.0,32395.0,639448.0,5.066088251116588
Rio Grande do Sul,Homens,Preta,15 a 19 anos,24305.0,423.0,24728.0,1.7106114526043354
Rio Grande do Sul,Homens,Preta,20 a 24 anos,29748.0,496.0,30244.0,1.639994709694485
Rio Grande do Sul,Homens,Preta,25 a 34 anos,60535.0,1123.0,61658.0,1.8213370527749846
Rio Grande do Sul,Homens,Preta,35 a 44 anos,57677.0,1597.0,59274.0,2.694267301008874
Rio Grande do Sul,Homens,Preta,45 a 54 anos,44272.0,2479.0,46751.0,5.302560373040149
Rio Grande do Sul,Homens,Preta,55 a 64 anos,34258.0,3193.0,37451.0,8.525807054551281
Rio Grande do Sul,Homens,Preta,65 anos ou mais,25338.0,5341.0,30679.0,17.409302780403532
Rio Grande do Sul,Homens,Preta,75 anos ou mais,6967.0,2298.0,9265.0,24.803022126281704
Rio Grande do Sul,Homens,Preta,80 anos ou mais,3030.0,1262.0,4292.0,29.403541472506987
Rio Grande do Sul,Homens,Preta,Total,276133.0,14652.0,290785.0,5.038774352184603
Rio Grande do Sul,Homens,Total,15 a 19 anos,335895.0,4637.0,340532.0,1.3616928805516075
Rio Grande do Sul,Homens,Total,20 a 24 anos,375253.0,4682.0,379935.0,1.2323160540618792
Rio Grande do Sul,Homens,Total,25 a 34 anos,766661.0,9155.0,775816.0,1.1800478463965682
Rio Grande do Sul,Homens,Total,35 a 44 anos,789731.0,12810.0,802541.0,1.5961801328530256
Rio Grande do Sul,Homens,Total,45 a 54 anos,659528.0,20434.0,679962.0,3.0051679358552392
Rio Grande do Sul,Homens,Total,55 a 64 anos,622121.0,27491.0,649612.0,4.231910740565137
Rio Grande do Sul,Homens,Total,65 anos ou mais,597562.0,55924.0,653486.0,8.55779618844168
Rio Grande do Sul,Homens,Total,75 anos ou mais,196872.0,25879.0,222751.0,11.617905194589474
Rio Grande do Sul,Homens,Total,80 anos ou mais,94274.0,14404.0,108678.0,13.253832422385395
Rio Grande do Sul,Homens,Total,Total,4146751.0,135133.0,4281884.0,3.155923887709242
Rio Grande do Sul,Mulheres,Amarela,15 a 19 anos,228.0,0.0,228.0,0.0
Rio Grande do Sul,Mulheres,Amarela,20 a 24 anos,262.0,2.0,264.0,0.7575757575757576
Rio Grande do Sul,Mulheres,Amarela,25 a 34 anos,689.0,6.0,695.0,0.8633093525179856
Rio Grande do Sul,Mulheres,Amarela,35 a 44 anos,679.0,6.0,685.0,0.8759124087591241
Rio Grande do Sul,Mulheres,Amarela,45 a 54 anos,607.0,14.0,621.0,2.254428341384863
Rio Grande do Sul,Mulheres,Amarela,55 a 64 anos,481.0,19.0,500.0,3.8
Rio Grande do Sul,Mulheres,Amarela,65 anos ou mais,720.0,68.0,788.0,8.629441624365482
Rio Grande do Sul,Mulheres,Amarela,75 anos ou mais,308.0,44.0,352.0,12.5
Rio Grande do Sul,Mulheres,Amarela,80 anos ou mais,167.0,29.0,196.0,14.795918367346939
Rio Grande do Sul,Mulheres,Amarela,Total,3666.0,115.0,3781.0,3.041523406506215
Rio Grande do Sul,Mulheres,Branca,15 a 19 anos,242990.0,1869.0,244859.0,0.7632964277400462
Rio Grande do Sul,Mulheres,Branca,20 a 24 anos,278568.0,1927.0,280495.0,0.686999768266814
Rio Grande do Sul,Mulheres,Branca,25 a 34 anos,606699.0,3905.0,610604.0,0.6395306941978762
Rio Grande do Sul,Mulheres,Branca,35 a 44 anos,658607.0,5433.0,664040.0,0.818173603999759
Rio Grande do Sul,Mulheres,Branca,45 a 54 anos,573863.0,9719.0,583582.0,1.6654043476323808
Rio Grande do Sul,Mulheres,Branca,55 a 64 anos,590366.0,15219.0,605585.0,2.5131071608444726
Rio Grande do Sul,Mulheres,Branca,65 anos ou mais,694522.0,55241.0,749763.0,7.36779488985186
Rio Grande do Sul,Mulheres,Branca,75 anos ou mais,276692.0,32638.0,309330.0,10.55119128438884
Rio Grande do Sul,Mulheres,Branca,80 anos ou mais,152279.0,21243.0,173522.0,12.242251702954093
Rio Grande do Sul,Mulheres,Branca,Total,3645615.0,93313.0,3738928.0,2.49571534942636
Rio Grande do Sul,Mulheres,Indígena,15 a 19 anos,1566.0,32.0,1598.0,2.002503128911139
Rio Grande do Sul,Mulheres,Indígena,20 a 24 anos,1855.0,54.0,1909.0,2.8287061288632795
Rio Grande do Sul,Mulheres,Indígena,25 a 34 anos,2644.0,128.0,2772.0,4.617604617604617
Rio Grande do Sul,Mulheres,Indígena,35 a 44 anos,1843.0,289.0,2132.0,13.555347091932457
Rio Grande do Sul,Mulheres,Indígena,45 a 54 anos,1245.0,350.0,1595.0,21.9435736677116
Rio Grande do Sul,Mulheres,Indígena,55 a 64 anos,903.0,341.0,1244.0,27.411575562700964
Rio Grande do Sul,Mulheres,Indígena,65 anos ou mais,789.0,522.0,1311.0,39.816933638443935
Rio Grande do Sul,Mulheres,Indígena,75 anos ou mais,261.0,285.0,546.0,52.197802197802204
Rio Grande do Sul,Mulheres,Indígena,80 anos ou mais,150.0,196.0,346.0,56.64739884393064
Rio Grande do Sul,Mulheres,Indígena,Total,10845.0,1716.0,12561.0,13.661332696441367
Rio Grande do Sul,Mulheres,Parda,15 a 19 anos,58271.0,522.0,58793.0,0.8878607997550729
Rio Grande do Sul,Mulheres,Parda,20 a 24 anos,64068.0,587.0,64655.0,0.9078957543886783
Rio Grande do Sul,Mulheres,Parda,25 a 34 anos,122804.0,1200.0,124004.0,0.9677107190090641
Rio Grande do Sul,Mulheres,Parda,35 a 44 anos,114031.0,2347.0,116378.0,2.016704188076784
Rio Grande do Sul,Mulheres,Parda,45 a 54 anos,93811.0,4755.0,98566.0,4.824178722886188
Rio Grande do Sul,Mulheres,Parda,55 a 64 anos,77315.0,6839.0,84154.0,8.126767592746631
Rio Grande do Sul,Mulheres,Parda,65 anos ou mais,65804.0,16995.0,82799.0,20.525610212683727
Rio Grande do Sul,Mulheres,Parda,75 anos ou mais,21308.0,8375.0,29683.0,28.214803085941448
Rio Grande do Sul,Mulheres,Parda,80 anos ou mais,10493.0,5041.0,15534.0,32.45139693575383
Rio Grande do Sul,Mulheres,Parda,Total,596104.0,33245.0,629349.0,5.282442651056886
Rio Grande do Sul,Mulheres,Preta,15 a 19 anos,22786.0,266.0,23052.0,1.1539128925906645
Rio Grande do Sul,Mulheres,Preta,20 a 24 anos,28097.0,285.0,28382.0,1.0041575646536536
Rio Grande do Sul,Mulheres,Preta,25 a 34 anos,59919.0,607.0,60526.0,1.0028747976076395
Rio Grande do Sul,Mulheres,Preta,35 a 44 anos,60114.0,1113.0,61227.0,1.8178254691557645
Rio Grande do Sul,Mulheres,Preta,45 a 54 anos,47625.0,2140.0,49765.0,4.300210991660806
Rio Grande do Sul,Mulheres,Preta,55 a 64 anos,40028.0,3146.0,43174.0,7.286792977254828
Rio Grande do Sul,Mulheres,Preta,65 anos ou mais,36010.0,7731.0,43741.0,17.674493038567935
Rio Grande do Sul,Mulheres,Preta,75 anos ou mais,11758.0,3969.0,15727.0,25.23685381827431
Rio Grande do Sul,Mulheres,Preta,80 anos ou mais,6038.0,2502.0,8540.0,29.29742388758782
Rio Grande do Sul,Mulheres,Preta,Total,294579.0,15288.0,309867.0,4.933729632390671
Rio Grande do Sul,Mulheres,Total,15 a 19 anos,325847.0,2689.0,328536.0,0.8184795577957972
Rio Grande do Sul,Mulheres,Total,20 a 24 anos,372856.0,2855.0,375711.0,0.7598925770073275
Rio Grande do Sul,Mulheres,Total,25 a 34 anos,792778.0,5846.0,798624.0,0.73200905557559
Rio Grande do Sul,Mulheres,Total,35 a 44 anos,835288.0,9188.0,844476.0,1.088011974289382
Rio Grande do Sul,Mulheres,Total,45 a 54 anos,717162.0,16980.0,734142.0,2.3129040430870322
Rio Grande do Sul,Mulheres,Total,55 a 64 anos,709102.0,25566.0,734668.0,3.479939237859822
Rio Grande do Sul,Mulheres,Total,65 anos ou mais,797856.0,80558.0,878414.0,9.170846548438435
Rio Grande do Sul,Mulheres,Total,75 anos ou mais,310330.0,45311.0,355641.0,12.740657010862078
Rio Grande do Sul,Mulheres,Total,80 anos ou mais,169129.0,29011.0,198140.0,14.641667507822751
Rio Grande do Sul,Mulheres,Total,Total,4550889.0,143682.0,4694571.0,3.060599147398133
Rio Grande do Sul,Total,Amarela,15 a 19 anos,417.0,6.0,423.0,1.4184397163120568
Rio Grande do Sul,Total,Amarela,20 a 24 anos,520.0,6.0,526.0,1.1406844106463878
Rio Grande do Sul,Total,Amarela,25 a 34 anos,1327.0,17.0,1344.0,1.2648809523809523
Rio Grande do Sul,Total,Amarela,35 a 44 anos,1331.0,16.0,1347.0,1.1878247958426131
Rio Grande do Sul,Total,Amarela,45 a 54 anos,1100.0,27.0,1127.0,2.3957409050576755
Rio Grande do Sul,Total,Amarela,55 a 64 anos,914.0,44.0,958.0,4.592901878914405
Rio Grande do Sul,Total,Amarela,65 anos ou mais,1381.0,115.0,1496.0,7.68716577540107
Rio Grande do Sul,Total,Amarela,75 anos ou mais,631.0,71.0,702.0,10.113960113960115
Rio Grande do Sul,Total,Amarela,80 anos ou mais,355.0,47.0,402.0,11.691542288557214
Rio Grande do Sul,Total,Amarela,Total,6990.0,231.0,7221.0,3.199002908184462
Rio Grande do Sul,Total,Branca,15 a 19 anos,489554.0,4930.0,494484.0,0.9969988917740513
Rio Grande do Sul,Total,Branca,20 a 24 anos,552801.0,5009.0,557810.0,0.8979760133378749
Rio Grande do Sul,Total,Branca,25 a 34 anos,1182145.0,9760.0,1191905.0,0.8188572075794631
Rio Grande do Sul,Total,Branca,35 a 44 anos,1269533.0,13129.0,1282662.0,1.0235744100940076
Rio Grande do Sul,Total,Branca,45 a 54 anos,1091591.0,21874.0,1113465.0,1.964498210540969
Rio Grande do Sul,Total,Branca,55 a 64 anos,1101041.0,32273.0,1133314.0,2.8476662248944247
Rio Grande do Sul,Total,Branca,65 anos ou mais,1207924.0,93275.0,1301199.0,7.168388540108007
Rio Grande do Sul,Total,Branca,75 anos ou mais,449932.0,50893.0,500825.0,10.161832975590276
Rio Grande do Sul,Total,Branca,80 anos ou mais,236163.0,31535.0,267698.0,11.780065596306285
Rio Grande do Sul,Total,Branca,Total,6894589.0,180250.0,7074839.0,2.547761157533055
Rio Grande do Sul,Total,Indígena,15 a 19 anos,3139.0,81.0,3220.0,2.515527950310559
Rio Grande do Sul,Total,Indígena,20 a 24 anos,3735.0,106.0,3841.0,2.7596979953137204
Rio Grande do Sul,Total,Indígena,25 a 34 anos,5268.0,222.0,5490.0,4.043715846994536
Rio Grande do Sul,Total,Indígena,35 a 44 anos,3773.0,441.0,4214.0,10.465116279069768
Rio Grande do Sul,Total,Indígena,45 a 54 anos,2651.0,561.0,3212.0,17.465753424657535
Rio Grande do Sul,Total,Indígena,55 a 64 anos,1955.0,526.0,2481.0,21.20112857718662
Rio Grande do Sul,Total,Indígena,65 anos ou mais,1501.0,810.0,2311.0,35.049762007788836
Rio Grande do Sul,Total,Indígena,75 anos ou mais,456.0,415.0,871.0,47.646383467278994
Rio Grande do Sul,Total,Indígena,80 anos ou mais,245.0,281.0,526.0,53.42205323193916
Rio Grande do Sul,Total,Indígena,Total,22022.0,2747.0,24769.0,11.090475998223585
Rio Grande do Sul,Total,Parda,15 a 19 anos,121528.0,1620.0,123148.0,1.3154903043492383
Rio Grande do Sul,Total,Parda,20 a 24 anos,133192.0,1635.0,134827.0,1.2126651190043536
Rio Grande do Sul,Total,Parda,25 a 34 anos,250206.0,3272.0,253478.0,1.2908418087565785
Rio Grande do Sul,Total,Parda,35 a 44 anos,232561.0,5702.0,238263.0,2.3931537838439034
Rio Grande do Sul,Total,Parda,45 a 54 anos,189427.0,10330.0,199757.0,5.171283108977407
Rio Grande do Sul,Total,Parda,55 a 64 anos,153001.0,13872.0,166873.0,8.312908619129518
Rio Grande do Sul,Total,Parda,65 anos ou mais,123242.0,29209.0,152451.0,19.15959882191655
Rio Grande do Sul,Total,Parda,75 anos ou mais,37451.0,13544.0,50995.0,26.559466614373957
Rio Grande do Sul,Total,Parda,80 anos ou mais,17568.0,7788.0,25356.0,30.71462375769049
Rio Grande do Sul,Total,Parda,Total,1203157.0,65640.0,1268797.0,5.1734044137872335
Rio Grande do Sul,Total,Preta,15 a 19 anos,47091.0,689.0,47780.0,1.4420259522812893
Rio Grande do Sul,Total,Preta,20 a 24 anos,57845.0,781.0,58626.0,1.3321734384061679
Rio Grande do Sul,Total,Preta,25 a 34 anos,120454.0,1730.0,122184.0,1.4158973351666337
Rio Grande do Sul,Total,Preta,35 a 44 anos,117791.0,2710.0,120501.0,2.24894399216604
Rio Grande do Sul,Total,Preta,45 a 54 anos,91897.0,4619.0,96516.0,4.785735007667123
Rio Grande do Sul,Total,Preta,55 a 64 anos,74286.0,6339.0,80625.0,7.862325581395349
Rio Grande do Sul,Total,Preta,65 anos ou mais,61348.0,13072.0,74420.0,17.565170653050256
Rio Grande do Sul,Total,Preta,75 anos ou mais,18725.0,6267.0,24992.0,25.07602432778489
Rio Grande do Sul,Total,Preta,80 anos ou mais,9068.0,3764.0,12832.0,29.33291770573566
Rio Grande do Sul,Total,Preta,Total,570712.0,29940.0,600652.0,4.984583419350972
Rio Grande do Sul,Total,Total,15 a 19 anos,661742.0,7326.0,669068.0,1.0949559686010988
Rio Grande do Sul,Total,Total,20 a 24 anos,748109.0,7537.0,755646.0,0.9974247200408657
Rio Grande do Sul,Total,Total,25 a 34 anos,1559439.0,15001.0,1574440.0,0.9527832118086431
Rio Grande do Sul,Total,Total,35 a 44 anos,1625019.0,21998.0,1647017.0,1.335626772522688
Rio Grande do Sul,Total,Total,45 a 54 anos,1376690.0,37414.0,1414104.0,2.645774285342521
Rio Grande do Sul,Total,Total,55 a 64 anos,1331223.0,53057.0,1384280.0,3.832822839309966
Rio Grande do Sul,Total,Total,65 anos ou mais,1395418.0,136482.0,1531900.0,8.909328285136105
Rio Grande do Sul,Total,Total,75 anos ou mais,507202.0,71190.0,578392.0,12.308261525055672
Rio Grande do Sul,Total,Total,80 anos ou mais,263403.0,43415.0,306818.0,14.150082459308125
Rio Grande do Sul,Total,Total,Total,8697640.0,278815.0,8976455.0,3.1060702693880824
Rio de Janeiro,Homens,Amarela,15 a 19 anos,507.0,3.0,510.0,0.5882352941176471
Rio de Janeiro,Homens,Amarela,20 a 24 anos,586.0,6.0,592.0,1.0135135135135136
Rio de Janeiro,Homens,Amarela,25 a 34 anos,1349.0,40.0,1389.0,2.8797696184305255
Rio de Janeiro,Homens,Amarela,35 a 44 anos,1781.0,46.0,1827.0,2.517788724685276
Rio de Janeiro,Homens,Amarela,45 a 54 anos,1311.0,42.0,1353.0,3.1042128603104215
Rio de Janeiro,Homens,Amarela,55 a 64 anos,1048.0,56.0,1104.0,5.072463768115942
Rio de Janeiro,Homens,Amarela,65 anos ou mais,1598.0,85.0,1683.0,5.05050505050505
Rio de Janeiro,Homens,Amarela,75 anos ou mais,709.0,46.0,755.0,6.0927152317880795
Rio de Janeiro,Homens,Amarela,80 anos ou mais,399.0,22.0,421.0,5.225653206650831
Rio de Janeiro,Homens,Amarela,Total,8180.0,278.0,8458.0,3.2868290375975406
Rio de Janeiro,Homens,Branca,15 a 19 anos,186108.0,2106.0,188214.0,1.1189390799834231
Rio de Janeiro,Homens,Branca,20 a 24 anos,209358.0,2171.0,211529.0,1.026336814337514
Rio de Janeiro,Homens,Branca,25 a 34 anos,418934.0,4158.0,423092.0,0.982764977829881
Rio de Janeiro,Homens,Branca,35 a 44 anos,453294.0,6745.0,460039.0,1.4661800412573718
Rio de Janeiro,Homens,Branca,45 a 54 anos,392337.0,10716.0,403053.0,2.658707415650051
Rio de Janeiro,Homens,Branca,55 a 64 anos,369853.0,12920.0,382773.0,3.3753686911041267
Rio de Janeiro,Homens,Branca,65 anos ou mais,410976.0,23090.0,434066.0,5.319467546409993
Rio de Janeiro,Homens,Branca,75 anos ou mais,152360.0,10733.0,163093.0,6.580907825596438
Rio de Janeiro,Homens,Branca,80 anos ou mais,80943.0,6137.0,87080.0,7.047542489664677
Rio de Janeiro,Homens,Branca,Total,2440860.0,61906.0,2502766.0,2.4735033159312536
Rio de Janeiro,Homens,Indígena,15 a 19 anos,389.0,8.0,397.0,2.0151133501259446
Rio de Janeiro,Homens,Indígena,20 a 24 anos,467.0,5.0,472.0,1.059322033898305
Rio de Janeiro,Homens,Indígena,25 a 34 anos,1120.0,20.0,1140.0,1.7543859649122806
Rio de Janeiro,Homens,Indígena,35 a 44 anos,1264.0,29.0,1293.0,2.2428460943542152
Rio de Janeiro,Homens,Indígena,45 a 54 anos,999.0,48.0,1047.0,4.584527220630372
Rio de Janeiro,Homens,Indígena,55 a 64 anos,851.0,59.0,910.0,6.4835164835164845
Rio de Janeiro,Homens,Indígena,65 anos ou mais,828.0,104.0,932.0,11.158798283261802
Rio de Janeiro,Homens,Indígena,75 anos ou mais,281.0,45.0,326.0,13.803680981595093
Rio de Janeiro,Homens,Indígena,80 anos ou mais,152.0,25.0,177.0,14.124293785310735
Rio de Janeiro,Homens,Indígena,Total,5918.0,273.0,6191.0,4.409626877725731
Rio de Janeiro,Homens,Parda,15 a 19 anos,234257.0,3306.0,237563.0,1.3916308516056792
Rio de Janeiro,Homens,Parda,20 a 24 anos,247258.0,3369.0,250627.0,1.344228674484393
Rio de Janeiro,Homens,Parda,25 a 34 anos,469869.0,7284.0,477153.0,1.5265543756405178
Rio de Janeiro,Homens,Parda,35 a 44 anos,496470.0,11461.0,507931.0,2.2564088429333906
Rio de Janeiro,Homens,Parda,45 a 54 anos,415054.0,18280.0,433334.0,4.218455048530695
Rio de Janeiro,Homens,Parda,55 a 64 anos,333344.0,20698.0,354042.0,5.846199038532152
Rio de Janeiro,Homens,Parda,65 anos ou mais,269733.0,30204.0,299937.0,10.07011472409206
Rio de Janeiro,Homens,Parda,75 anos ou mais,77418.0,12136.0,89554.0,13.55160015186368
Rio de Janeiro,Homens,Parda,80 anos ou mais,36483.0,6516.0,42999.0,15.153840786995046
Rio de Janeiro,Homens,Parda,Total,2465985.0,94602.0,2560587.0,3.694543477726006
Rio de Janeiro,Homens,Preta,15 a 19 anos,85908.0,1337.0,87245.0,1.5324660438993638
Rio de Janeiro,Homens,Preta,20 a 24 anos,105132.0,1707.0,106839.0,1.5977311655856006
Rio de Janeiro,Homens,Preta,25 a 34 anos,208887.0,3558.0,212445.0,1.6747864153074916
Rio de Janeiro,Homens,Preta,35 a 44 anos,208802.0,5604.0,214406.0,2.6137328246411013
Rio de Janeiro,Homens,Preta,45 a 54 anos,166229.0,8805.0,175034.0,5.030451226618828
Rio de Janeiro,Homens,Preta,55 a 64 anos,125474.0,9858.0,135332.0,7.284308219785417
Rio de Janeiro,Homens,Preta,65 anos ou mais,98582.0,14570.0,113152.0,12.876484728506787
Rio de Janeiro,Homens,Preta,75 anos ou mais,27326.0,5787.0,33113.0,17.476519795850574
Rio de Janeiro,Homens,Preta,80 anos ou mais,12871.0,3071.0,15942.0,19.263580479237234
Rio de Janeiro,Homens,Preta,Total,999014.0,45439.0,1044453.0,4.350506916060368
Rio de Janeiro,Homens,Total,15 a 19 anos,507179.0,6760.0,513939.0,1.3153311968930164
Rio de Janeiro,Homens,Total,20 a 24 anos,562819.0,7258.0,570077.0,1.273161344870956
Rio de Janeiro,Homens,Total,25 a 34 anos,1100201.0,15060.0,1115261.0,1.350356553309046
Rio de Janeiro,Homens,Total,35 a 44 anos,1161662.0,23887.0,1185549.0,2.0148471298950947
Rio de Janeiro,Homens,Total,45 a 54 anos,975957.0,37894.0,1013851.0,3.7376300856832017
Rio de Janeiro,Homens,Total,55 a 64 anos,830599.0,43594.0,874193.0,4.986770655907791
Rio de Janeiro,Homens,Total,65 anos ou mais,781740.0,68058.0,849798.0,8.0087267797759
Rio de Janeiro,Homens,Total,75 anos ou mais,258107.0,28749.0,286856.0,10.022101681680006
Rio de Janeiro,Homens,Total,80 anos ou mais,130855.0,15771.0,146626.0,10.755936873405808
Rio de Janeiro,Homens,Total,Total,5920157.0,202511.0,6122668.0,3.3075613441721807
Rio de Janeiro,Mulheres,Amarela,15 a 19 anos,587.0,1.0,588.0,0.17006802721088435
Rio de Janeiro,Mulheres,Amarela,20 a 24 anos,791.0,5.0,796.0,0.628140703517588
Rio de Janeiro,Mulheres,Amarela,25 a 34 anos,1833.0,22.0,1855.0,1.1859838274932615
Rio de Janeiro,Mulheres,Amarela,35 a 44 anos,2187.0,37.0,2224.0,1.6636690647482015
Rio de Janeiro,Mulheres,Amarela,45 a 54 anos,1638.0,68.0,1706.0,3.985932004689332
Rio de Janeiro,Mulheres,Amarela,55 a 64 anos,1187.0,73.0,1260.0,5.7936507936507935
Rio de Janeiro,Mulheres,Amarela,65 anos ou mais,1887.0,134.0,2021.0,6.630380999505195
Rio de Janeiro,Mulheres,Amarela,75 anos ou mais,817.0,69.0,886.0,7.7878103837471775
Rio de Janeiro,Mulheres,Amarela,80 anos ou mais,472.0,47.0,519.0,9.05587668593449
Rio de Janeiro,Mulheres,Amarela,Total,10110.0,340.0,10450.0,3.253588516746411
Rio de Janeiro,Mulheres,Branca,15 a 19 anos,190554.0,1230.0,191784.0,0.6413465148291828
Rio de Janeiro,Mulheres,Branca,20 a 24 anos,223510.0,1355.0,224865.0,0.6025837724857136
Rio de Janeiro,Mulheres,Branca,25 a 34 anos,474822.0,2918.0,477740.0,0.6107924812659605
Rio de Janeiro,Mulheres,Branca,35 a 44 anos,542290.0,4905.0,547195.0,0.8963897696433629
Rio de Janeiro,Mulheres,Branca,45 a 54 anos,486256.0,8887.0,495143.0,1.7948350274567144
Rio de Janeiro,Mulheres,Branca,55 a 64 anos,471440.0,13889.0,485329.0,2.8617700570128717
Rio de Janeiro,Mulheres,Branca,65 anos ou mais,626419.0,40178.0,666597.0,6.027329855969949
Rio de Janeiro,Mulheres,Branca,75 anos ou mais,268928.0,22935.0,291863.0,7.858138921343233
Rio de Janeiro,Mulheres,Branca,80 anos ou mais,158814.0,14938.0,173752.0,8.597311110087942
Rio de Janeiro,Mulheres,Branca,Total,3015291.0,73362.0,3088653.0,2.3752101644309023
Rio de Janeiro,Mulheres,Indígena,15 a 19 anos,376.0,1.0,377.0,0.2652519893899204
Rio de Janeiro,Mulheres,Indígena,20 a 24 anos,454.0,9.0,463.0,1.9438444924406046
Rio de Janeiro,Mulheres,Indígena,25 a 34 anos,1216.0,17.0,1233.0,1.37875101378751
Rio de Janeiro,Mulheres,Indígena,35 a 44 anos,1442.0,26.0,1468.0,1.7711171662125342
Rio de Janeiro,Mulheres,Indígena,45 a 54 anos,1280.0,45.0,1325.0,3.3962264150943398
Rio de Janeiro,Mulheres,Indígena,55 a 64 anos,1177.0,89.0,1266.0,7.03001579778831
Rio de Janeiro,Mulheres,Indígena,65 anos ou mais,1534.0,236.0,1770.0,13.333333333333334
Rio de Janeiro,Mulheres,Indígena,75 anos ou mais,577.0,137.0,714.0,19.187675070028014
Rio de Janeiro,Mulheres,Indígena,80 anos ou mais,308.0,89.0,397.0,22.418136020151135
Rio de Janeiro,Mulheres,Indígena,Total,7479.0,423.0,7902.0,5.353075170842825
Rio de Janeiro,Mulheres,Parda,15 a 19 anos,220669.0,1779.0,222448.0,0.7997374667337985
Rio de Janeiro,Mulheres,Parda,20 a 24 anos,246466.0,1904.0,248370.0,0.7665982203969883
Rio de Janeiro,Mulheres,Parda,25 a 34 anos,505994.0,4385.0,510379.0,0.8591654437192753
Rio de Janeiro,Mulheres,Parda,35 a 44 anos,537156.0,8100.0,545256.0,1.4855407368282054
Rio de Janeiro,Mulheres,Parda,45 a 54 anos,452655.0,14920.0,467575.0,3.1909319360530395
Rio de Janeiro,Mulheres,Parda,55 a 64 anos,383078.0,22113.0,405191.0,5.457426250829855
Rio de Janeiro,Mulheres,Parda,65 anos ou mais,356423.0,50066.0,406489.0,12.316692456622443
Rio de Janeiro,Mulheres,Parda,75 anos ou mais,118791.0,25019.0,143810.0,17.397260273972602
Rio de Janeiro,Mulheres,Parda,80 anos ou mais,62615.0,15258.0,77873.0,19.593440602005828
Rio de Janeiro,Mulheres,Parda,Total,2702441.0,103267.0,2805708.0,3.6806039687665293
Rio de Janeiro,Mulheres,Preta,15 a 19 anos,82177.0,654.0,82831.0,0.7895594644517149
Rio de Janeiro,Mulheres,Preta,20 a 24 anos,103617.0,810.0,104427.0,0.7756614668620184
Rio de Janeiro,Mulheres,Preta,25 a 34 anos,214852.0,1893.0,216745.0,0.8733765484786269
Rio de Janeiro,Mulheres,Preta,35 a 44 anos,222034.0,3827.0,225861.0,1.6944049658860982
Rio de Janeiro,Mulheres,Preta,45 a 54 anos,184116.0,7412.0,191528.0,3.8699302451860826
Rio de Janeiro,Mulheres,Preta,55 a 64 anos,154284.0,11257.0,165541.0,6.800128064950677
Rio de Janeiro,Mulheres,Preta,65 anos ou mais,149356.0,27099.0,176455.0,15.357456575330822
Rio de Janeiro,Mulheres,Preta,75 anos ou mais,49790.0,13793.0,63583.0,21.69290533633204
Rio de Janeiro,Mulheres,Preta,80 anos ou mais,26311.0,8590.0,34901.0,24.612475287241054
Rio de Janeiro,Mulheres,Preta,Total,1110436.0,52952.0,1163388.0,4.551533968031301
Rio de Janeiro,Mulheres,Total,15 a 19 anos,494374.0,3665.0,498039.0,0.735886145462504
Rio de Janeiro,Mulheres,Total,20 a 24 anos,574851.0,4083.0,578934.0,0.7052617396801708
Rio de Janeiro,Mulheres,Total,25 a 34 anos,1198761.0,9236.0,1207997.0,0.7645714351939616
Rio de Janeiro,Mulheres,Total,35 a 44 anos,1305160.0,16896.0,1322056.0,1.2780094035351
Rio de Janeiro,Mulheres,Total,45 a 54 anos,1125987.0,31334.0,1157321.0,2.707459728113462
Rio de Janeiro,Mulheres,Total,55 a 64 anos,1011197.0,47423.0,1058620.0,4.479699986775236
Rio de Janeiro,Mulheres,Total,65 anos ou mais,1135677.0,117716.0,1253393.0,9.391786933547579
Rio de Janeiro,Mulheres,Total,75 anos ou mais,438931.0,61955.0,500886.0,12.369081986719532
Rio de Janeiro,Mulheres,Total,80 anos ou mais,248537.0,38923.0,287460.0,13.540318653029987
Rio de Janeiro,Mulheres,Total,Total,6846007.0,230353.0,7076360.0,3.255247047917291
Rio de Janeiro,Total,Amarela,15 a 19 anos,1094.0,4.0,1098.0,0.36429872495446264
Rio de Janeiro,Total,Amarela,20 a 24 anos,1377.0,11.0,1388.0,0.792507204610951
Rio de Janeiro,Total,Amarela,25 a 34 anos,3182.0,62.0,3244.0,1.911220715166461
Rio de Janeiro,Total,Amarela,35 a 44 anos,3968.0,83.0,4051.0,2.0488768205381387
Rio de Janeiro,Total,Amarela,45 a 54 anos,2949.0,110.0,3059.0,3.5959463877084015
Rio de Janeiro,Total,Amarela,55 a 64 anos,2235.0,129.0,2364.0,5.456852791878172
Rio de Janeiro,Total,Amarela,65 anos ou mais,3485.0,219.0,3704.0,5.912526997840173
Rio de Janeiro,Total,Amarela,75 anos ou mais,1526.0,115.0,1641.0,7.007921998781232
Rio de Janeiro,Total,Amarela,80 anos ou mais,871.0,69.0,940.0,7.340425531914893
Rio de Janeiro,Total,Amarela,Total,18290.0,618.0,18908.0,3.268457795642056
Rio de Janeiro,Total,Branca,15 a 19 anos,376662.0,3336.0,379998.0,0.8778993573650388
Rio de Janeiro,Total,Branca,20 a 24 anos,432868.0,3526.0,436394.0,0.8079854443461644
Rio de Janeiro,Total,Branca,25 a 34 anos,893756.0,7076.0,900832.0,0.7854960747397961
Rio de Janeiro,Total,Branca,35 a 44 anos,995584.0,11650.0,1007234.0,1.1566329174749859
Rio de Janeiro,Total,Branca,45 a 54 anos,878593.0,19603.0,898196.0,2.1824857826131487
Rio de Janeiro,Total,Branca,55 a 64 anos,841293.0,26809.0,868102.0,3.0882315672582252
Rio de Janeiro,Total,Branca,65 anos ou mais,1037395.0,63268.0,1100663.0,5.748171783733986
Rio de Janeiro,Total,Branca,75 anos ou mais,421288.0,33668.0,454956.0,7.400276070652986
Rio de Janeiro,Total,Branca,80 anos ou mais,239757.0,21075.0,260832.0,8.079913507545086
Rio de Janeiro,Total,Branca,Total,5456151.0,135268.0,5591419.0,2.4192070027304338
Rio de Janeiro,Total,Indígena,15 a 19 anos,765.0,9.0,774.0,1.1627906976744187
Rio de Janeiro,Total,Indígena,20 a 24 anos,921.0,14.0,935.0,1.4973262032085561
Rio de Janeiro,Total,Indígena,25 a 34 anos,2336.0,37.0,2373.0,1.5592077538980194
Rio de Janeiro,Total,Indígena,35 a 44 anos,2706.0,55.0,2761.0,1.9920318725099602
Rio de Janeiro,Total,Indígena,45 a 54 anos,2279.0,93.0,2372.0,3.920741989881956
Rio de Janeiro,Total,Indígena,55 a 64 anos,2028.0,148.0,2176.0,6.8014705882352935
Rio de Janeiro,Total,Indígena,65 anos ou mais,2362.0,340.0,2702.0,12.583271650629163
Rio de Janeiro,Total,Indígena,75 anos ou mais,858.0,182.0,1040.0,17.5
Rio de Janeiro,Total,Indígena,80 anos ou mais,460.0,114.0,574.0,19.860627177700348
Rio de Janeiro,Total,Indígena,Total,13397.0,696.0,14093.0,4.938622010927411
Rio de Janeiro,Total,Parda,15 a 19 anos,454926.0,5085.0,460011.0,1.1054083489307864
Rio de Janeiro,Total,Parda,20 a 24 anos,493724.0,5273.0,498997.0,1.0567197798784362
Rio de Janeiro,Total,Parda,25 a 34 anos,975863.0,11669.0,987532.0,1.181632595196915
Rio de Janeiro,Total,Parda,35 a 44 anos,1033626.0,19561.0,1053187.0,1.8573149877467154
Rio de Janeiro,Total,Parda,45 a 54 anos,867709.0,33200.0,900909.0,3.6851668703498355
Rio de Janeiro,Total,Parda,55 a 64 anos,716422.0,42811.0,759233.0,5.638716968308807
Rio de Janeiro,Total,Parda,65 anos ou mais,626156.0,80270.0,706426.0,11.362832058842681
Rio de Janeiro,Total,Parda,75 anos ou mais,196209.0,37155.0,233364.0,15.921478891345709
Rio de Janeiro,Total,Parda,80 anos ou mais,99098.0,21774.0,120872.0,18.01409755774704
Rio de Janeiro,Total,Parda,Total,5168426.0,197869.0,5366295.0,3.6872553596103086
Rio de Janeiro,Total,Preta,15 a 19 anos,168085.0,1991.0,170076.0,1.1706531197817445
Rio de Janeiro,Total,Preta,20 a 24 anos,208749.0,2517.0,211266.0,1.1913890545568147
Rio de Janeiro,Total,Preta,25 a 34 anos,423739.0,5451.0,429190.0,1.2700668701507491
Rio de Janeiro,Total,Preta,35 a 44 anos,430836.0,9431.0,440267.0,2.142109220086902
Rio de Janeiro,Total,Preta,45 a 54 anos,350345.0,16217.0,366562.0,4.424081055865038
Rio de Janeiro,Total,Preta,55 a 64 anos,279758.0,21115.0,300873.0,7.017911211707265
Rio de Janeiro,Total,Preta,65 anos ou mais,247938.0,41669.0,289607.0,14.38811907170752
Rio de Janeiro,Total,Preta,75 anos ou mais,77116.0,19580.0,96696.0,20.249027881194674
Rio de Janeiro,Total,Preta,80 anos ou mais,39182.0,11661.0,50843.0,22.935310662234723
Rio de Janeiro,Total,Preta,Total,2109450.0,98391.0,2207841.0,4.456435042197332
Rio de Janeiro,Total,Total,15 a 19 anos,1001553.0,10425.0,1011978.0,1.0301607347195294
Rio de Janeiro,Total,Total,20 a 24 anos,1137670.0,11341.0,1149011.0,0.9870227526107235
Rio de Janeiro,Total,Total,25 a 34 anos,2298962.0,24296.0,2323258.0,1.045772789763341
Rio de Janeiro,Total,Total,35 a 44 anos,2466822.0,40783.0,2507605.0,1.6263725746279816
Rio de Janeiro,Total,Total,45 a 54 anos,2101944.0,69228.0,2171172.0,3.188508326378564
Rio de Janeiro,Total,Total,55 a 64 anos,1841796.0,91017.0,1932813.0,4.709043244224868
Rio de Janeiro,Total,Total,65 anos ou mais,1917417.0,185774.0,2103191.0,8.83295906077955
Rio de Janeiro,Total,Total,75 anos ou mais,697038.0,90704.0,787742.0,11.514429851398047
Rio de Janeiro,Total,Total,80 anos ou mais,379392.0,54694.0,434086.0,12.599807411434599
Rio de Janeiro,Total,Total,Total,12766164.0,432864.0,13199028.0,3.279514218774292
Rondônia,Homens,Amarela,15 a 19 anos,123.0,1.0,124.0,0.8064516129032258
Rondônia,Homens,Amarela,20 a 24 anos,147.0,2.0,149.0,1.342281879194631
Rondônia,Homens,Amarela,25 a 34 anos,329.0,2.0,331.0,0.6042296072507553
Rondônia,Homens,Amarela,35 a 44 anos,326.0,4.0,330.0,1.2121212121212122
Rondônia,Homens,Amarela,45 a 54 anos,214.0,3.0,217.0,1.3824884792626728
Rondônia,Homens,Amarela,55 a 64 anos,222.0,19.0,241.0,7.883817427385892
Rondônia,Homens,Amarela,65 anos ou mais,231.0,31.0,262.0,11.83206106870229
Rondônia,Homens,Amarela,75 anos ou mais,66.0,17.0,83.0,20.481927710843372
Rondônia,Homens,Amarela,80 anos ou mais,26.0,13.0,39.0,33.33333333333333
Rondônia,Homens,Amarela,Total,1592.0,62.0,1654.0,3.7484885126964933
Rondônia,Homens,Branca,15 a 19 anos,16855.0,229.0,17084.0,1.3404354952001873
Rondônia,Homens,Branca,20 a 24 anos,16747.0,239.0,16986.0,1.4070410926645471
Rondônia,Homens,Branca,25 a 34 anos,34421.0,483.0,34904.0,1.3837955535182214
Rondônia,Homens,Branca,35 a 44 anos,33671.0,735.0,34406.0,2.1362553043073884
Rondônia,Homens,Branca,45 a 54 anos,28730.0,1429.0,30159.0,4.738220763287907
Rondônia,Homens,Branca,55 a 64 anos,23594.0,2096.0,25690.0,8.158816660179058
Rondônia,Homens,Branca,65 anos ou mais,18783.0,4192.0,22975.0,18.245919477693146
Rondônia,Homens,Branca,75 anos ou mais,5929.0,2111.0,8040.0,26.25621890547264
Rondônia,Homens,Branca,80 anos ou mais,2870.0,1239.0,4109.0,30.153321976149915
Rondônia,Homens,Branca,Total,172801.0,9403.0,182204.0,5.160698996728941
Rondônia,Homens,Indígena,15 a 19 anos,1002.0,25.0,1027.0,2.4342745861733204
Rondônia,Homens,Indígena,20 a 24 anos,845.0,20.0,865.0,2.312138728323699
Rondônia,Homens,Indígena,25 a 34 anos,1303.0,50.0,1353.0,3.6954915003695494
Rondônia,Homens,Indígena,35 a 44 anos,897.0,60.0,957.0,6.269592476489027
Rondônia,Homens,Indígena,45 a 54 anos,544.0,111.0,655.0,16.946564885496183
Rondônia,Homens,Indígena,55 a 64 anos,306.0,128.0,434.0,29.493087557603687
Rondônia,Homens,Indígena,65 anos ou mais,181.0,244.0,425.0,57.41176470588235
Rondônia,Homens,Indígena,75 anos ou mais,56.0,116.0,172.0,67.44186046511628
Rondônia,Homens,Indígena,80 anos ou mais,28.0,70.0,98.0,71.42857142857143
Rondônia,Homens,Indígena,Total,5078.0,638.0,5716.0,11.161651504548635
Rondônia,Homens,Parda,15 a 19 anos,38171.0,618.0,38789.0,1.593235195545129
Rondônia,Homens,Parda,20 a 24 anos,37361.0,603.0,37964.0,1.588346854915183
Rondônia,Homens,Parda,25 a 34 anos,72646.0,1281.0,73927.0,1.7327904554492946
Rondônia,Homens,Parda,35 a 44 anos,70540.0,2259.0,72799.0,3.103064602535749
Rondônia,Homens,Parda,45 a 54 anos,53244.0,3744.0,56988.0,6.5698041692988
Rondônia,Homens,Parda,55 a 64 anos,35952.0,5454.0,41406.0,13.172004057382988
Rondônia,Homens,Parda,65 anos ou mais,23895.0,8889.0,32784.0,27.113836017569547
Rondônia,Homens,Parda,75 anos ou mais,6740.0,4071.0,10811.0,37.65609101840718
Rondônia,Homens,Parda,80 anos ou mais,3215.0,2337.0,5552.0,42.09293948126801
Rondônia,Homens,Parda,Total,331809.0,22848.0,354657.0,6.442280851639754
Rondônia,Homens,Preta,15 a 19 anos,4820.0,98.0,4918.0,1.9926799511996744
Rondônia,Homens,Preta,20 a 24 anos,6048.0,141.0,6189.0,2.278235579253514
Rondônia,Homens,Preta,25 a 34 anos,12864.0,265.0,13129.0,2.0184324777210754
Rondônia,Homens,Preta,35 a 44 anos,13863.0,557.0,14420.0,3.862690707350901
Rondônia,Homens,Preta,45 a 54 anos,10704.0,1050.0,11754.0,8.933129147524248
Rondônia,Homens,Preta,55 a 64 anos,7102.0,1628.0,8730.0,18.648339060710196
Rondônia,Homens,Preta,65 anos ou mais,4618.0,2679.0,7297.0,36.71371796628752
Rondônia,Homens,Preta,75 anos ou mais,1376.0,1191.0,2567.0,46.39657187378263
Rondônia,Homens,Preta,80 anos ou mais,657.0,659.0,1316.0,50.07598784194529
Rondônia,Homens,Preta,Total,60019.0,6418.0,66437.0,9.660279663440553
Rondônia,Homens,Total,15 a 19 anos,60971.0,971.0,61942.0,1.567595492557554
Rondônia,Homens,Total,20 a 24 anos,61150.0,1005.0,62155.0,1.6169254283645726
Rondônia,Homens,Total,25 a 34 anos,121565.0,2081.0,123646.0,1.6830305873218705
Rondônia,Homens,Total,35 a 44 anos,119301.0,3615.0,122916.0,2.9410329005174267
Rondônia,Homens,Total,45 a 54 anos,93438.0,6337.0,99775.0,6.351290403407667
Rondônia,Homens,Total,55 a 64 anos,67177.0,9325.0,76502.0,12.189223811142194
Rondônia,Homens,Total,65 anos ou mais,47709.0,16036.0,63745.0,25.156482861400892
Rondônia,Homens,Total,75 anos ou mais,14168.0,7507.0,21675.0,34.634371395617066
Rondônia,Homens,Total,80 anos ou mais,6796.0,4318.0,11114.0,38.85189850638834
Rondônia,Homens,Total,Total,571311.0,39370.0,610681.0,6.4469010825619275
Rondônia,Mulheres,Amarela,15 a 19 anos,154.0,2.0,156.0,1.282051282051282
Rondônia,Mulheres,Amarela,20 a 24 anos,157.0,0.0,157.0,0.0
Rondônia,Mulheres,Amarela,25 a 34 anos,419.0,3.0,422.0,0.7109004739336493
Rondônia,Mulheres,Amarela,35 a 44 anos,442.0,10.0,452.0,2.2123893805309733
Rondônia,Mulheres,Amarela,45 a 54 anos,301.0,3.0,304.0,0.9868421052631579
Rondônia,Mulheres,Amarela,55 a 64 anos,262.0,16.0,278.0,5.755395683453238
Rondônia,Mulheres,Amarela,65 anos ou mais,194.0,31.0,225.0,13.777777777777779
Rondônia,Mulheres,Amarela,75 anos ou mais,72.0,18.0,90.0,20.0
Rondônia,Mulheres,Amarela,80 anos ou mais,41.0,13.0,54.0,24.074074074074073
Rondônia,Mulheres,Amarela,Total,1929.0,65.0,1994.0,3.259779338014042
Rondônia,Mulheres,Branca,15 a 19 anos,17390.0,133.0,17523.0,0.7590024539177082
Rondônia,Mulheres,Branca,20 a 24 anos,17741.0,164.0,17905.0,0.9159452666852833
Rondônia,Mulheres,Branca,25 a 34 anos,36614.0,347.0,36961.0,0.9388274126782284
Rondônia,Mulheres,Branca,35 a 44 anos,38149.0,567.0,38716.0,1.4645107965698936
Rondônia,Mulheres,Branca,45 a 54 anos,31853.0,1188.0,33041.0,3.595532822856451
Rondônia,Mulheres,Branca,55 a 64 anos,23708.0,2390.0,26098.0,9.157789868955476
Rondônia,Mulheres,Branca,65 anos ou mais,19090.0,5967.0,25057.0,23.81370475316279
Rondônia,Mulheres,Branca,75 anos ou mais,6060.0,3008.0,9068.0,33.17159241288046
Rondônia,Mulheres,Branca,80 anos ou mais,3050.0,1765.0,4815.0,36.65628245067498
Rondônia,Mulheres,Branca,Total,184545.0,10756.0,195301.0,5.507396275492701
Rondônia,Mulheres,Indígena,15 a 19 anos,944.0,22.0,966.0,2.2774327122153206
Rondônia,Mulheres,Indígena,20 a 24 anos,783.0,22.0,805.0,2.732919254658385
Rondônia,Mulheres,Indígena,25 a 34 anos,1266.0,45.0,1311.0,3.4324942791762014
Rondônia,Mulheres,Indígena,35 a 44 anos,823.0,98.0,921.0,10.640608034744844
Rondônia,Mulheres,Indígena,45 a 54 anos,476.0,200.0,676.0,29.585798816568047
Rondônia,Mulheres,Indígena,55 a 64 anos,249.0,183.0,432.0,42.36111111111111
Rondônia,Mulheres,Indígena,65 anos ou mais,155.0,286.0,441.0,64.85260770975057
Rondônia,Mulheres,Indígena,75 anos ou mais,55.0,142.0,197.0,72.08121827411168
Rondônia,Mulheres,Indígena,80 anos ou mais,24.0,84.0,108.0,77.77777777777779
Rondônia,Mulheres,Indígena,Total,4696.0,856.0,5552.0,15.417867435158502
Rondônia,Mulheres,Parda,15 a 19 anos,37224.0,302.0,37526.0,0.8047753557533445
Rondônia,Mulheres,Parda,20 a 24 anos,38363.0,318.0,38681.0,0.8221090457847522
Rondônia,Mulheres,Parda,25 a 34 anos,77680.0,752.0,78432.0,0.9587923296613627
Rondônia,Mulheres,Parda,35 a 44 anos,76091.0,1646.0,77737.0,2.1173958346733213
Rondônia,Mulheres,Parda,45 a 54 anos,56238.0,3363.0,59601.0,5.642522776463482
Rondônia,Mulheres,Parda,55 a 64 anos,35987.0,5921.0,41908.0,14.12856733797843
Rondônia,Mulheres,Parda,65 anos ou mais,21807.0,10923.0,32730.0,33.37305224564619
Rondônia,Mulheres,Parda,75 anos ou mais,5749.0,5072.0,10821.0,46.87182330653359
Rondônia,Mulheres,Parda,80 anos ou mais,2708.0,2847.0,5555.0,51.251125112511254
Rondônia,Mulheres,Parda,Total,343390.0,23225.0,366615.0,6.334983565866099
Rondônia,Mulheres,Preta,15 a 19 anos,3905.0,39.0,3944.0,0.9888438133874239
Rondônia,Mulheres,Preta,20 a 24 anos,4773.0,37.0,4810.0,0.7692307692307693
Rondônia,Mulheres,Preta,25 a 34 anos,10402.0,112.0,10514.0,1.0652463382157125
Rondônia,Mulheres,Preta,35 a 44 anos,10883.0,328.0,11211.0,2.9256979752029255
Rondônia,Mulheres,Preta,45 a 54 anos,8509.0,724.0,9233.0,7.841438319072891
Rondônia,Mulheres,Preta,55 a 64 anos,5699.0,1402.0,7101.0,19.74369807069427
Rondônia,Mulheres,Preta,65 anos ou mais,3452.0,2618.0,6070.0,43.130148270181216
Rondônia,Mulheres,Preta,75 anos ou mais,978.0,1181.0,2159.0,54.70125057897175
Rondônia,Mulheres,Preta,80 anos ou mais,468.0,651.0,1119.0,58.17694369973191
Rondônia,Mulheres,Preta,Total,47623.0,5260.0,52883.0,9.946485638106765
Rondônia,Mulheres,Total,15 a 19 anos,59618.0,498.0,60116.0,0.828398429702575
Rondônia,Mulheres,Total,20 a 24 anos,61819.0,541.0,62360.0,0.8675432969852469
Rondônia,Mulheres,Total,25 a 34 anos,126384.0,1260.0,127644.0,0.9871204286923004
Rondônia,Mulheres,Total,35 a 44 anos,126392.0,2649.0,129041.0,2.0528359203663955
Rondônia,Mulheres,Total,45 a 54 anos,97380.0,5478.0,102858.0,5.325788951758735
Rondônia,Mulheres,Total,55 a 64 anos,65905.0,9913.0,75818.0,13.07473159408056
Rondônia,Mulheres,Total,65 anos ou mais,44700.0,19826.0,64526.0,30.725598983355546
Rondônia,Mulheres,Total,75 anos ou mais,12914.0,9422.0,22336.0,42.183022922636106
Rondônia,Mulheres,Total,80 anos ou mais,6291.0,5360.0,11651.0,46.00463479529654
Rondônia,Mulheres,Total,Total,582198.0,40165.0,622363.0,6.453629152118618
Rondônia,Total,Amarela,15 a 19 anos,277.0,3.0,280.0,1.0714285714285714
Rondônia,Total,Amarela,20 a 24 anos,304.0,2.0,306.0,0.6535947712418301
Rondônia,Total,Amarela,25 a 34 anos,748.0,5.0,753.0,0.6640106241699867
Rondônia,Total,Amarela,35 a 44 anos,768.0,14.0,782.0,1.7902813299232736
Rondônia,Total,Amarela,45 a 54 anos,515.0,6.0,521.0,1.1516314779270633
Rondônia,Total,Amarela,55 a 64 anos,484.0,35.0,519.0,6.74373795761079
Rondônia,Total,Amarela,65 anos ou mais,425.0,62.0,487.0,12.73100616016427
Rondônia,Total,Amarela,75 anos ou mais,138.0,35.0,173.0,20.23121387283237
Rondônia,Total,Amarela,80 anos ou mais,67.0,26.0,93.0,27.956989247311824
Rondônia,Total,Amarela,Total,3521.0,127.0,3648.0,3.481359649122807
Rondônia,Total,Branca,15 a 19 anos,34245.0,362.0,34607.0,1.0460311497673882
Rondônia,Total,Branca,20 a 24 anos,34488.0,403.0,34891.0,1.1550256513140924
Rondônia,Total,Branca,25 a 34 anos,71035.0,830.0,71865.0,1.1549432964586377
Rondônia,Total,Branca,35 a 44 anos,71820.0,1302.0,73122.0,1.7805858701895463
Rondônia,Total,Branca,45 a 54 anos,60583.0,2617.0,63200.0,4.140822784810127
Rondônia,Total,Branca,55 a 64 anos,47302.0,4486.0,51788.0,8.662238356375994
Rondônia,Total,Branca,65 anos ou mais,37873.0,10159.0,48032.0,21.150483011325782
Rondônia,Total,Branca,75 anos ou mais,11989.0,5119.0,17108.0,29.921674070610244
Rondônia,Total,Branca,80 anos ou mais,5920.0,3004.0,8924.0,33.662034961900495
Rondônia,Total,Branca,Total,357346.0,20159.0,377505.0,5.3400617210368075
Rondônia,Total,Indígena,15 a 19 anos,1946.0,47.0,1993.0,2.3582538886101356
Rondônia,Total,Indígena,20 a 24 anos,1628.0,42.0,1670.0,2.5149700598802394
Rondônia,Total,Indígena,25 a 34 anos,2569.0,95.0,2664.0,3.566066066066066
Rondônia,Total,Indígena,35 a 44 anos,1720.0,158.0,1878.0,8.413205537806178
Rondônia,Total,Indígena,45 a 54 anos,1020.0,311.0,1331.0,23.36589030803907
Rondônia,Total,Indígena,55 a 64 anos,555.0,311.0,866.0,35.91224018475751
Rondônia,Total,Indígena,65 anos ou mais,336.0,530.0,866.0,61.20092378752887
Rondônia,Total,Indígena,75 anos ou mais,111.0,258.0,369.0,69.91869918699187
Rondônia,Total,Indígena,80 anos ou mais,52.0,154.0,206.0,74.75728155339806
Rondônia,Total,Indígena,Total,9774.0,1494.0,11268.0,13.258785942492013
Rondônia,Total,Parda,15 a 19 anos,75395.0,920.0,76315.0,1.2055297123763349
Rondônia,Total,Parda,20 a 24 anos,75724.0,921.0,76645.0,1.2016439428534151
Rondônia,Total,Parda,25 a 34 anos,150326.0,2033.0,152359.0,1.3343484795778393
Rondônia,Total,Parda,35 a 44 anos,146631.0,3905.0,150536.0,2.5940638784078227
Rondônia,Total,Parda,45 a 54 anos,109482.0,7107.0,116589.0,6.095772328435787
Rondônia,Total,Parda,55 a 64 anos,71939.0,11375.0,83314.0,13.653167534868087
Rondônia,Total,Parda,65 anos ou mais,45702.0,19812.0,65514.0,30.240864548035535
Rondônia,Total,Parda,75 anos ou mais,12489.0,9143.0,21632.0,42.266087278106504
Rondônia,Total,Parda,80 anos ou mais,5923.0,5184.0,11107.0,46.67326910957054
Rondônia,Total,Parda,Total,675199.0,46073.0,721272.0,6.387742765558624
Rondônia,Total,Preta,15 a 19 anos,8725.0,137.0,8862.0,1.5459264274430151
Rondônia,Total,Preta,20 a 24 anos,10821.0,178.0,10999.0,1.6183289389944542
Rondônia,Total,Preta,25 a 34 anos,23266.0,377.0,23643.0,1.594552298777651
Rondônia,Total,Preta,35 a 44 anos,24746.0,885.0,25631.0,3.4528500643751707
Rondônia,Total,Preta,45 a 54 anos,19213.0,1774.0,20987.0,8.452851765378568
Rondônia,Total,Preta,55 a 64 anos,12801.0,3030.0,15831.0,19.13966268713284
Rondônia,Total,Preta,65 anos ou mais,8070.0,5297.0,13367.0,39.62744071220169
Rondônia,Total,Preta,75 anos ou mais,2354.0,2372.0,4726.0,50.19043588658485
Rondônia,Total,Preta,80 anos ou mais,1125.0,1310.0,2435.0,53.798767967145785
Rondônia,Total,Preta,Total,107642.0,11678.0,119320.0,9.787127053302044
Rondônia,Total,Total,15 a 19 anos,120589.0,1469.0,122058.0,1.2035261924658769
Rondônia,Total,Total,20 a 24 anos,122969.0,1546.0,124515.0,1.2416174758061278
Rondônia,Total,Total,25 a 34 anos,247949.0,3341.0,251290.0,1.329539575788929
Rondônia,Total,Total,35 a 44 anos,245693.0,6264.0,251957.0,2.486138507761245
Rondônia,Total,Total,45 a 54 anos,190818.0,11815.0,202633.0,5.830738329887037
Rondônia,Total,Total,55 a 64 anos,133082.0,19238.0,152320.0,12.629989495798318
Rondônia,Total,Total,65 anos ou mais,92409.0,35862.0,128271.0,27.95799518207545
Rondônia,Total,Total,75 anos ou mais,27082.0,16929.0,44011.0,38.46538365408648
Rondônia,Total,Total,80 anos ou mais,13087.0,9678.0,22765.0,42.51262903580057
Rondônia,Total,Total,Total,1153509.0,79535.0,1233044.0,6.4502969885908366
Roraima,Homens,Amarela,15 a 19 anos,33.0,1.0,34.0,2.941176470588235
Roraima,Homens,Amarela,20 a 24 anos,29.0,3.0,32.0,9.375
Roraima,Homens,Amarela,25 a 34 anos,67.0,1.0,68.0,1.4705882352941175
Roraima,Homens,Amarela,35 a 44 anos,53.0,2.0,55.0,3.6363636363636362
Roraima,Homens,Amarela,45 a 54 anos,29.0,1.0,30.0,3.3333333333333335
Roraima,Homens,Amarela,55 a 64 anos,31.0,3.0,34.0,8.823529411764707
Roraima,Homens,Amarela,65 anos ou mais,30.0,6.0,36.0,16.666666666666664
Roraima,Homens,Amarela,75 anos ou mais,11.0,2.0,13.0,15.384615384615385
Roraima,Homens,Amarela,80 anos ou mais,5.0,1.0,6.0,16.666666666666664
Roraima,Homens,Amarela,Total,272.0,17.0,289.0,5.88235294117647
Roraima,Homens,Branca,15 a 19 anos,5093.0,77.0,5170.0,1.4893617021276597
Roraima,Homens,Branca,20 a 24 anos,5332.0,95.0,5427.0,1.7505067256311038
Roraima,Homens,Branca,25 a 34 anos,10063.0,137.0,10200.0,1.343137254901961
Roraima,Homens,Branca,35 a 44 anos,8719.0,229.0,8948.0,2.559231113097899
Roraima,Homens,Branca,45 a 54 anos,5902.0,329.0,6231.0,5.280051356122613
Roraima,Homens,Branca,55 a 64 anos,4257.0,408.0,4665.0,8.745980707395498
Roraima,Homens,Branca,65 anos ou mais,3185.0,665.0,3850.0,17.272727272727273
Roraima,Homens,Branca,75 anos ou mais,853.0,326.0,1179.0,27.65055131467345
Roraima,Homens,Branca,80 anos ou mais,419.0,185.0,604.0,30.629139072847682
Roraima,Homens,Branca,Total,42551.0,1940.0,44491.0,4.360432447011755
Roraima,Homens,Indígena,15 a 19 anos,3981.0,1012.0,4993.0,20.268375726016423
Roraima,Homens,Indígena,20 a 24 anos,3258.0,733.0,3991.0,18.36632422951641
Roraima,Homens,Indígena,25 a 34 anos,4920.0,897.0,5817.0,15.420319752449716
Roraima,Homens,Indígena,35 a 44 anos,3581.0,748.0,4329.0,17.27881727881728
Roraima,Homens,Indígena,45 a 54 anos,2227.0,628.0,2855.0,21.996497373029772
Roraima,Homens,Indígena,55 a 64 anos,1242.0,525.0,1767.0,29.711375212224105
Roraima,Homens,Indígena,65 anos ou mais,842.0,720.0,1562.0,46.094750320102435
Roraima,Homens,Indígena,75 anos ou mais,207.0,325.0,532.0,61.09022556390977
Roraima,Homens,Indígena,80 anos ou mais,93.0,207.0,300.0,69.0
Roraima,Homens,Indígena,Total,20051.0,5263.0,25314.0,20.790866714071264
Roraima,Homens,Parda,15 a 19 anos,16209.0,269.0,16478.0,1.6324796698628474
Roraima,Homens,Parda,20 a 24 anos,16885.0,298.0,17183.0,1.7342722458243616
Roraima,Homens,Parda,25 a 34 anos,30224.0,510.0,30734.0,1.659400013014902
Roraima,Homens,Parda,35 a 44 anos,26482.0,982.0,27464.0,3.575589863093504
Roraima,Homens,Parda,45 a 54 anos,16965.0,1404.0,18369.0,7.643312101910828
Roraima,Homens,Parda,55 a 64 anos,10334.0,1720.0,12054.0,14.269122283059566
Roraima,Homens,Parda,65 anos ou mais,6641.0,2363.0,9004.0,26.243891603731672
Roraima,Homens,Parda,75 anos ou mais,1716.0,951.0,2667.0,35.65804274465692
Roraima,Homens,Parda,80 anos ou mais,771.0,487.0,1258.0,38.712241653418126
Roraima,Homens,Parda,Total,123740.0,7546.0,131286.0,5.747756805752327
Roraima,Homens,Preta,15 a 19 anos,2115.0,33.0,2148.0,1.536312849162011
Roraima,Homens,Preta,20 a 24 anos,2596.0,48.0,2644.0,1.8154311649016641
Roraima,Homens,Preta,25 a 34 anos,5136.0,104.0,5240.0,1.984732824427481
Roraima,Homens,Preta,35 a 44 anos,4729.0,288.0,5017.0,5.740482359976081
Roraima,Homens,Preta,45 a 54 anos,3307.0,404.0,3711.0,10.886553489625438
Roraima,Homens,Preta,55 a 64 anos,1884.0,511.0,2395.0,21.336116910229645
Roraima,Homens,Preta,65 anos ou mais,1231.0,787.0,2018.0,38.9990089197225
Roraima,Homens,Preta,75 anos ou mais,331.0,323.0,654.0,49.38837920489297
Roraima,Homens,Preta,80 anos ou mais,153.0,155.0,308.0,50.324675324675326
Roraima,Homens,Preta,Total,20998.0,2175.0,23173.0,9.385923272774349
Roraima,Homens,Total,15 a 19 anos,27480.0,1393.0,28873.0,4.824576594049804
Roraima,Homens,Total,20 a 24 anos,28174.0,1186.0,29360.0,4.039509536784741
Roraima,Homens,Total,25 a 34 anos,50513.0,1657.0,52170.0,3.176154878282538
Roraima,Homens,Total,35 a 44 anos,43624.0,2259.0,45883.0,4.9233921060087615
Roraima,Homens,Total,45 a 54 anos,28468.0,2773.0,31241.0,8.876156333023912
Roraima,Homens,Total,55 a 64 anos,17764.0,3172.0,20936.0,15.15093618647306
Roraima,Homens,Total,65 anos ou mais,11937.0,4543.0,16480.0,27.566747572815537
Roraima,Homens,Total,75 anos ou mais,3119.0,1928.0,5047.0,38.20091143253418
Roraima,Homens,Total,80 anos ou mais,1441.0,1036.0,2477.0,41.824788050060555
Roraima,Homens,Total,Total,207960.0,16983.0,224943.0,7.549912644536616
Roraima,Mulheres,Amarela,15 a 19 anos,37.0,0.0,37.0,0.0
Roraima,Mulheres,Amarela,20 a 24 anos,41.0,1.0,42.0,2.380952380952381
Roraima,Mulheres,Amarela,25 a 34 anos,81.0,1.0,82.0,1.2195121951219512
Roraima,Mulheres,Amarela,35 a 44 anos,70.0,1.0,71.0,1.4084507042253522
Roraima,Mulheres,Amarela,45 a 54 anos,54.0,0.0,54.0,0.0
Roraima,Mulheres,Amarela,55 a 64 anos,29.0,4.0,33.0,12.121212121212121
Roraima,Mulheres,Amarela,65 anos ou mais,25.0,7.0,32.0,21.875
Roraima,Mulheres,Amarela,75 anos ou mais,6.0,5.0,11.0,45.45454545454545
Roraima,Mulheres,Amarela,80 anos ou mais,1.0,3.0,4.0,75.0
Roraima,Mulheres,Amarela,Total,337.0,14.0,351.0,3.9886039886039883
Roraima,Mulheres,Branca,15 a 19 anos,5394.0,43.0,5437.0,0.7908773220526025
Roraima,Mulheres,Branca,20 a 24 anos,5737.0,38.0,5775.0,0.658008658008658
Roraima,Mulheres,Branca,25 a 34 anos,11190.0,94.0,11284.0,0.8330379298121233
Roraima,Mulheres,Branca,35 a 44 anos,10283.0,142.0,10425.0,1.3621103117505995
Roraima,Mulheres,Branca,45 a 54 anos,6830.0,200.0,7030.0,2.844950213371266
Roraima,Mulheres,Branca,55 a 64 anos,4431.0,307.0,4738.0,6.479527226677924
Roraima,Mulheres,Branca,65 anos ou mais,3391.0,653.0,4044.0,16.147378832838776
Roraima,Mulheres,Branca,75 anos ou mais,1083.0,324.0,1407.0,23.02771855010661
Roraima,Mulheres,Branca,80 anos ou mais,565.0,177.0,742.0,23.8544474393531
Roraima,Mulheres,Branca,Total,47256.0,1477.0,48733.0,3.0308004842714382
Roraima,Mulheres,Indígena,15 a 19 anos,3830.0,1048.0,4878.0,21.484214842148422
Roraima,Mulheres,Indígena,20 a 24 anos,3324.0,781.0,4105.0,19.02557856272838
Roraima,Mulheres,Indígena,25 a 34 anos,4968.0,1018.0,5986.0,17.006348145673236
Roraima,Mulheres,Indígena,35 a 44 anos,3395.0,892.0,4287.0,20.807091205971542
Roraima,Mulheres,Indígena,45 a 54 anos,2158.0,739.0,2897.0,25.509147393855713
Roraima,Mulheres,Indígena,55 a 64 anos,1206.0,605.0,1811.0,33.40695748205411
Roraima,Mulheres,Indígena,65 anos ou mais,717.0,1001.0,1718.0,58.26542491268918
Roraima,Mulheres,Indígena,75 anos ou mais,167.0,466.0,633.0,73.61769352290679
Roraima,Mulheres,Indígena,80 anos ou mais,81.0,286.0,367.0,77.9291553133515
Roraima,Mulheres,Indígena,Total,19598.0,6084.0,25682.0,23.6897437894245
Roraima,Mulheres,Parda,15 a 19 anos,15796.0,129.0,15925.0,0.8100470957613815
Roraima,Mulheres,Parda,20 a 24 anos,17192.0,123.0,17315.0,0.7103667340456252
Roraima,Mulheres,Parda,25 a 34 anos,31661.0,260.0,31921.0,0.8145108235957521
Roraima,Mulheres,Parda,35 a 44 anos,27772.0,490.0,28262.0,1.7337768027740428
Roraima,Mulheres,Parda,45 a 54 anos,18104.0,877.0,18981.0,4.6204098835677785
Roraima,Mulheres,Parda,55 a 64 anos,10907.0,1349.0,12256.0,11.006853785900784
Roraima,Mulheres,Parda,65 anos ou mais,6415.0,2258.0,8673.0,26.034820707944196
Roraima,Mulheres,Parda,75 anos ou mais,1675.0,1040.0,2715.0,38.30570902394107
Roraima,Mulheres,Parda,80 anos ou mais,818.0,588.0,1406.0,41.82076813655761
Roraima,Mulheres,Parda,Total,127847.0,5486.0,133333.0,4.114510286275716
Roraima,Mulheres,Preta,15 a 19 anos,1657.0,18.0,1675.0,1.0746268656716418
Roraima,Mulheres,Preta,20 a 24 anos,2024.0,21.0,2045.0,1.0268948655256724
Roraima,Mulheres,Preta,25 a 34 anos,3852.0,47.0,3899.0,1.205437291613234
Roraima,Mulheres,Preta,35 a 44 anos,3654.0,83.0,3737.0,2.2210329141022207
Roraima,Mulheres,Preta,45 a 54 anos,2397.0,198.0,2595.0,7.630057803468208
Roraima,Mulheres,Preta,55 a 64 anos,1514.0,247.0,1761.0,14.026121521862578
Roraima,Mulheres,Preta,65 anos ou mais,888.0,531.0,1419.0,37.420718816067655
Roraima,Mulheres,Preta,75 anos ou mais,212.0,236.0,448.0,52.67857142857143
Roraima,Mulheres,Preta,80 anos ou mais,94.0,124.0,218.0,56.88073394495413
Roraima,Mulheres,Preta,Total,15986.0,1145.0,17131.0,6.683789621154632
Roraima,Mulheres,Total,15 a 19 anos,26764.0,1238.0,28002.0,4.421112777658739
Roraima,Mulheres,Total,20 a 24 anos,28387.0,964.0,29351.0,3.284385540526728
Roraima,Mulheres,Total,25 a 34 anos,51839.0,1422.0,53261.0,2.6698710125607854
Roraima,Mulheres,Total,35 a 44 anos,45232.0,1608.0,46840.0,3.4329632792485056
Roraima,Mulheres,Total,45 a 54 anos,29572.0,2018.0,31590.0,6.38809749920861
Roraima,Mulheres,Total,55 a 64 anos,18104.0,2513.0,20617.0,12.188970267255177
Roraima,Mulheres,Total,65 anos ou mais,11445.0,4450.0,15895.0,27.996225228059142
Roraima,Mulheres,Total,75 anos ou mais,3145.0,2071.0,5216.0,39.704754601226995
Roraima,Mulheres,Total,80 anos ou mais,1559.0,1178.0,2737.0,43.039824625502376
Roraima,Mulheres,Total,Total,211343.0,14213.0,225556.0,6.30131763287166
Roraima,Total,Amarela,15 a 19 anos,70.0,1.0,71.0,1.4084507042253522
Roraima,Total,Amarela,20 a 24 anos,70.0,4.0,74.0,5.405405405405405
Roraima,Total,Amarela,25 a 34 anos,148.0,2.0,150.0,1.3333333333333335
Roraima,Total,Amarela,35 a 44 anos,123.0,3.0,126.0,2.380952380952381
Roraima,Total,Amarela,45 a 54 anos,83.0,1.0,84.0,1.1904761904761905
Roraima,Total,Amarela,55 a 64 anos,60.0,7.0,67.0,10.44776119402985
Roraima,Total,Amarela,65 anos ou mais,55.0,13.0,68.0,19.11764705882353
Roraima,Total,Amarela,75 anos ou mais,17.0,7.0,24.0,29.166666666666668
Roraima,Total,Amarela,80 anos ou mais,6.0,4.0,10.0,40.0
Roraima,Total,Amarela,Total,609.0,31.0,640.0,4.84375
Roraima,Total,Branca,15 a 19 anos,10487.0,120.0,10607.0,1.131328368058829
Roraima,Total,Branca,20 a 24 anos,11069.0,133.0,11202.0,1.1872879842885198
Roraima,Total,Branca,25 a 34 anos,21253.0,231.0,21484.0,1.0752187674548501
Roraima,Total,Branca,35 a 44 anos,19002.0,371.0,19373.0,1.9150363908532493
Roraima,Total,Branca,45 a 54 anos,12732.0,529.0,13261.0,3.9891410904155036
Roraima,Total,Branca,55 a 64 anos,8688.0,715.0,9403.0,7.603956184196534
Roraima,Total,Branca,65 anos ou mais,6576.0,1318.0,7894.0,16.696224980998224
Roraima,Total,Branca,75 anos ou mais,1936.0,650.0,2586.0,25.135344160866204
Roraima,Total,Branca,80 anos ou mais,984.0,362.0,1346.0,26.894502228826152
Roraima,Total,Branca,Total,89807.0,3417.0,93224.0,3.6653651420235134
Roraima,Total,Indígena,15 a 19 anos,7811.0,2060.0,9871.0,20.869212845709654
Roraima,Total,Indígena,20 a 24 anos,6582.0,1514.0,8096.0,18.700592885375496
Roraima,Total,Indígena,25 a 34 anos,9888.0,1915.0,11803.0,16.22468863848174
Roraima,Total,Indígena,35 a 44 anos,6976.0,1640.0,8616.0,19.03435468895079
Roraima,Total,Indígena,45 a 54 anos,4385.0,1367.0,5752.0,23.76564673157163
Roraima,Total,Indígena,55 a 64 anos,2448.0,1130.0,3578.0,31.581889323644496
Roraima,Total,Indígena,65 anos ou mais,1559.0,1721.0,3280.0,52.46951219512195
Roraima,Total,Indígena,75 anos ou mais,374.0,791.0,1165.0,67.8969957081545
Roraima,Total,Indígena,80 anos ou mais,174.0,493.0,667.0,73.91304347826086
Roraima,Total,Indígena,Total,39649.0,11347.0,50996.0,22.25076476586399
Roraima,Total,Parda,15 a 19 anos,32005.0,398.0,32403.0,1.2282813319754344
Roraima,Total,Parda,20 a 24 anos,34077.0,421.0,34498.0,1.2203606006145284
Roraima,Total,Parda,25 a 34 anos,61885.0,770.0,62655.0,1.228952198547602
Roraima,Total,Parda,35 a 44 anos,54254.0,1472.0,55726.0,2.6414958906076156
Roraima,Total,Parda,45 a 54 anos,35069.0,2281.0,37350.0,6.1070950468540826
Roraima,Total,Parda,55 a 64 anos,21241.0,3069.0,24310.0,12.624434389140271
Roraima,Total,Parda,65 anos ou mais,13056.0,4621.0,17677.0,26.14131357130735
Roraima,Total,Parda,75 anos ou mais,3391.0,1991.0,5382.0,36.99368264585656
Roraima,Total,Parda,80 anos ou mais,1589.0,1075.0,2664.0,40.352852852852855
Roraima,Total,Parda,Total,251587.0,13032.0,264619.0,4.924816434194067
Roraima,Total,Preta,15 a 19 anos,3772.0,51.0,3823.0,1.3340308658121893
Roraima,Total,Preta,20 a 24 anos,4620.0,69.0,4689.0,1.471529110684581
Roraima,Total,Preta,25 a 34 anos,8988.0,151.0,9139.0,1.6522595469963892
Roraima,Total,Preta,35 a 44 anos,8383.0,371.0,8754.0,4.238062599954306
Roraima,Total,Preta,45 a 54 anos,5704.0,602.0,6306.0,9.546463685379004
Roraima,Total,Preta,55 a 64 anos,3398.0,758.0,4156.0,18.23869104908566
Roraima,Total,Preta,65 anos ou mais,2119.0,1318.0,3437.0,38.34739598487052
Roraima,Total,Preta,75 anos ou mais,543.0,559.0,1102.0,50.72595281306715
Roraima,Total,Preta,80 anos ou mais,247.0,279.0,526.0,53.041825095057035
Roraima,Total,Preta,Total,36984.0,3320.0,40304.0,8.237395791980944
Roraima,Total,Total,15 a 19 anos,54244.0,2631.0,56875.0,4.625934065934066
Roraima,Total,Total,20 a 24 anos,56561.0,2150.0,58711.0,3.6620054163614997
Roraima,Total,Total,25 a 34 anos,102352.0,3079.0,105431.0,2.920393432671605
Roraima,Total,Total,35 a 44 anos,88856.0,3867.0,92723.0,4.17048628711323
Roraima,Total,Total,45 a 54 anos,58040.0,4791.0,62831.0,7.6252168515541685
Roraima,Total,Total,55 a 64 anos,35868.0,5685.0,41553.0,13.681322648184246
Roraima,Total,Total,65 anos ou mais,23382.0,8993.0,32375.0,27.777606177606177
Roraima,Total,Total,75 anos ou mais,6264.0,3999.0,10263.0,38.96521484945922
Roraima,Total,Total,80 anos ou mais,3000.0,2214.0,5214.0,42.462600690448795
Roraima,Total,Total,Total,419303.0,31196.0,450499.0,6.924765648758377
Santa Catarina,Homens,Amarela,15 a 19 anos,331.0,1.0,332.0,0.30120481927710846
Santa Catarina,Homens,Amarela,20 a 24 anos,451.0,3.0,454.0,0.6607929515418502
Santa Catarina,Homens,Amarela,25 a 34 anos,1124.0,8.0,1132.0,0.7067137809187279
Santa Catarina,Homens,Amarela,35 a 44 anos,1313.0,9.0,1322.0,0.680786686838124
Santa Catarina,Homens,Amarela,45 a 54 anos,828.0,17.0,845.0,2.0118343195266273
Santa Catarina,Homens,Amarela,55 a 64 anos,567.0,23.0,590.0,3.898305084745763
Santa Catarina,Homens,Amarela,65 anos ou mais,763.0,28.0,791.0,3.5398230088495577
Santa Catarina,Homens,Amarela,75 anos ou mais,280.0,13.0,293.0,4.436860068259386
Santa Catarina,Homens,Amarela,80 anos ou mais,153.0,9.0,162.0,5.555555555555555
Santa Catarina,Homens,Amarela,Total,5377.0,89.0,5466.0,1.628247347237468
Santa Catarina,Homens,Branca,15 a 19 anos,172294.0,1602.0,173896.0,0.9212402815475917
Santa Catarina,Homens,Branca,20 a 24 anos,198103.0,1617.0,199720.0,0.8096334868816344
Santa Catarina,Homens,Branca,25 a 34 anos,442264.0,3444.0,445708.0,0.7727032047887855
Santa Catarina,Homens,Branca,35 a 44 anos,452244.0,4558.0,456802.0,0.9978064894637064
Santa Catarina,Homens,Branca,45 a 54 anos,363451.0,7852.0,371303.0,2.1147149363188555
Santa Catarina,Homens,Branca,55 a 64 anos,318854.0,10830.0,329684.0,3.284963783501777
Santa Catarina,Homens,Branca,65 anos ou mais,278558.0,19419.0,297977.0,6.516945938780509
Santa Catarina,Homens,Branca,75 anos ou mais,88116.0,9030.0,97146.0,9.295287505404238
Santa Catarina,Homens,Branca,80 anos ou mais,41631.0,4880.0,46511.0,10.492141643912193
Santa Catarina,Homens,Branca,Total,2225768.0,49322.0,2275090.0,2.1679142363598802
Santa Catarina,Homens,Indígena,15 a 19 anos,878.0,9.0,887.0,1.0146561443066515
Santa Catarina,Homens,Indígena,20 a 24 anos,1068.0,26.0,1094.0,2.376599634369287
Santa Catarina,Homens,Indígena,25 a 34 anos,1644.0,40.0,1684.0,2.375296912114014
Santa Catarina,Homens,Indígena,35 a 44 anos,1283.0,54.0,1337.0,4.038893044128646
Santa Catarina,Homens,Indígena,45 a 54 anos,867.0,103.0,970.0,10.618556701030927
Santa Catarina,Homens,Indígena,55 a 64 anos,528.0,97.0,625.0,15.52
Santa Catarina,Homens,Indígena,65 anos ou mais,371.0,144.0,515.0,27.96116504854369
Santa Catarina,Homens,Indígena,75 anos ou mais,122.0,72.0,194.0,37.11340206185567
Santa Catarina,Homens,Indígena,80 anos ou mais,61.0,52.0,113.0,46.017699115044245
Santa Catarina,Homens,Indígena,Total,6639.0,473.0,7112.0,6.650731158605175
Santa Catarina,Homens,Parda,15 a 19 anos,58843.0,672.0,59515.0,1.1291271108124004
Santa Catarina,Homens,Parda,20 a 24 anos,73442.0,759.0,74201.0,1.0228972655355049
Santa Catarina,Homens,Parda,25 a 34 anos,143559.0,1709.0,145268.0,1.1764462923699643
Santa Catarina,Homens,Parda,35 a 44 anos,122709.0,2855.0,125564.0,2.273740881144277
Santa Catarina,Homens,Parda,45 a 54 anos,84018.0,4598.0,88616.0,5.188679245283019
Santa Catarina,Homens,Parda,55 a 64 anos,53874.0,5387.0,59261.0,9.090295472570494
Santa Catarina,Homens,Parda,65 anos ou mais,34132.0,7286.0,41418.0,17.591385387995555
Santa Catarina,Homens,Parda,75 anos ou mais,8876.0,3033.0,11909.0,25.46813334452935
Santa Catarina,Homens,Parda,80 anos ou mais,3862.0,1586.0,5448.0,29.111600587371512
Santa Catarina,Homens,Parda,Total,570577.0,23266.0,593843.0,3.9178705482762277
Santa Catarina,Homens,Preta,15 a 19 anos,10373.0,126.0,10499.0,1.200114296599676
Santa Catarina,Homens,Preta,20 a 24 anos,16357.0,218.0,16575.0,1.315233785822021
Santa Catarina,Homens,Preta,25 a 34 anos,37431.0,560.0,37991.0,1.4740333236819245
Santa Catarina,Homens,Preta,35 a 44 anos,32231.0,895.0,33126.0,2.701805228521403
Santa Catarina,Homens,Preta,45 a 54 anos,19496.0,1172.0,20668.0,5.670601896651829
Santa Catarina,Homens,Preta,55 a 64 anos,11926.0,1265.0,13191.0,9.589871882344022
Santa Catarina,Homens,Preta,65 anos ou mais,7452.0,1722.0,9174.0,18.770438194898624
Santa Catarina,Homens,Preta,75 anos ou mais,1927.0,701.0,2628.0,26.67427701674277
Santa Catarina,Homens,Preta,80 anos ou mais,870.0,377.0,1247.0,30.23255813953488
Santa Catarina,Homens,Preta,Total,135266.0,5958.0,141224.0,4.218829660680904
Santa Catarina,Homens,Total,15 a 19 anos,242724.0,2410.0,245134.0,0.9831357543221259
Santa Catarina,Homens,Total,20 a 24 anos,289430.0,2623.0,292053.0,0.8981246554563727
Santa Catarina,Homens,Total,25 a 34 anos,626049.0,5761.0,631810.0,0.9118247574429021
Santa Catarina,Homens,Total,35 a 44 anos,609795.0,8371.0,618166.0,1.3541670036850944
Santa Catarina,Homens,Total,45 a 54 anos,468674.0,13742.0,482416.0,2.8485788199396374
Santa Catarina,Homens,Total,55 a 64 anos,385759.0,17603.0,403362.0,4.364069991719597
Santa Catarina,Homens,Total,65 anos ou mais,321283.0,28599.0,349882.0,8.173898628680526
Santa Catarina,Homens,Total,75 anos ou mais,99322.0,12849.0,112171.0,11.454832354173538
Santa Catarina,Homens,Total,80 anos ou mais,46578.0,6904.0,53482.0,12.909016117572266
Santa Catarina,Homens,Total,Total,2943714.0,79109.0,3022823.0,2.617056969594316
Santa Catarina,Mulheres,Amarela,15 a 19 anos,301.0,1.0,302.0,0.33112582781456956
Santa Catarina,Mulheres,Amarela,20 a 24 anos,465.0,0.0,465.0,0.0
Santa Catarina,Mulheres,Amarela,25 a 34 anos,1089.0,17.0,1106.0,1.5370705244122964
Santa Catarina,Mulheres,Amarela,35 a 44 anos,1181.0,15.0,1196.0,1.254180602006689
Santa Catarina,Mulheres,Amarela,45 a 54 anos,843.0,7.0,850.0,0.823529411764706
Santa Catarina,Mulheres,Amarela,55 a 64 anos,533.0,25.0,558.0,4.480286738351254
Santa Catarina,Mulheres,Amarela,65 anos ou mais,741.0,36.0,777.0,4.633204633204633
Santa Catarina,Mulheres,Amarela,75 anos ou mais,278.0,20.0,298.0,6.7114093959731544
Santa Catarina,Mulheres,Amarela,80 anos ou mais,141.0,8.0,149.0,5.369127516778524
Santa Catarina,Mulheres,Amarela,Total,5153.0,101.0,5254.0,1.922344880091359
Santa Catarina,Mulheres,Branca,15 a 19 anos,169964.0,987.0,170951.0,0.5773584243438179
Santa Catarina,Mulheres,Branca,20 a 24 anos,201449.0,1033.0,202482.0,0.5101688051283572
Santa Catarina,Mulheres,Branca,25 a 34 anos,461543.0,2361.0,463904.0,0.5089415051389943
Santa Catarina,Mulheres,Branca,35 a 44 anos,476663.0,3363.0,480026.0,0.7005870515347086
Santa Catarina,Mulheres,Branca,45 a 54 anos,393443.0,6680.0,400123.0,1.6694866328603957
Santa Catarina,Mulheres,Branca,55 a 64 anos,358732.0,10868.0,369600.0,2.9404761904761907
Santa Catarina,Mulheres,Branca,65 anos ou mais,356640.0,29015.0,385655.0,7.523563807029598
Santa Catarina,Mulheres,Branca,75 anos ou mais,130815.0,15692.0,146507.0,10.71075102213546
Santa Catarina,Mulheres,Branca,80 anos ou mais,69622.0,9847.0,79469.0,12.390995230844732
Santa Catarina,Mulheres,Branca,Total,2418434.0,54307.0,2472741.0,2.1962267782998706
Santa Catarina,Mulheres,Indígena,15 a 19 anos,782.0,4.0,786.0,0.5089058524173028
Santa Catarina,Mulheres,Indígena,20 a 24 anos,1047.0,18.0,1065.0,1.6901408450704223
Santa Catarina,Mulheres,Indígena,25 a 34 anos,1626.0,35.0,1661.0,2.107164358819988
Santa Catarina,Mulheres,Indígena,35 a 44 anos,1284.0,81.0,1365.0,5.934065934065933
Santa Catarina,Mulheres,Indígena,45 a 54 anos,788.0,141.0,929.0,15.177610333692144
Santa Catarina,Mulheres,Indígena,55 a 64 anos,539.0,152.0,691.0,21.99710564399421
Santa Catarina,Mulheres,Indígena,65 anos ou mais,358.0,262.0,620.0,42.25806451612903
Santa Catarina,Mulheres,Indígena,75 anos ou mais,120.0,134.0,254.0,52.75590551181102
Santa Catarina,Mulheres,Indígena,80 anos ou mais,55.0,93.0,148.0,62.83783783783784
Santa Catarina,Mulheres,Indígena,Total,6424.0,693.0,7117.0,9.73724884080371
Santa Catarina,Mulheres,Parda,15 a 19 anos,54238.0,336.0,54574.0,0.6156777952871331
Santa Catarina,Mulheres,Parda,20 a 24 anos,65113.0,413.0,65526.0,0.6302841620120258
Santa Catarina,Mulheres,Parda,25 a 34 anos,130353.0,945.0,131298.0,0.719736781976877
Santa Catarina,Mulheres,Parda,35 a 44 anos,112715.0,2117.0,114832.0,1.8435627699595933
Santa Catarina,Mulheres,Parda,45 a 54 anos,80293.0,4422.0,84715.0,5.219854807295048
Santa Catarina,Mulheres,Parda,55 a 64 anos,53688.0,6322.0,60010.0,10.534910848191968
Santa Catarina,Mulheres,Parda,65 anos ou mais,35471.0,10760.0,46231.0,23.274426250784106
Santa Catarina,Mulheres,Parda,75 anos ou mais,10269.0,4785.0,15054.0,31.785571941012357
Santa Catarina,Mulheres,Parda,80 anos ou mais,4770.0,2713.0,7483.0,36.255512494988636
Santa Catarina,Mulheres,Parda,Total,531871.0,25315.0,557186.0,4.543366129084363
Santa Catarina,Mulheres,Preta,15 a 19 anos,8829.0,49.0,8878.0,0.551926109484118
Santa Catarina,Mulheres,Preta,20 a 24 anos,12781.0,100.0,12881.0,0.7763372408974458
Santa Catarina,Mulheres,Preta,25 a 34 anos,29991.0,301.0,30292.0,0.9936616928561997
Santa Catarina,Mulheres,Preta,35 a 44 anos,26387.0,579.0,26966.0,2.147148260772825
Santa Catarina,Mulheres,Preta,45 a 54 anos,17318.0,967.0,18285.0,5.28848783155592
Santa Catarina,Mulheres,Preta,55 a 64 anos,12080.0,1305.0,13385.0,9.749719835636906
Santa Catarina,Mulheres,Preta,65 anos ou mais,8910.0,2359.0,11269.0,20.933534475108708
Santa Catarina,Mulheres,Preta,75 anos ou mais,2743.0,1075.0,3818.0,28.15610267155579
Santa Catarina,Mulheres,Preta,80 anos ou mais,1376.0,646.0,2022.0,31.948565776458953
Santa Catarina,Mulheres,Preta,Total,116296.0,5660.0,121956.0,4.641018072091574
Santa Catarina,Mulheres,Total,15 a 19 anos,234118.0,1377.0,235495.0,0.5847257903564831
Santa Catarina,Mulheres,Total,20 a 24 anos,280868.0,1564.0,282432.0,0.5537616134149105
Santa Catarina,Mulheres,Total,25 a 34 anos,624619.0,3659.0,628278.0,0.5823855045059672
Santa Catarina,Mulheres,Total,35 a 44 anos,618240.0,6155.0,624395.0,0.9857542100753529
Santa Catarina,Mulheres,Total,45 a 54 anos,492705.0,12218.0,504923.0,2.4197748963703374
Santa Catarina,Mulheres,Total,55 a 64 anos,425576.0,18672.0,444248.0,4.203057751526174
Santa Catarina,Mulheres,Total,65 anos ou mais,402125.0,42432.0,444557.0,9.544782783760013
Santa Catarina,Mulheres,Total,75 anos ou mais,144227.0,21706.0,165933.0,13.08118336919118
Santa Catarina,Mulheres,Total,80 anos ou mais,75966.0,13307.0,89273.0,14.905962609075532
Santa Catarina,Mulheres,Total,Total,3078251.0,86077.0,3164328.0,2.720230014081979
Santa Catarina,Total,Amarela,15 a 19 anos,632.0,2.0,634.0,0.31545741324921134
Santa Catarina,Total,Amarela,20 a 24 anos,916.0,3.0,919.0,0.3264417845484222
Santa Catarina,Total,Amarela,25 a 34 anos,2213.0,25.0,2238.0,1.1170688114387846
Santa Catarina,Total,Amarela,35 a 44 anos,2494.0,24.0,2518.0,0.9531374106433679
Santa Catarina,Total,Amarela,45 a 54 anos,1671.0,24.0,1695.0,1.415929203539823
Santa Catarina,Total,Amarela,55 a 64 anos,1100.0,48.0,1148.0,4.181184668989547
Santa Catarina,Total,Amarela,65 anos ou mais,1504.0,64.0,1568.0,4.081632653061225
Santa Catarina,Total,Amarela,75 anos ou mais,558.0,33.0,591.0,5.583756345177665
Santa Catarina,Total,Amarela,80 anos ou mais,294.0,17.0,311.0,5.466237942122187
Santa Catarina,Total,Amarela,Total,10530.0,190.0,10720.0,1.7723880597014925
Santa Catarina,Total,Branca,15 a 19 anos,342258.0,2589.0,344847.0,0.750767731776701
Santa Catarina,Total,Branca,20 a 24 anos,399552.0,2650.0,402202.0,0.6588729046598476
Santa Catarina,Total,Branca,25 a 34 anos,903807.0,5805.0,909612.0,0.6381841928206752
Santa Catarina,Total,Branca,35 a 44 anos,928907.0,7921.0,936828.0,0.8455127301916681
Santa Catarina,Total,Branca,45 a 54 anos,756894.0,14532.0,771426.0,1.8837840570579678
Santa Catarina,Total,Branca,55 a 64 anos,677586.0,21698.0,699284.0,3.1028880969677557
Santa Catarina,Total,Branca,65 anos ou mais,635198.0,48434.0,683632.0,7.084805860462939
Santa Catarina,Total,Branca,75 anos ou mais,218931.0,24722.0,243653.0,10.146396719925468
Santa Catarina,Total,Branca,80 anos ou mais,111253.0,14727.0,125980.0,11.689950785839022
Santa Catarina,Total,Branca,Total,4644202.0,103629.0,4747831.0,2.1826598292988946
Santa Catarina,Total,Indígena,15 a 19 anos,1660.0,13.0,1673.0,0.7770472205618649
Santa Catarina,Total,Indígena,20 a 24 anos,2115.0,44.0,2159.0,2.0379805465493286
Santa Catarina,Total,Indígena,25 a 34 anos,3270.0,75.0,3345.0,2.242152466367713
Santa Catarina,Total,Indígena,35 a 44 anos,2567.0,135.0,2702.0,4.996299037749815
Santa Catarina,Total,Indígena,45 a 54 anos,1655.0,244.0,1899.0,12.848867825171142
Santa Catarina,Total,Indígena,55 a 64 anos,1067.0,249.0,1316.0,18.9209726443769
Santa Catarina,Total,Indígena,65 anos ou mais,729.0,406.0,1135.0,35.770925110132154
Santa Catarina,Total,Indígena,75 anos ou mais,242.0,206.0,448.0,45.982142857142854
Santa Catarina,Total,Indígena,80 anos ou mais,116.0,145.0,261.0,55.55555555555556
Santa Catarina,Total,Indígena,Total,13063.0,1166.0,14229.0,8.19453229320402
Santa Catarina,Total,Parda,15 a 19 anos,113081.0,1008.0,114089.0,0.8835207601083365
Santa Catarina,Total,Parda,20 a 24 anos,138555.0,1172.0,139727.0,0.8387784751694376
Santa Catarina,Total,Parda,25 a 34 anos,273912.0,2654.0,276566.0,0.9596262736561978
Santa Catarina,Total,Parda,35 a 44 anos,235424.0,4972.0,240396.0,2.068254047488311
Santa Catarina,Total,Parda,45 a 54 anos,164311.0,9020.0,173331.0,5.203916206564319
Santa Catarina,Total,Parda,55 a 64 anos,107562.0,11709.0,119271.0,9.817139120154941
Santa Catarina,Total,Parda,65 anos ou mais,69603.0,18046.0,87649.0,20.588939976497166
Santa Catarina,Total,Parda,75 anos ou mais,19145.0,7818.0,26963.0,28.99528984163483
Santa Catarina,Total,Parda,80 anos ou mais,8632.0,4299.0,12931.0,33.245688655169744
Santa Catarina,Total,Parda,Total,1102448.0,48581.0,1151029.0,4.2206582110442055
Santa Catarina,Total,Preta,15 a 19 anos,19202.0,175.0,19377.0,0.9031325798627239
Santa Catarina,Total,Preta,20 a 24 anos,29138.0,318.0,29456.0,1.0795763172189028
Santa Catarina,Total,Preta,25 a 34 anos,67422.0,861.0,68283.0,1.260928781687975
Santa Catarina,Total,Preta,35 a 44 anos,58618.0,1474.0,60092.0,2.4529055448312587
Santa Catarina,Total,Preta,45 a 54 anos,36814.0,2139.0,38953.0,5.491233024414037
Santa Catarina,Total,Preta,55 a 64 anos,24006.0,2570.0,26576.0,9.670379289584588
Santa Catarina,Total,Preta,65 anos ou mais,16362.0,4081.0,20443.0,19.962823460353178
Santa Catarina,Total,Preta,75 anos ou mais,4670.0,1776.0,6446.0,27.551970214086257
Santa Catarina,Total,Preta,80 anos ou mais,2246.0,1023.0,3269.0,31.29397369226063
Santa Catarina,Total,Preta,Total,251562.0,11618.0,263180.0,4.414469184588494
Santa Catarina,Total,Total,15 a 19 anos,476842.0,3787.0,480629.0,0.7879258222038203
Santa Catarina,Total,Total,20 a 24 anos,570298.0,4187.0,574485.0,0.7288266882512163
Santa Catarina,Total,Total,25 a 34 anos,1250668.0,9420.0,1260088.0,0.7475668366018882
Santa Catarina,Total,Total,35 a 44 anos,1228035.0,14526.0,1242561.0,1.169037174030088
Santa Catarina,Total,Total,45 a 54 anos,961379.0,25960.0,987339.0,2.6292894335177683
Santa Catarina,Total,Total,55 a 64 anos,811335.0,36275.0,847610.0,4.279680513443683
Santa Catarina,Total,Total,65 anos ou mais,723408.0,71031.0,794439.0,8.941026309131349
Santa Catarina,Total,Total,75 anos ou mais,243549.0,34555.0,278104.0,12.425207835917499
Santa Catarina,Total,Total,80 anos ou mais,122544.0,20211.0,142755.0,14.157822843332985
Santa Catarina,Total,Total,Total,6021965.0,165186.0,6187151.0,2.66982331609492
Sergipe,Homens,Amarela,15 a 19 anos,90.0,3.0,93.0,3.225806451612903
Sergipe,Homens,Amarela,20 a 24 anos,84.0,1.0,85.0,1.1764705882352942
Sergipe,Homens,Amarela,25 a 34 anos,222.0,13.0,235.0,5.531914893617021
Sergipe,Homens,Amarela,35 a 44 anos,212.0,27.0,239.0,11.297071129707113
Sergipe,Homens,Amarela,45 a 54 anos,109.0,27.0,136.0,19.852941176470587
Sergipe,Homens,Amarela,55 a 64 anos,86.0,22.0,108.0,20.37037037037037
Sergipe,Homens,Amarela,65 anos ou mais,76.0,36.0,112.0,32.142857142857146
Sergipe,Homens,Amarela,75 anos ou mais,19.0,14.0,33.0,42.42424242424242
Sergipe,Homens,Amarela,80 anos ou mais,7.0,6.0,13.0,46.15384615384615
Sergipe,Homens,Amarela,Total,879.0,129.0,1008.0,12.797619047619047
Sergipe,Homens,Branca,15 a 19 anos,20799.0,715.0,21514.0,3.323417309658827
Sergipe,Homens,Branca,20 a 24 anos,20553.0,759.0,21312.0,3.5613738738738734
Sergipe,Homens,Branca,25 a 34 anos,35537.0,1892.0,37429.0,5.054903951481472
Sergipe,Homens,Branca,35 a 44 anos,34143.0,4272.0,38415.0,11.12065599375244
Sergipe,Homens,Branca,45 a 54 anos,24928.0,5838.0,30766.0,18.975492426704804
Sergipe,Homens,Branca,55 a 64 anos,18477.0,5625.0,24102.0,23.338312173263628
Sergipe,Homens,Branca,65 anos ou mais,16724.0,8412.0,25136.0,33.46594525779758
Sergipe,Homens,Branca,75 anos ou mais,5842.0,3866.0,9708.0,39.82282653481665
Sergipe,Homens,Branca,80 anos ou mais,3042.0,2135.0,5177.0,41.24010044427274
Sergipe,Homens,Branca,Total,171161.0,27513.0,198674.0,13.848314323967909
Sergipe,Homens,Indígena,15 a 19 anos,156.0,6.0,162.0,3.7037037037037033
Sergipe,Homens,Indígena,20 a 24 anos,150.0,9.0,159.0,5.660377358490567
Sergipe,Homens,Indígena,25 a 34 anos,329.0,18.0,347.0,5.187319884726225
Sergipe,Homens,Indígena,35 a 44 anos,365.0,46.0,411.0,11.19221411192214
Sergipe,Homens,Indígena,45 a 54 anos,268.0,47.0,315.0,14.920634920634921
Sergipe,Homens,Indígena,55 a 64 anos,198.0,52.0,250.0,20.8
Sergipe,Homens,Indígena,65 anos ou mais,166.0,69.0,235.0,29.361702127659573
Sergipe,Homens,Indígena,75 anos ou mais,53.0,35.0,88.0,39.77272727272727
Sergipe,Homens,Indígena,80 anos ou mais,26.0,16.0,42.0,38.095238095238095
Sergipe,Homens,Indígena,Total,1632.0,247.0,1879.0,13.145290047897817
Sergipe,Homens,Parda,15 a 19 anos,52769.0,2049.0,54818.0,3.737823342697654
Sergipe,Homens,Parda,20 a 24 anos,51567.0,2129.0,53696.0,3.9649135876042907
Sergipe,Homens,Parda,25 a 34 anos,94495.0,5868.0,100363.0,5.846776202385342
Sergipe,Homens,Parda,35 a 44 anos,86307.0,13443.0,99750.0,13.47669172932331
Sergipe,Homens,Parda,45 a 54 anos,60568.0,18002.0,78570.0,22.91205294641721
Sergipe,Homens,Parda,55 a 64 anos,40286.0,16661.0,56947.0,29.257028465064007
Sergipe,Homens,Parda,65 anos ou mais,27954.0,20763.0,48717.0,42.61961943469426
Sergipe,Homens,Parda,75 anos ou mais,8485.0,8717.0,17202.0,50.67434019300081
Sergipe,Homens,Parda,80 anos ou mais,4031.0,4562.0,8593.0,53.08972419411149
Sergipe,Homens,Parda,Total,413946.0,78915.0,492861.0,16.011613822152697
Sergipe,Homens,Preta,15 a 19 anos,10448.0,458.0,10906.0,4.199523198239501
Sergipe,Homens,Preta,20 a 24 anos,12344.0,513.0,12857.0,3.9900443338259315
Sergipe,Homens,Preta,25 a 34 anos,23829.0,1520.0,25349.0,5.996291766933607
Sergipe,Homens,Preta,35 a 44 anos,22734.0,3472.0,26206.0,13.248874303594596
Sergipe,Homens,Preta,45 a 54 anos,16058.0,4938.0,20996.0,23.518765479138885
Sergipe,Homens,Preta,55 a 64 anos,10021.0,4773.0,14794.0,32.263079626875765
Sergipe,Homens,Preta,65 anos ou mais,6645.0,5908.0,12553.0,47.06444674579782
Sergipe,Homens,Preta,75 anos ou mais,1936.0,2432.0,4368.0,55.67765567765568
Sergipe,Homens,Preta,80 anos ou mais,941.0,1302.0,2243.0,58.04725813642443
Sergipe,Homens,Preta,Total,102079.0,21582.0,123661.0,17.4525517341765
Sergipe,Homens,Total,15 a 19 anos,84264.0,3231.0,87495.0,3.6927824447111264
Sergipe,Homens,Total,20 a 24 anos,84699.0,3411.0,88110.0,3.871297242083759
Sergipe,Homens,Total,25 a 34 anos,154418.0,9311.0,163729.0,5.686836174410153
Sergipe,Homens,Total,35 a 44 anos,143764.0,21262.0,165026.0,12.884030395210452
Sergipe,Homens,Total,45 a 54 anos,101934.0,28854.0,130788.0,22.0616570327553
Sergipe,Homens,Total,55 a 64 anos,69070.0,27134.0,96204.0,28.20464845536568
Sergipe,Homens,Total,65 anos ou mais,51570.0,35189.0,86759.0,40.559480860775246
Sergipe,Homens,Total,75 anos ou mais,16336.0,15065.0,31401.0,47.97617910257635
Sergipe,Homens,Total,80 anos ou mais,8048.0,8021.0,16069.0,49.91598730474827
Sergipe,Homens,Total,Total,689719.0,128392.0,818111.0,15.693713933683814
Sergipe,Mulheres,Amarela,15 a 19 anos,145.0,1.0,146.0,0.684931506849315
Sergipe,Mulheres,Amarela,20 a 24 anos,161.0,1.0,162.0,0.6172839506172839
Sergipe,Mulheres,Amarela,25 a 34 anos,321.0,8.0,329.0,2.43161094224924
Sergipe,Mulheres,Amarela,35 a 44 anos,336.0,18.0,354.0,5.084745762711865
Sergipe,Mulheres,Amarela,45 a 54 anos,189.0,22.0,211.0,10.42654028436019
Sergipe,Mulheres,Amarela,55 a 64 anos,117.0,31.0,148.0,20.945945945945947
Sergipe,Mulheres,Amarela,65 anos ou mais,92.0,36.0,128.0,28.125
Sergipe,Mulheres,Amarela,75 anos ou mais,26.0,15.0,41.0,36.58536585365854
Sergipe,Mulheres,Amarela,80 anos ou mais,10.0,8.0,18.0,44.44444444444444
Sergipe,Mulheres,Amarela,Total,1361.0,117.0,1478.0,7.916102841677943
Sergipe,Mulheres,Branca,15 a 19 anos,21312.0,326.0,21638.0,1.5066087438765137
Sergipe,Mulheres,Branca,20 a 24 anos,20787.0,339.0,21126.0,1.6046577676796365
Sergipe,Mulheres,Branca,25 a 34 anos,39309.0,920.0,40229.0,2.286907454821149
Sergipe,Mulheres,Branca,35 a 44 anos,42420.0,2658.0,45078.0,5.896446159989352
Sergipe,Mulheres,Branca,45 a 54 anos,32942.0,4584.0,37526.0,12.215530565474603
Sergipe,Mulheres,Branca,55 a 64 anos,24548.0,5344.0,29892.0,17.87769302823498
Sergipe,Mulheres,Branca,65 anos ou mais,25522.0,11124.0,36646.0,30.35529116411068
Sergipe,Mulheres,Branca,75 anos ou mais,10914.0,5739.0,16653.0,34.462259052422986
Sergipe,Mulheres,Branca,80 anos ou mais,6435.0,3470.0,9905.0,35.03281171125694
Sergipe,Mulheres,Branca,Total,206840.0,25295.0,232135.0,10.896676502897021
Sergipe,Mulheres,Indígena,15 a 19 anos,141.0,0.0,141.0,0.0
Sergipe,Mulheres,Indígena,20 a 24 anos,163.0,5.0,168.0,2.976190476190476
Sergipe,Mulheres,Indígena,25 a 34 anos,390.0,3.0,393.0,0.7633587786259541
Sergipe,Mulheres,Indígena,35 a 44 anos,372.0,18.0,390.0,4.615384615384616
Sergipe,Mulheres,Indígena,45 a 54 anos,301.0,33.0,334.0,9.880239520958083
Sergipe,Mulheres,Indígena,55 a 64 anos,248.0,47.0,295.0,15.932203389830507
Sergipe,Mulheres,Indígena,65 anos ou mais,188.0,107.0,295.0,36.271186440677965
Sergipe,Mulheres,Indígena,75 anos ou mais,79.0,51.0,130.0,39.23076923076923
Sergipe,Mulheres,Indígena,80 anos ou mais,49.0,31.0,80.0,38.75
Sergipe,Mulheres,Indígena,Total,1803.0,213.0,2016.0,10.56547619047619
Sergipe,Mulheres,Parda,15 a 19 anos,52459.0,808.0,53267.0,1.5168866277432558
Sergipe,Mulheres,Parda,20 a 24 anos,56679.0,833.0,57512.0,1.4483933787731256
Sergipe,Mulheres,Parda,25 a 34 anos,113945.0,2610.0,116555.0,2.239286173909313
Sergipe,Mulheres,Parda,35 a 44 anos,107394.0,8731.0,116125.0,7.518622174381055
Sergipe,Mulheres,Parda,45 a 54 anos,77770.0,14212.0,91982.0,15.450849079167664
Sergipe,Mulheres,Parda,55 a 64 anos,52147.0,16415.0,68562.0,23.941833668796125
Sergipe,Mulheres,Parda,65 anos ou mais,38238.0,25492.0,63730.0,40.0
Sergipe,Mulheres,Parda,75 anos ou mais,13236.0,11377.0,24613.0,46.22354040547678
Sergipe,Mulheres,Parda,80 anos ou mais,7141.0,6432.0,13573.0,47.388197156118764
Sergipe,Mulheres,Parda,Total,498632.0,69101.0,567733.0,12.171390424724299
Sergipe,Mulheres,Preta,15 a 19 anos,9729.0,125.0,9854.0,1.2685203978079966
Sergipe,Mulheres,Preta,20 a 24 anos,11585.0,204.0,11789.0,1.7304266689286623
Sergipe,Mulheres,Preta,25 a 34 anos,23163.0,568.0,23731.0,2.393493742362311
Sergipe,Mulheres,Preta,35 a 44 anos,22772.0,1873.0,24645.0,7.599918847636437
Sergipe,Mulheres,Preta,45 a 54 anos,16358.0,3373.0,19731.0,17.094926764989104
Sergipe,Mulheres,Preta,55 a 64 anos,10542.0,4277.0,14819.0,28.861596598960794
Sergipe,Mulheres,Preta,65 anos ou mais,7554.0,6872.0,14426.0,47.636212394288094
Sergipe,Mulheres,Preta,75 anos ou mais,2519.0,3142.0,5661.0,55.50256138491433
Sergipe,Mulheres,Preta,80 anos ou mais,1353.0,1790.0,3143.0,56.95195672923958
Sergipe,Mulheres,Preta,Total,101703.0,17292.0,118995.0,14.531703012731628
Sergipe,Mulheres,Total,15 a 19 anos,83789.0,1260.0,85049.0,1.4814989006337522
Sergipe,Mulheres,Total,20 a 24 anos,89376.0,1382.0,90758.0,1.5227307785539566
Sergipe,Mulheres,Total,25 a 34 anos,177137.0,4109.0,181246.0,2.267084514968606
Sergipe,Mulheres,Total,35 a 44 anos,173299.0,13299.0,186598.0,7.127086035220098
Sergipe,Mulheres,Total,45 a 54 anos,127564.0,22224.0,149788.0,14.836969583678265
Sergipe,Mulheres,Total,55 a 64 anos,87605.0,26115.0,113720.0,22.96429827646852
Sergipe,Mulheres,Total,65 anos ou mais,71599.0,43634.0,115233.0,37.86588911162601
Sergipe,Mulheres,Total,75 anos ou mais,26777.0,20324.0,47101.0,43.14982696758031
Sergipe,Mulheres,Total,80 anos ou mais,14988.0,11731.0,26719.0,43.90508626819866
Sergipe,Mulheres,Total,Total,810369.0,112023.0,922392.0,12.144836468659745
Sergipe,Total,Amarela,15 a 19 anos,235.0,4.0,239.0,1.6736401673640167
Sergipe,Total,Amarela,20 a 24 anos,245.0,2.0,247.0,0.8097165991902834
Sergipe,Total,Amarela,25 a 34 anos,543.0,21.0,564.0,3.723404255319149
Sergipe,Total,Amarela,35 a 44 anos,548.0,45.0,593.0,7.588532883642496
Sergipe,Total,Amarela,45 a 54 anos,298.0,49.0,347.0,14.121037463976945
Sergipe,Total,Amarela,55 a 64 anos,203.0,53.0,256.0,20.703125
Sergipe,Total,Amarela,65 anos ou mais,168.0,72.0,240.0,30.0
Sergipe,Total,Amarela,75 anos ou mais,45.0,29.0,74.0,39.189189189189186
Sergipe,Total,Amarela,80 anos ou mais,17.0,14.0,31.0,45.16129032258064
Sergipe,Total,Amarela,Total,2240.0,246.0,2486.0,9.895414320193082
Sergipe,Total,Branca,15 a 19 anos,42111.0,1041.0,43152.0,2.4124026696329253
Sergipe,Total,Branca,20 a 24 anos,41340.0,1098.0,42438.0,2.587303831471794
Sergipe,Total,Branca,25 a 34 anos,74846.0,2812.0,77658.0,3.6210049190038376
Sergipe,Total,Branca,35 a 44 anos,76563.0,6930.0,83493.0,8.300097014120944
Sergipe,Total,Branca,45 a 54 anos,57870.0,10422.0,68292.0,15.260938323668952
Sergipe,Total,Branca,55 a 64 anos,43025.0,10969.0,53994.0,20.315220209652924
Sergipe,Total,Branca,65 anos ou mais,42246.0,19536.0,61782.0,31.620860444789745
Sergipe,Total,Branca,75 anos ou mais,16756.0,9605.0,26361.0,36.43640226091575
Sergipe,Total,Branca,80 anos ou mais,9477.0,5605.0,15082.0,37.163506166290944
Sergipe,Total,Branca,Total,378001.0,52808.0,430809.0,12.257868336083973
Sergipe,Total,Indígena,15 a 19 anos,297.0,6.0,303.0,1.9801980198019802
Sergipe,Total,Indígena,20 a 24 anos,313.0,14.0,327.0,4.281345565749235
Sergipe,Total,Indígena,25 a 34 anos,719.0,21.0,740.0,2.837837837837838
Sergipe,Total,Indígena,35 a 44 anos,737.0,64.0,801.0,7.990012484394507
Sergipe,Total,Indígena,45 a 54 anos,569.0,80.0,649.0,12.326656394453005
Sergipe,Total,Indígena,55 a 64 anos,446.0,99.0,545.0,18.1651376146789
Sergipe,Total,Indígena,65 anos ou mais,354.0,176.0,530.0,33.20754716981132
Sergipe,Total,Indígena,75 anos ou mais,132.0,86.0,218.0,39.44954128440367
Sergipe,Total,Indígena,80 anos ou mais,75.0,47.0,122.0,38.52459016393443
Sergipe,Total,Indígena,Total,3435.0,460.0,3895.0,11.810012836970476
Sergipe,Total,Parda,15 a 19 anos,105228.0,2857.0,108085.0,2.6432900032381923
Sergipe,Total,Parda,20 a 24 anos,108246.0,2962.0,111208.0,2.6634774476656355
Sergipe,Total,Parda,25 a 34 anos,208440.0,8478.0,216918.0,3.9083893452825493
Sergipe,Total,Parda,35 a 44 anos,193701.0,22174.0,215875.0,10.271685002895193
Sergipe,Total,Parda,45 a 54 anos,138338.0,32214.0,170552.0,18.888081054458464
Sergipe,Total,Parda,55 a 64 anos,92433.0,33076.0,125509.0,26.353488594443427
Sergipe,Total,Parda,65 anos ou mais,66192.0,46255.0,112447.0,41.13493468033829
Sergipe,Total,Parda,75 anos ou mais,21721.0,20094.0,41815.0,48.0545258878393
Sergipe,Total,Parda,80 anos ou mais,11172.0,10994.0,22166.0,49.59848416493729
Sergipe,Total,Parda,Total,912578.0,148016.0,1060594.0,13.9559529848368
Sergipe,Total,Preta,15 a 19 anos,20177.0,583.0,20760.0,2.8082851637764934
Sergipe,Total,Preta,20 a 24 anos,23929.0,717.0,24646.0,2.9091941897265277
Sergipe,Total,Preta,25 a 34 anos,46992.0,2088.0,49080.0,4.254278728606357
Sergipe,Total,Preta,35 a 44 anos,45506.0,5345.0,50851.0,10.51110105995949
Sergipe,Total,Preta,45 a 54 anos,32416.0,8311.0,40727.0,20.406609865691063
Sergipe,Total,Preta,55 a 64 anos,20563.0,9050.0,29613.0,30.56090230641948
Sergipe,Total,Preta,65 anos ou mais,14199.0,12780.0,26979.0,47.37017680418103
Sergipe,Total,Preta,75 anos ou mais,4455.0,5574.0,10029.0,55.57882141788812
Sergipe,Total,Preta,80 anos ou mais,2294.0,3092.0,5386.0,57.40809506126996
Sergipe,Total,Preta,Total,203782.0,38874.0,242656.0,16.020209679546355
Sergipe,Total,Total,15 a 19 anos,168053.0,4491.0,172544.0,2.6028143545994067
Sergipe,Total,Total,20 a 24 anos,174075.0,4793.0,178868.0,2.679629671042333
Sergipe,Total,Total,25 a 34 anos,331555.0,13420.0,344975.0,3.8901369664468435
Sergipe,Total,Total,35 a 44 anos,317063.0,34561.0,351624.0,9.828965030828385
Sergipe,Total,Total,45 a 54 anos,229498.0,51078.0,280576.0,18.204693202554743
Sergipe,Total,Total,55 a 64 anos,156675.0,53249.0,209924.0,25.365846687372574
Sergipe,Total,Total,65 anos ou mais,123169.0,78823.0,201992.0,39.02283258742921
Sergipe,Total,Total,75 anos ou mais,43113.0,35389.0,78502.0,45.080380117704
Sergipe,Total,Total,80 anos ou mais,23036.0,19752.0,42788.0,46.16247546040946
Sergipe,Total,Total,Total,1500088.0,240415.0,1740503.0,13.812960965881702
Sudeste,Homens,Amarela,15 a 19 anos,12314.0,115.0,12429.0,0.925255450961461
Sudeste,Homens,Amarela,20 a 24 anos,13960.0,130.0,14090.0,0.9226401703335699
Sudeste,Homens,Amarela,25 a 34 anos,32489.0,393.0,32882.0,1.1951827747703911
Sudeste,Homens,Amarela,35 a 44 anos,42532.0,521.0,43053.0,1.210136343576522
Sudeste,Homens,Amarela,45 a 54 anos,37695.0,525.0,38220.0,1.3736263736263736
Sudeste,Homens,Amarela,55 a 64 anos,35508.0,542.0,36050.0,1.5034674063800277
Sudeste,Homens,Amarela,65 anos ou mais,63198.0,1240.0,64438.0,1.92433036407089
Sudeste,Homens,Amarela,75 anos ou mais,28608.0,733.0,29341.0,2.4982106949320064
Sudeste,Homens,Amarela,80 anos ou mais,15438.0,529.0,15967.0,3.3130832341704766
Sudeste,Homens,Amarela,Total,237696.0,3466.0,241162.0,1.4372081837105348
Sudeste,Homens,Branca,15 a 19 anos,1235555.0,13547.0,1249102.0,1.0845391329130847
Sudeste,Homens,Branca,20 a 24 anos,1355982.0,13431.0,1369413.0,0.9807851977453113
Sudeste,Homens,Branca,25 a 34 anos,2809539.0,28035.0,2837574.0,0.9879918550141775
Sudeste,Homens,Branca,35 a 44 anos,3041515.0,43540.0,3085055.0,1.4113200575030267
Sudeste,Homens,Branca,45 a 54 anos,2543644.0,65144.0,2608788.0,2.4970982693879304
Sudeste,Homens,Branca,55 a 64 anos,2272425.0,83637.0,2356062.0,3.5498641377009603
Sudeste,Homens,Branca,65 anos ou mais,2362783.0,173035.0,2535818.0,6.82363639661837
Sudeste,Homens,Branca,75 anos ou mais,847355.0,88724.0,936079.0,9.478259847726529
Sudeste,Homens,Branca,80 anos ou mais,437040.0,52929.0,489969.0,10.802520159438659
Sudeste,Homens,Branca,Total,15621443.0,420369.0,16041812.0,2.620458337250181
Sudeste,Homens,Indígena,15 a 19 anos,3618.0,130.0,3748.0,3.468516542155817
Sudeste,Homens,Indígena,20 a 24 anos,4162.0,119.0,4281.0,2.77972436346648
Sudeste,Homens,Indígena,25 a 34 anos,8586.0,235.0,8821.0,2.664097041151797
Sudeste,Homens,Indígena,35 a 44 anos,7982.0,444.0,8426.0,5.269404225017802
Sudeste,Homens,Indígena,45 a 54 anos,6272.0,560.0,6832.0,8.19672131147541
Sudeste,Homens,Indígena,55 a 64 anos,4533.0,690.0,5223.0,13.210798391728892
Sudeste,Homens,Indígena,65 anos ou mais,4035.0,984.0,5019.0,19.605499103407055
Sudeste,Homens,Indígena,75 anos ou mais,1276.0,470.0,1746.0,26.918671248568156
Sudeste,Homens,Indígena,80 anos ou mais,606.0,278.0,884.0,31.447963800904976
Sudeste,Homens,Indígena,Total,39188.0,3162.0,42350.0,7.466351829988193
Sudeste,Homens,Parda,15 a 19 anos,1208111.0,17317.0,1225428.0,1.4131389196264488
Sudeste,Homens,Parda,20 a 24 anos,1308356.0,18080.0,1326436.0,1.3630510631496733
Sudeste,Homens,Parda,25 a 34 anos,2512681.0,42124.0,2554805.0,1.648814684486683
Sudeste,Homens,Parda,35 a 44 anos,2556263.0,73503.0,2629766.0,2.7950395586527472
Sudeste,Homens,Parda,45 a 54 anos,2014754.0,114541.0,2129295.0,5.379292207045054
Sudeste,Homens,Parda,55 a 64 anos,1487764.0,136442.0,1624206.0,8.400535400066248
Sudeste,Homens,Parda,65 anos ou mais,1158531.0,221075.0,1379606.0,16.02450264785743
Sudeste,Homens,Parda,75 anos ou mais,332918.0,99338.0,432256.0,22.98128886585727
Sudeste,Homens,Parda,80 anos ou mais,156581.0,55688.0,212269.0,26.234636239865456
Sudeste,Homens,Parda,Total,12246460.0,623082.0,12869542.0,4.841524274912037
Sudeste,Homens,Preta,15 a 19 anos,302299.0,4668.0,306967.0,1.5206846338531503
Sudeste,Homens,Preta,20 a 24 anos,383973.0,5669.0,389642.0,1.4549252903947727
Sudeste,Homens,Preta,25 a 34 anos,793832.0,13665.0,807497.0,1.6922663489771477
Sudeste,Homens,Preta,35 a 44 anos,800703.0,25405.0,826108.0,3.075263766965094
Sudeste,Homens,Preta,45 a 54 anos,613119.0,40437.0,653556.0,6.187228026366523
Sudeste,Homens,Preta,55 a 64 anos,432706.0,49241.0,481947.0,10.217098560630111
Sudeste,Homens,Preta,65 anos ou mais,326355.0,80555.0,406910.0,19.796760954510827
Sudeste,Homens,Preta,75 anos ou mais,93692.0,35713.0,129405.0,27.597851705884622
Sudeste,Homens,Preta,80 anos ou mais,44871.0,20011.0,64882.0,30.842144200240433
Sudeste,Homens,Preta,Total,3652987.0,219640.0,3872627.0,5.671602248292955
Sudeste,Homens,Total,15 a 19 anos,2761989.0,35777.0,2797766.0,1.278770275998779
Sudeste,Homens,Total,20 a 24 anos,3066629.0,37434.0,3104063.0,1.205967791246505
Sudeste,Homens,Total,25 a 34 anos,6157516.0,84459.0,6241975.0,1.3530813564616968
Sudeste,Homens,Total,35 a 44 anos,6449381.0,143420.0,6592801.0,2.1754031404861154
Sudeste,Homens,Total,45 a 54 anos,5215724.0,221215.0,5436939.0,4.068741620974596
Sudeste,Homens,Total,55 a 64 anos,4233129.0,270565.0,4503694.0,6.007623963795053
Sudeste,Homens,Total,65 anos ou mais,3915043.0,476917.0,4391960.0,10.858864834834561
Sudeste,Homens,Total,75 anos ou mais,1303906.0,224993.0,1528899.0,14.716014596124399
Sudeste,Homens,Total,80 anos ou mais,654569.0,129444.0,784013.0,16.510440515654714
Sudeste,Homens,Total,Total,31799411.0,1269787.0,33069198.0,3.8397877081869356
Sudeste,Mulheres,Amarela,15 a 19 anos,12448.0,70.0,12518.0,0.5591947595462534
Sudeste,Mulheres,Amarela,20 a 24 anos,14842.0,96.0,14938.0,0.6426563127594056
Sudeste,Mulheres,Amarela,25 a 34 anos,33844.0,299.0,34143.0,0.875728553437015
Sudeste,Mulheres,Amarela,35 a 44 anos,45125.0,453.0,45578.0,0.993900566062574
Sudeste,Mulheres,Amarela,45 a 54 anos,40563.0,559.0,41122.0,1.3593696804630124
Sudeste,Mulheres,Amarela,55 a 64 anos,40355.0,637.0,40992.0,1.5539617486338797
Sudeste,Mulheres,Amarela,65 anos ou mais,79374.0,2308.0,81682.0,2.8255919296785095
Sudeste,Mulheres,Amarela,75 anos ou mais,38441.0,1639.0,40080.0,4.089321357285429
Sudeste,Mulheres,Amarela,80 anos ou mais,22097.0,1325.0,23422.0,5.657074545299292
Sudeste,Mulheres,Amarela,Total,266551.0,4422.0,270973.0,1.6318969048576795
Sudeste,Mulheres,Branca,15 a 19 anos,1244774.0,8111.0,1252885.0,0.6473858334962905
Sudeste,Mulheres,Branca,20 a 24 anos,1410111.0,8806.0,1418917.0,0.6206141726401192
Sudeste,Mulheres,Branca,25 a 34 anos,3052089.0,18538.0,3070627.0,0.6037203476684078
Sudeste,Mulheres,Branca,35 a 44 anos,3475177.0,30764.0,3505941.0,0.8774819656120854
Sudeste,Mulheres,Branca,45 a 54 anos,3000009.0,57205.0,3057214.0,1.871148045246424
Sudeste,Mulheres,Branca,55 a 64 anos,2762241.0,92617.0,2854858.0,3.2441893782457836
Sudeste,Mulheres,Branca,65 anos ou mais,3279690.0,315143.0,3594833.0,8.766554663318157
Sudeste,Mulheres,Branca,75 anos ou mais,1336988.0,188345.0,1525333.0,12.347795530549723
Sudeste,Mulheres,Branca,80 anos ou mais,761859.0,124419.0,886278.0,14.038371707297259
Sudeste,Mulheres,Branca,Total,18224091.0,531184.0,18755275.0,2.832184545414557
Sudeste,Mulheres,Indígena,15 a 19 anos,3549.0,121.0,3670.0,3.2970027247956404
Sudeste,Mulheres,Indígena,20 a 24 anos,4324.0,107.0,4431.0,2.4148047844730307
Sudeste,Mulheres,Indígena,25 a 34 anos,8698.0,196.0,8894.0,2.2037328536091745
Sudeste,Mulheres,Indígena,35 a 44 anos,8527.0,388.0,8915.0,4.352215367358385
Sudeste,Mulheres,Indígena,45 a 54 anos,6935.0,516.0,7451.0,6.925244933565964
Sudeste,Mulheres,Indígena,55 a 64 anos,5817.0,860.0,6677.0,12.880035944286355
Sudeste,Mulheres,Indígena,65 anos ou mais,6012.0,1964.0,7976.0,24.623871614844532
Sudeste,Mulheres,Indígena,75 anos ou mais,2114.0,1046.0,3160.0,33.10126582278481
Sudeste,Mulheres,Indígena,80 anos ou mais,1112.0,686.0,1798.0,38.15350389321468
Sudeste,Mulheres,Indígena,Total,43862.0,4152.0,48014.0,8.647477818969469
Sudeste,Mulheres,Parda,15 a 19 anos,1134935.0,8840.0,1143775.0,0.7728792813271841
Sudeste,Mulheres,Parda,20 a 24 anos,1255502.0,9724.0,1265226.0,0.768558344517106
Sudeste,Mulheres,Parda,25 a 34 anos,2557635.0,22543.0,2580178.0,0.8736994114359553
Sudeste,Mulheres,Parda,35 a 44 anos,2667400.0,48030.0,2715430.0,1.768780635111198
Sudeste,Mulheres,Parda,45 a 54 anos,2146610.0,97191.0,2243801.0,4.3315338570577335
Sudeste,Mulheres,Parda,55 a 64 anos,1677555.0,149671.0,1827226.0,8.191159714233489
Sudeste,Mulheres,Parda,65 anos ou mais,1383466.0,349240.0,1732706.0,20.155756371825344
Sudeste,Mulheres,Parda,75 anos ou mais,434904.0,178555.0,613459.0,29.10626464034271
Sudeste,Mulheres,Parda,80 anos ou mais,219848.0,108694.0,328542.0,33.08374576157691
Sudeste,Mulheres,Parda,Total,12823103.0,685239.0,13508342.0,5.0727098854914985
Sudeste,Mulheres,Preta,15 a 19 anos,276425.0,2109.0,278534.0,0.7571786568246606
Sudeste,Mulheres,Preta,20 a 24 anos,352167.0,2567.0,354734.0,0.7236408125525041
Sudeste,Mulheres,Preta,25 a 34 anos,738117.0,6359.0,744476.0,0.8541578237579183
Sudeste,Mulheres,Preta,35 a 44 anos,773774.0,14267.0,788041.0,1.8104387969661475
Sudeste,Mulheres,Preta,45 a 54 anos,619241.0,30551.0,649792.0,4.701658376834433
Sudeste,Mulheres,Preta,55 a 64 anos,487268.0,50092.0,537360.0,9.32186988238797
Sudeste,Mulheres,Preta,65 anos ou mais,428676.0,124345.0,553021.0,22.484679605295277
Sudeste,Mulheres,Preta,75 anos ou mais,139158.0,64381.0,203539.0,31.630793115815642
Sudeste,Mulheres,Preta,80 anos ou mais,72280.0,39885.0,112165.0,35.559220790799266
Sudeste,Mulheres,Preta,Total,3675668.0,230290.0,3905958.0,5.895864727680124
Sudeste,Mulheres,Total,15 a 19 anos,2672249.0,19252.0,2691501.0,0.7152886066176457
Sudeste,Mulheres,Total,20 a 24 anos,3037074.0,21300.0,3058374.0,0.6964485049899064
Sudeste,Mulheres,Total,25 a 34 anos,6390677.0,47938.0,6438615.0,0.7445390041181217
Sudeste,Mulheres,Total,35 a 44 anos,6970318.0,93908.0,7064226.0,1.3293459184346594
Sudeste,Mulheres,Total,45 a 54 anos,5813625.0,186030.0,5999655.0,3.1006782890016176
Sudeste,Mulheres,Total,55 a 64 anos,4973438.0,293890.0,5267328.0,5.579489259070254
Sudeste,Mulheres,Total,65 anos ou mais,5177458.0,793034.0,5970492.0,13.282556948405592
Sudeste,Mulheres,Total,75 anos ou mais,1951699.0,433986.0,2385685.0,18.19125324592308
Sudeste,Mulheres,Total,80 anos ou mais,1077261.0,275021.0,1352282.0,20.337547937486413
Sudeste,Mulheres,Total,Total,35034839.0,1455352.0,36490191.0,3.9883375781727204
Sudeste,Total,Amarela,15 a 19 anos,24762.0,185.0,24947.0,0.7415721329217942
Sudeste,Total,Amarela,20 a 24 anos,28802.0,226.0,29028.0,0.7785586330439576
Sudeste,Total,Amarela,25 a 34 anos,66333.0,692.0,67025.0,1.0324505781424842
Sudeste,Total,Amarela,35 a 44 anos,87657.0,974.0,88631.0,1.0989382947275785
Sudeste,Total,Amarela,45 a 54 anos,78258.0,1084.0,79342.0,1.3662373018073655
Sudeste,Total,Amarela,55 a 64 anos,75863.0,1179.0,77042.0,1.530334103476026
Sudeste,Total,Amarela,65 anos ou mais,142572.0,3548.0,146120.0,2.4281412537640295
Sudeste,Total,Amarela,75 anos ou mais,67049.0,2372.0,69421.0,3.4168335229973636
Sudeste,Total,Amarela,80 anos ou mais,37535.0,1854.0,39389.0,4.706897864886136
Sudeste,Total,Amarela,Total,504247.0,7888.0,512135.0,1.5402188875979967
Sudeste,Total,Branca,15 a 19 anos,2480329.0,21658.0,2501987.0,0.8656319956898257
Sudeste,Total,Branca,20 a 24 anos,2766093.0,22237.0,2788330.0,0.7975024477016708
Sudeste,Total,Branca,25 a 34 anos,5861628.0,46573.0,5908201.0,0.7882771760811794
Sudeste,Total,Branca,35 a 44 anos,6516692.0,74304.0,6590996.0,1.127356168931069
Sudeste,Total,Branca,45 a 54 anos,5543653.0,122349.0,5666002.0,2.1593532794375996
Sudeste,Total,Branca,55 a 64 anos,5034666.0,176254.0,5210920.0,3.3823969663706217
Sudeste,Total,Branca,65 anos ou mais,5642473.0,488178.0,6130651.0,7.962906386287524
Sudeste,Total,Branca,75 anos ou mais,2184343.0,277069.0,2461412.0,11.256506428017738
Sudeste,Total,Branca,80 anos ou mais,1198899.0,177348.0,1376247.0,12.886349616020961
Sudeste,Total,Branca,Total,33845534.0,951553.0,34797087.0,2.734576604070335
Sudeste,Total,Indígena,15 a 19 anos,7167.0,251.0,7418.0,3.3836613642491233
Sudeste,Total,Indígena,20 a 24 anos,8486.0,226.0,8712.0,2.594123048668503
Sudeste,Total,Indígena,25 a 34 anos,17284.0,431.0,17715.0,2.4329664126446513
Sudeste,Total,Indígena,35 a 44 anos,16509.0,832.0,17341.0,4.797877861715011
Sudeste,Total,Indígena,45 a 54 anos,13207.0,1076.0,14283.0,7.533431351956872
Sudeste,Total,Indígena,55 a 64 anos,10350.0,1550.0,11900.0,13.025210084033615
Sudeste,Total,Indígena,65 anos ou mais,10047.0,2948.0,12995.0,22.68564832627934
Sudeste,Total,Indígena,75 anos ou mais,3390.0,1516.0,4906.0,30.900937627395024
Sudeste,Total,Indígena,80 anos ou mais,1718.0,964.0,2682.0,35.94332587621179
Sudeste,Total,Indígena,Total,83050.0,7314.0,90364.0,8.09393121154442
Sudeste,Total,Parda,15 a 19 anos,2343046.0,26157.0,2369203.0,1.1040421610136404
Sudeste,Total,Parda,20 a 24 anos,2563858.0,27804.0,2591662.0,1.0728250829004708
Sudeste,Total,Parda,25 a 34 anos,5070316.0,64667.0,5134983.0,1.259342046507262
Sudeste,Total,Parda,35 a 44 anos,5223663.0,121533.0,5345196.0,2.2736865027961555
Sudeste,Total,Parda,45 a 54 anos,4161364.0,211732.0,4373096.0,4.841695677387371
Sudeste,Total,Parda,55 a 64 anos,3165319.0,286113.0,3451432.0,8.289689612891113
Sudeste,Total,Parda,65 anos ou mais,2541997.0,570315.0,3112312.0,18.324480322024268
Sudeste,Total,Parda,75 anos ou mais,767822.0,277893.0,1045715.0,26.574449061168675
Sudeste,Total,Parda,80 anos ou mais,376429.0,164382.0,540811.0,30.395461630773042
Sudeste,Total,Parda,Total,25069563.0,1308321.0,26377884.0,4.959916420892593
Sudeste,Total,Preta,15 a 19 anos,578724.0,6777.0,585501.0,1.1574702690516327
Sudeste,Total,Preta,20 a 24 anos,736140.0,8236.0,744376.0,1.10643008372113
Sudeste,Total,Preta,25 a 34 anos,1531949.0,20024.0,1551973.0,1.2902286315548015
Sudeste,Total,Preta,35 a 44 anos,1574477.0,39672.0,1614149.0,2.457765670951071
Sudeste,Total,Preta,45 a 54 anos,1232360.0,70988.0,1303348.0,5.446588324837266
Sudeste,Total,Preta,55 a 64 anos,919974.0,99333.0,1019307.0,9.745150381582782
Sudeste,Total,Preta,65 anos ou mais,755031.0,204900.0,959931.0,21.34528419230132
Sudeste,Total,Preta,75 anos ou mais,232850.0,100094.0,332944.0,30.063313950694408
Sudeste,Total,Preta,80 anos ou mais,117151.0,59896.0,177047.0,33.830564765288315
Sudeste,Total,Preta,Total,7328655.0,449930.0,7778585.0,5.784213966936146
Sudeste,Total,Total,15 a 19 anos,5434238.0,55029.0,5489267.0,1.002483573854214
Sudeste,Total,Total,20 a 24 anos,6103703.0,58734.0,6162437.0,0.9530969647235339
Sudeste,Total,Total,25 a 34 anos,12548193.0,132397.0,12680590.0,1.0440917969905186
Sudeste,Total,Total,35 a 44 anos,13419699.0,237328.0,13657027.0,1.7377720641542262
Sudeste,Total,Total,45 a 54 anos,11029349.0,407245.0,11436594.0,3.5608940913702107
Sudeste,Total,Total,55 a 64 anos,9206567.0,564455.0,9771022.0,5.776826620593015
Sudeste,Total,Total,65 anos ou mais,9092501.0,1269951.0,10362452.0,12.255313703745022
Sudeste,Total,Total,75 anos ou mais,3255605.0,658979.0,3914584.0,16.83394710651247
Sudeste,Total,Total,80 anos ou mais,1731830.0,404465.0,2136295.0,18.93301252870039
Sudeste,Total,Total,Total,66834250.0,2725139.0,69559389.0,3.9177155509517196
Sul,Homens,Amarela,15 a 19 anos,3063.0,26.0,3089.0,0.8416963418582066
Sul,Homens,Amarela,20 a 24 anos,3812.0,36.0,3848.0,0.9355509355509356
Sul,Homens,Amarela,25 a 34 anos,7621.0,65.0,7686.0,0.8456934686442883
Sul,Homens,Amarela,35 a 44 anos,9318.0,75.0,9393.0,0.7984669434685404
Sul,Homens,Amarela,45 a 54 anos,7857.0,101.0,7958.0,1.2691631063081177
Sul,Homens,Amarela,55 a 64 anos,7385.0,115.0,7500.0,1.5333333333333332
Sul,Homens,Amarela,65 anos ou mais,11880.0,290.0,12170.0,2.38290879211175
Sul,Homens,Amarela,75 anos ou mais,5280.0,180.0,5460.0,3.296703296703297
Sul,Homens,Amarela,80 anos ou mais,2864.0,131.0,2995.0,4.373956594323873
Sul,Homens,Amarela,Total,50936.0,708.0,51644.0,1.370924018278987
Sul,Homens,Branca,15 a 19 anos,651543.0,6765.0,658308.0,1.027634481124337
Sul,Homens,Branca,20 a 24 anos,724838.0,6976.0,731814.0,0.9532476831544628
Sul,Homens,Branca,25 a 34 anos,1542512.0,14029.0,1556541.0,0.9012933163983473
Sul,Homens,Branca,35 a 44 anos,1585385.0,18960.0,1604345.0,1.1817906996313137
Sul,Homens,Branca,45 a 54 anos,1332952.0,30996.0,1363948.0,2.2725206532800373
Sul,Homens,Branca,55 a 64 anos,1210852.0,44571.0,1255423.0,3.550277476197266
Sul,Homens,Branca,65 anos ou mais,1149411.0,94242.0,1243653.0,7.577837226300262
Sul,Homens,Branca,75 anos ou mais,382391.0,45387.0,427778.0,10.60994254028959
Sul,Homens,Branca,80 anos ou mais,184314.0,25547.0,209861.0,12.173295657601937
Sul,Homens,Branca,Total,8197493.0,216539.0,8414032.0,2.5735461904589854
Sul,Homens,Indígena,15 a 19 anos,3797.0,86.0,3883.0,2.214782384754056
Sul,Homens,Indígena,20 a 24 anos,4251.0,111.0,4362.0,2.544704264099037
Sul,Homens,Indígena,25 a 34 anos,6478.0,232.0,6710.0,3.4575260804769004
Sul,Homens,Indígena,35 a 44 anos,4834.0,341.0,5175.0,6.5893719806763285
Sul,Homens,Indígena,45 a 54 anos,3400.0,482.0,3882.0,12.416280267903144
Sul,Homens,Indígena,55 a 64 anos,2450.0,475.0,2925.0,16.23931623931624
Sul,Homens,Indígena,65 anos ou mais,1677.0,748.0,2425.0,30.84536082474227
Sul,Homens,Indígena,75 anos ou mais,485.0,353.0,838.0,42.124105011933175
Sul,Homens,Indígena,80 anos ou mais,237.0,228.0,465.0,49.03225806451613
Sul,Homens,Indígena,Total,26887.0,2475.0,29362.0,8.429262311831618
Sul,Homens,Parda,15 a 19 anos,253473.0,3325.0,256798.0,1.2947920155141395
Sul,Homens,Parda,20 a 24 anos,287391.0,3541.0,290932.0,1.2171229015715013
Sul,Homens,Parda,25 a 34 anos,554645.0,7866.0,562511.0,1.3983726540458765
Sul,Homens,Parda,35 a 44 anos,500368.0,13350.0,513718.0,2.598702011609482
Sul,Homens,Parda,45 a 54 anos,393718.0,22518.0,416236.0,5.409911684717324
Sul,Homens,Parda,55 a 64 anos,281628.0,29729.0,311357.0,9.548203509155085
Sul,Homens,Parda,65 anos ou mais,202585.0,50624.0,253209.0,19.992970234075408
Sul,Homens,Parda,75 anos ou mais,57500.0,22517.0,80017.0,28.140270192584076
Sul,Homens,Parda,80 anos ou mais,25770.0,12255.0,38025.0,32.22879684418146
Sul,Homens,Parda,Total,2473808.0,130953.0,2604761.0,5.0274478157496985
Sul,Homens,Preta,15 a 19 anos,49569.0,743.0,50312.0,1.4767848624582605
Sul,Homens,Preta,20 a 24 anos,66844.0,993.0,67837.0,1.4638029393988532
Sul,Homens,Preta,25 a 34 anos,145412.0,2473.0,147885.0,1.6722453257598808
Sul,Homens,Preta,35 a 44 anos,137066.0,4019.0,141085.0,2.848637346280611
Sul,Homens,Preta,45 a 54 anos,102602.0,6097.0,108699.0,5.609067240728986
Sul,Homens,Preta,55 a 64 anos,72123.0,8249.0,80372.0,10.263524610560893
Sul,Homens,Preta,65 anos ou mais,51068.0,14056.0,65124.0,21.583440820588415
Sul,Homens,Preta,75 anos ou mais,14384.0,6427.0,20811.0,30.882706261111913
Sul,Homens,Preta,80 anos ou mais,6499.0,3527.0,10026.0,35.178535806902055
Sul,Homens,Preta,Total,624684.0,36630.0,661314.0,5.53897240947568
Sul,Homens,Total,15 a 19 anos,961464.0,10945.0,972409.0,1.125555193339428
Sul,Homens,Total,20 a 24 anos,1087172.0,11657.0,1098829.0,1.06085660280171
Sul,Homens,Total,25 a 34 anos,2256761.0,24666.0,2281427.0,1.0811654284796313
Sul,Homens,Total,35 a 44 anos,2237033.0,36746.0,2273779.0,1.6160761446033234
Sul,Homens,Total,45 a 54 anos,1840576.0,60195.0,1900771.0,3.166872811085607
Sul,Homens,Total,55 a 64 anos,1574484.0,83141.0,1657625.0,5.015670009803182
Sul,Homens,Total,65 anos ou mais,1416658.0,159960.0,1576618.0,10.145767712914607
Sul,Homens,Total,75 anos ou mais,460054.0,74864.0,534918.0,13.995416119853884
Sul,Homens,Total,80 anos ou mais,219692.0,41688.0,261380.0,15.949192746193283
Sul,Homens,Total,Total,11374148.0,387310.0,11761458.0,3.2930441106876374
Sul,Mulheres,Amarela,15 a 19 anos,3138.0,12.0,3150.0,0.38095238095238093
Sul,Mulheres,Amarela,20 a 24 anos,3894.0,22.0,3916.0,0.5617977528089888
Sul,Mulheres,Amarela,25 a 34 anos,7791.0,53.0,7844.0,0.6756756756756757
Sul,Mulheres,Amarela,35 a 44 anos,9110.0,65.0,9175.0,0.7084468664850135
Sul,Mulheres,Amarela,45 a 54 anos,8456.0,90.0,8546.0,1.0531242686637023
Sul,Mulheres,Amarela,55 a 64 anos,7998.0,154.0,8152.0,1.8891069676153092
Sul,Mulheres,Amarela,65 anos ou mais,14101.0,536.0,14637.0,3.661952585912414
Sul,Mulheres,Amarela,75 anos ou mais,6527.0,396.0,6923.0,5.720063556261736
Sul,Mulheres,Amarela,80 anos ou mais,3677.0,304.0,3981.0,7.6362722933936205
Sul,Mulheres,Amarela,Total,54488.0,932.0,55420.0,1.6817033561891015
Sul,Mulheres,Branca,15 a 19 anos,645374.0,4276.0,649650.0,0.6582005695374432
Sul,Mulheres,Branca,20 a 24 anos,740260.0,4467.0,744727.0,0.5998171141908377
Sul,Mulheres,Branca,25 a 34 anos,1627556.0,9393.0,1636949.0,0.5738114015769581
Sul,Mulheres,Branca,35 a 44 anos,1713810.0,14046.0,1727856.0,0.8129149651359836
Sul,Mulheres,Branca,45 a 54 anos,1479867.0,27542.0,1507409.0,1.8271086347500909
Sul,Mulheres,Branca,55 a 64 anos,1397942.0,47001.0,1444943.0,3.2527926707143466
Sul,Mulheres,Branca,65 anos ou mais,1505847.0,148935.0,1654782.0,9.000279190854142
Sul,Mulheres,Branca,75 anos ou mais,577690.0,83553.0,661243.0,12.635748128902687
Sul,Mulheres,Branca,80 anos ou mais,312562.0,52781.0,365343.0,14.446971749835086
Sul,Mulheres,Branca,Total,9110656.0,255660.0,9366316.0,2.729568380994192
Sul,Mulheres,Indígena,15 a 19 anos,3690.0,56.0,3746.0,1.4949279231179926
Sul,Mulheres,Indígena,20 a 24 anos,4226.0,108.0,4334.0,2.491924319335487
Sul,Mulheres,Indígena,25 a 34 anos,6415.0,264.0,6679.0,3.952687528073065
Sul,Mulheres,Indígena,35 a 44 anos,4720.0,551.0,5271.0,10.453424397647506
Sul,Mulheres,Indígena,45 a 54 anos,3120.0,761.0,3881.0,19.608348363823758
Sul,Mulheres,Indígena,55 a 64 anos,2242.0,781.0,3023.0,25.835262983790937
Sul,Mulheres,Indígena,65 anos ou mais,1809.0,1309.0,3118.0,41.982039769082746
Sul,Mulheres,Indígena,75 anos ou mais,609.0,693.0,1302.0,53.2258064516129
Sul,Mulheres,Indígena,80 anos ou mais,315.0,470.0,785.0,59.87261146496815
Sul,Mulheres,Indígena,Total,26222.0,3830.0,30052.0,12.744576068148541
Sul,Mulheres,Parda,15 a 19 anos,235499.0,1741.0,237240.0,0.7338560107907603
Sul,Mulheres,Parda,20 a 24 anos,264903.0,1890.0,266793.0,0.7084143886833613
Sul,Mulheres,Parda,25 a 34 anos,531235.0,4526.0,535761.0,0.8447796685462361
Sul,Mulheres,Parda,35 a 44 anos,482499.0,10148.0,492647.0,2.0598927832707803
Sul,Mulheres,Parda,45 a 54 anos,390453.0,22806.0,413259.0,5.518573098226536
Sul,Mulheres,Parda,55 a 64 anos,291244.0,36642.0,327886.0,11.175225535704483
Sul,Mulheres,Parda,65 anos ou mais,214995.0,77488.0,292483.0,26.493163705240992
Sul,Mulheres,Parda,75 anos ou mais,64556.0,36399.0,100955.0,36.05467782675449
Sul,Mulheres,Parda,80 anos ou mais,30432.0,20866.0,51298.0,40.67604974852821
Sul,Mulheres,Parda,Total,2410828.0,155241.0,2566069.0,6.049759379034624
Sul,Mulheres,Preta,15 a 19 anos,44101.0,408.0,44509.0,0.9166685389471793
Sul,Mulheres,Preta,20 a 24 anos,57629.0,503.0,58132.0,0.8652721392692494
Sul,Mulheres,Preta,25 a 34 anos,127835.0,1307.0,129142.0,1.0120642393644206
Sul,Mulheres,Preta,35 a 44 anos,125492.0,2610.0,128102.0,2.037438915863921
Sul,Mulheres,Preta,45 a 54 anos,98415.0,5350.0,103765.0,5.155881077434588
Sul,Mulheres,Preta,55 a 64 anos,76980.0,8886.0,85866.0,10.348682831388443
Sul,Mulheres,Preta,65 anos ou mais,63247.0,20287.0,83534.0,24.285919505829963
Sul,Mulheres,Preta,75 anos ou mais,20002.0,9919.0,29921.0,33.15062999231309
Sul,Mulheres,Preta,80 anos ou mais,10015.0,5915.0,15930.0,37.13119899560577
Sul,Mulheres,Preta,Total,593699.0,39351.0,633050.0,6.216096674828213
Sul,Mulheres,Total,15 a 19 anos,931821.0,6493.0,938314.0,0.6919858384293531
Sul,Mulheres,Total,20 a 24 anos,1070949.0,6991.0,1077940.0,0.6485518674508786
Sul,Mulheres,Total,25 a 34 anos,2300910.0,15543.0,2316453.0,0.6709827481930348
Sul,Mulheres,Total,35 a 44 anos,2335682.0,27420.0,2363102.0,1.1603392490040634
Sul,Mulheres,Total,45 a 54 anos,1980372.0,56552.0,2036924.0,2.776343152714583
Sul,Mulheres,Total,55 a 64 anos,1776440.0,93467.0,1869907.0,4.998483881818721
Sul,Mulheres,Total,65 anos ou mais,1800032.0,248559.0,2048591.0,12.13316860222465
Sul,Mulheres,Total,75 anos ou mais,669394.0,130961.0,800355.0,16.36286397910927
Sul,Mulheres,Total,80 anos ou mais,357009.0,80337.0,437346.0,18.36920881864702
Sul,Mulheres,Total,Total,12196206.0,455025.0,12651231.0,3.5966855715463577
Sul,Total,Amarela,15 a 19 anos,6201.0,38.0,6239.0,0.6090719666613239
Sul,Total,Amarela,20 a 24 anos,7706.0,58.0,7764.0,0.7470376094796497
Sul,Total,Amarela,25 a 34 anos,15412.0,118.0,15530.0,0.7598197037990986
Sul,Total,Amarela,35 a 44 anos,18428.0,140.0,18568.0,0.7539853511417492
Sul,Total,Amarela,45 a 54 anos,16313.0,191.0,16504.0,1.1572952011633544
Sul,Total,Amarela,55 a 64 anos,15383.0,269.0,15652.0,1.7186302070023003
Sul,Total,Amarela,65 anos ou mais,25981.0,826.0,26807.0,3.081284739060693
Sul,Total,Amarela,75 anos ou mais,11807.0,576.0,12383.0,4.651538399418557
Sul,Total,Amarela,80 anos ou mais,6541.0,435.0,6976.0,6.235665137614679
Sul,Total,Amarela,Total,105424.0,1640.0,107064.0,1.5317940671000523
Sul,Total,Branca,15 a 19 anos,1296917.0,11041.0,1307958.0,0.8441402552681354
Sul,Total,Branca,20 a 24 anos,1465098.0,11443.0,1476541.0,0.7749869458416664
Sul,Total,Branca,25 a 34 anos,3170068.0,23422.0,3193490.0,0.7334295707830618
Sul,Total,Branca,35 a 44 anos,3299195.0,33006.0,3332201.0,0.9905164784477286
Sul,Total,Branca,45 a 54 anos,2812819.0,58538.0,2871357.0,2.0386876309703044
Sul,Total,Branca,55 a 64 anos,2608794.0,91572.0,2700366.0,3.3910958736704577
Sul,Total,Branca,65 anos ou mais,2655258.0,243177.0,2898435.0,8.389941468413125
Sul,Total,Branca,75 anos ou mais,960081.0,128940.0,1089021.0,11.839992066268694
Sul,Total,Branca,80 anos ou mais,496876.0,78328.0,575204.0,13.617429642352974
Sul,Total,Branca,Total,17308149.0,472199.0,17780348.0,2.655735422051357
Sul,Total,Indígena,15 a 19 anos,7487.0,142.0,7629.0,1.8613186525101588
Sul,Total,Indígena,20 a 24 anos,8477.0,219.0,8696.0,2.518399264029439
Sul,Total,Indígena,25 a 34 anos,12893.0,496.0,13389.0,3.704533572335499
Sul,Total,Indígena,35 a 44 anos,9554.0,892.0,10446.0,8.539153743059543
Sul,Total,Indígena,45 a 54 anos,6520.0,1243.0,7763.0,16.011851088496716
Sul,Total,Indígena,55 a 64 anos,4692.0,1256.0,5948.0,21.116341627437794
Sul,Total,Indígena,65 anos ou mais,3486.0,2057.0,5543.0,37.10986830236334
Sul,Total,Indígena,75 anos ou mais,1094.0,1046.0,2140.0,48.87850467289719
Sul,Total,Indígena,80 anos ou mais,552.0,698.0,1250.0,55.84
Sul,Total,Indígena,Total,53109.0,6305.0,59414.0,10.611976975123708
Sul,Total,Parda,15 a 19 anos,488972.0,5066.0,494038.0,1.0254271938595816
Sul,Total,Parda,20 a 24 anos,552294.0,5431.0,557725.0,0.9737773992559058
Sul,Total,Parda,25 a 34 anos,1085880.0,12392.0,1098272.0,1.1283179394539786
Sul,Total,Parda,35 a 44 anos,982867.0,23498.0,1006365.0,2.3349381188733713
Sul,Total,Parda,45 a 54 anos,784171.0,45324.0,829495.0,5.464047402335156
Sul,Total,Parda,55 a 64 anos,572872.0,66371.0,639243.0,10.382749596006526
Sul,Total,Parda,65 anos ou mais,417580.0,128112.0,545692.0,23.476979688175746
Sul,Total,Parda,75 anos ou mais,122056.0,58916.0,180972.0,32.555312424021395
Sul,Total,Parda,80 anos ou mais,56202.0,33121.0,89323.0,37.08003537722647
Sul,Total,Parda,Total,4884636.0,286194.0,5170830.0,5.534778749253022
Sul,Total,Preta,15 a 19 anos,93670.0,1151.0,94821.0,1.2138661267018909
Sul,Total,Preta,20 a 24 anos,124473.0,1496.0,125969.0,1.1875937730711523
Sul,Total,Preta,25 a 34 anos,273247.0,3780.0,277027.0,1.3644879379988233
Sul,Total,Preta,35 a 44 anos,262558.0,6629.0,269187.0,2.462600348456649
Sul,Total,Preta,45 a 54 anos,201017.0,11447.0,212464.0,5.387736275321937
Sul,Total,Preta,55 a 64 anos,149103.0,17135.0,166238.0,10.307510918081306
Sul,Total,Preta,65 anos ou mais,114315.0,34343.0,148658.0,23.102019400234095
Sul,Total,Preta,75 anos ou mais,34386.0,16346.0,50732.0,32.22029488291413
Sul,Total,Preta,80 anos ou mais,16514.0,9442.0,25956.0,36.37694560024657
Sul,Total,Preta,Total,1218383.0,75981.0,1294364.0,5.870141629402548
Sul,Total,Total,15 a 19 anos,1893285.0,17438.0,1910723.0,0.9126388283388015
Sul,Total,Total,20 a 24 anos,2158121.0,18648.0,2176769.0,0.856682541877434
Sul,Total,Total,25 a 34 anos,4557671.0,40209.0,4597880.0,0.8745117314936448
Sul,Total,Total,35 a 44 anos,4572715.0,64166.0,4636881.0,1.3838181311963798
Sul,Total,Total,45 a 54 anos,3820948.0,116747.0,3937695.0,2.9648563436223476
Sul,Total,Total,55 a 64 anos,3350924.0,176608.0,3527532.0,5.006559827097245
Sul,Total,Total,65 anos ou mais,3216690.0,408519.0,3625209.0,11.268839948262293
Sul,Total,Total,75 anos ou mais,1129448.0,205825.0,1335273.0,15.414450827658463
Sul,Total,Total,80 anos ou mais,576701.0,122025.0,698726.0,17.46392720465533
Sul,Total,Total,Total,23570354.0,842335.0,24412689.0,3.4503982744383466
São Paulo,Homens,Amarela,15 a 19 anos,10883.0,97.0,10980.0,0.883424408014572
São Paulo,Homens,Amarela,20 a 24 anos,12214.0,107.0,12321.0,0.8684360035711387
São Paulo,Homens,Amarela,25 a 34 anos,28576.0,296.0,28872.0,1.0252147409254642
São Paulo,Homens,Amarela,35 a 44 anos,37894.0,403.0,38297.0,1.0523017468731233
São Paulo,Homens,Amarela,45 a 54 anos,34316.0,392.0,34708.0,1.129422611501671
São Paulo,Homens,Amarela,55 a 64 anos,32762.0,368.0,33130.0,1.1107757319649865
São Paulo,Homens,Amarela,65 anos ou mais,59130.0,952.0,60082.0,1.584501181718318
São Paulo,Homens,Amarela,75 anos ou mais,26914.0,591.0,27505.0,2.1487002363206686
São Paulo,Homens,Amarela,80 anos ou mais,14541.0,451.0,14992.0,3.008271077908218
São Paulo,Homens,Amarela,Total,215775.0,2615.0,218390.0,1.1973991483126516
São Paulo,Homens,Branca,15 a 19 anos,761407.0,8177.0,769584.0,1.062522089856338
São Paulo,Homens,Branca,20 a 24 anos,826719.0,7940.0,834659.0,0.9512866931285711
São Paulo,Homens,Branca,25 a 34 anos,1736462.0,16407.0,1752869.0,0.9360083383299036
São Paulo,Homens,Branca,35 a 44 anos,1892313.0,22958.0,1915271.0,1.1986815442827674
São Paulo,Homens,Branca,45 a 54 anos,1559366.0,31757.0,1591123.0,1.9958859245953957
São Paulo,Homens,Branca,55 a 64 anos,1355313.0,37372.0,1392685.0,2.6834495955654005
São Paulo,Homens,Branca,65 anos ou mais,1386309.0,74362.0,1460671.0,5.090947927356674
São Paulo,Homens,Branca,75 anos ou mais,491391.0,38632.0,530023.0,7.288740299949248
São Paulo,Homens,Branca,80 anos ou mais,249983.0,23476.0,273459.0,8.584833558229937
São Paulo,Homens,Branca,Total,9517889.0,198973.0,9716862.0,2.0477084062735478
São Paulo,Homens,Indígena,15 a 19 anos,1573.0,23.0,1596.0,1.4411027568922306
São Paulo,Homens,Indígena,20 a 24 anos,1948.0,24.0,1972.0,1.2170385395537524
São Paulo,Homens,Indígena,25 a 34 anos,4314.0,52.0,4366.0,1.1910215300045808
São Paulo,Homens,Indígena,35 a 44 anos,3978.0,104.0,4082.0,2.547770700636943
São Paulo,Homens,Indígena,45 a 54 anos,3131.0,177.0,3308.0,5.350665054413542
São Paulo,Homens,Indígena,55 a 64 anos,2197.0,202.0,2399.0,8.420175072947062
São Paulo,Homens,Indígena,65 anos ou mais,1878.0,270.0,2148.0,12.569832402234638
São Paulo,Homens,Indígena,75 anos ou mais,582.0,135.0,717.0,18.828451882845187
São Paulo,Homens,Indígena,80 anos ou mais,256.0,72.0,328.0,21.951219512195124
São Paulo,Homens,Indígena,Total,19019.0,852.0,19871.0,4.287655377182829
São Paulo,Homens,Parda,15 a 19 anos,548712.0,7431.0,556143.0,1.336167136869474
São Paulo,Homens,Parda,20 a 24 anos,610486.0,7921.0,618407.0,1.280871658955995
São Paulo,Homens,Parda,25 a 34 anos,1181191.0,18332.0,1199523.0,1.528274155643535
São Paulo,Homens,Parda,35 a 44 anos,1192737.0,29702.0,1222439.0,2.429732690138322
São Paulo,Homens,Parda,45 a 54 anos,922411.0,44365.0,966776.0,4.5889637309987
São Paulo,Homens,Parda,55 a 64 anos,643845.0,48681.0,692526.0,7.029483369577461
São Paulo,Homens,Parda,65 anos ou mais,478379.0,74663.0,553042.0,13.500421306157579
São Paulo,Homens,Parda,75 anos ou mais,131067.0,33018.0,164085.0,20.122497486059054
São Paulo,Homens,Parda,80 anos ou mais,58951.0,18416.0,77367.0,23.80343040314346
São Paulo,Homens,Parda,Total,5577761.0,231095.0,5808856.0,3.978322065480707
São Paulo,Homens,Preta,15 a 19 anos,120818.0,1667.0,122485.0,1.36098297750745
São Paulo,Homens,Preta,20 a 24 anos,157287.0,1956.0,159243.0,1.2283114485409092
São Paulo,Homens,Preta,25 a 34 anos,332600.0,4909.0,337509.0,1.4544797323923215
São Paulo,Homens,Preta,35 a 44 anos,338623.0,9027.0,347650.0,2.5965770171149143
São Paulo,Homens,Preta,45 a 54 anos,252873.0,13240.0,266113.0,4.975330028972654
São Paulo,Homens,Preta,55 a 64 anos,168491.0,14576.0,183067.0,7.962112232133591
São Paulo,Homens,Preta,65 anos ou mais,123677.0,23042.0,146719.0,15.70485076915737
São Paulo,Homens,Preta,75 anos ou mais,35400.0,10295.0,45695.0,22.52981726665937
São Paulo,Homens,Preta,80 anos ou mais,16675.0,5831.0,22506.0,25.90864658313339
São Paulo,Homens,Preta,Total,1494369.0,68417.0,1562786.0,4.377886671623625
São Paulo,Homens,Total,15 a 19 anos,1443458.0,17395.0,1460853.0,1.1907426688380007
São Paulo,Homens,Total,20 a 24 anos,1608793.0,17952.0,1626745.0,1.1035534149482555
São Paulo,Homens,Total,25 a 34 anos,3283408.0,40001.0,3323409.0,1.2036135185287156
São Paulo,Homens,Total,35 a 44 anos,3465812.0,62198.0,3528010.0,1.7629768623104811
São Paulo,Homens,Total,45 a 54 anos,2772259.0,89932.0,2862191.0,3.142068436383176
São Paulo,Homens,Total,55 a 64 anos,2202726.0,101205.0,2303931.0,4.392709677503363
São Paulo,Homens,Total,65 anos ou mais,2049460.0,173296.0,2222756.0,7.796447293360136
São Paulo,Homens,Total,75 anos ou mais,685382.0,82675.0,768057.0,10.764175054715992
São Paulo,Homens,Total,80 anos ou mais,340421.0,48249.0,388670.0,12.413872951346901
São Paulo,Homens,Total,Total,16825916.0,501979.0,17327895.0,2.8969416077371197
São Paulo,Mulheres,Amarela,15 a 19 anos,10797.0,61.0,10858.0,0.5617977528089888
São Paulo,Mulheres,Amarela,20 a 24 anos,12634.0,83.0,12717.0,0.652669654792797
São Paulo,Mulheres,Amarela,25 a 34 anos,28873.0,242.0,29115.0,0.831186673535978
São Paulo,Mulheres,Amarela,35 a 44 anos,39538.0,357.0,39895.0,0.8948489785687429
São Paulo,Mulheres,Amarela,45 a 54 anos,36308.0,405.0,36713.0,1.103151472230545
São Paulo,Mulheres,Amarela,55 a 64 anos,37235.0,412.0,37647.0,1.0943767099636093
São Paulo,Mulheres,Amarela,65 anos ou mais,75045.0,1841.0,76886.0,2.3944541268891606
São Paulo,Mulheres,Amarela,75 anos ou mais,36622.0,1400.0,38022.0,3.6820787964862447
São Paulo,Mulheres,Amarela,80 anos ou mais,21082.0,1171.0,22253.0,5.2622118366063
São Paulo,Mulheres,Amarela,Total,240430.0,3401.0,243831.0,1.3948185423510546
São Paulo,Mulheres,Branca,15 a 19 anos,762101.0,4859.0,766960.0,0.6335402107019923
São Paulo,Mulheres,Branca,20 a 24 anos,855130.0,5274.0,860404.0,0.6129678616091976
São Paulo,Mulheres,Branca,25 a 34 anos,1877818.0,10741.0,1888559.0,0.5687405053270774
São Paulo,Mulheres,Branca,35 a 44 anos,2155866.0,16708.0,2172574.0,0.7690416989248698
São Paulo,Mulheres,Branca,45 a 54 anos,1831538.0,30574.0,1862112.0,1.6418990909247133
São Paulo,Mulheres,Branca,55 a 64 anos,1647407.0,47541.0,1694948.0,2.8048648100118707
São Paulo,Mulheres,Branca,65 anos ou mais,1923335.0,163808.0,2087143.0,7.84843204322847
São Paulo,Mulheres,Branca,75 anos ou mais,772692.0,98975.0,871667.0,11.35468017029439
São Paulo,Mulheres,Branca,80 anos ou mais,434261.0,66033.0,500294.0,13.19883908261942
São Paulo,Mulheres,Branca,Total,11053195.0,279505.0,11332700.0,2.466358414146673
São Paulo,Mulheres,Indígena,15 a 19 anos,1529.0,25.0,1554.0,1.6087516087516087
São Paulo,Mulheres,Indígena,20 a 24 anos,2063.0,34.0,2097.0,1.6213638531235097
São Paulo,Mulheres,Indígena,25 a 34 anos,4367.0,68.0,4435.0,1.5332581736189403
São Paulo,Mulheres,Indígena,35 a 44 anos,4208.0,141.0,4349.0,3.2421246263508854
São Paulo,Mulheres,Indígena,45 a 54 anos,3406.0,199.0,3605.0,5.520110957004161
São Paulo,Mulheres,Indígena,55 a 64 anos,2845.0,292.0,3137.0,9.308256295824036
São Paulo,Mulheres,Indígena,65 anos ou mais,2735.0,717.0,3452.0,20.770567786790266
São Paulo,Mulheres,Indígena,75 anos ou mais,925.0,382.0,1307.0,29.227237949502676
São Paulo,Mulheres,Indígena,80 anos ou mais,477.0,249.0,726.0,34.29752066115703
São Paulo,Mulheres,Indígena,Total,21153.0,1476.0,22629.0,6.522603738565557
São Paulo,Mulheres,Parda,15 a 19 anos,506435.0,3807.0,510242.0,0.7461165486181067
São Paulo,Mulheres,Parda,20 a 24 anos,567866.0,4307.0,572173.0,0.7527443622820371
São Paulo,Mulheres,Parda,25 a 34 anos,1161154.0,9656.0,1170810.0,0.8247281796363202
São Paulo,Mulheres,Parda,35 a 44 anos,1219024.0,19628.0,1238652.0,1.5846258674752878
São Paulo,Mulheres,Parda,45 a 54 anos,971186.0,40487.0,1011673.0,4.001984831066956
São Paulo,Mulheres,Parda,55 a 64 anos,727171.0,60882.0,788053.0,7.72562251523692
São Paulo,Mulheres,Parda,65 anos ou mais,559594.0,134032.0,693626.0,19.323381764812737
São Paulo,Mulheres,Parda,75 anos ou mais,163473.0,66498.0,229971.0,28.915819820760007
São Paulo,Mulheres,Parda,80 anos ou mais,77735.0,39329.0,117064.0,33.596152531948334
São Paulo,Mulheres,Parda,Total,5712430.0,272799.0,5985229.0,4.557870718062751
São Paulo,Mulheres,Preta,15 a 19 anos,106359.0,756.0,107115.0,0.7057835037109649
São Paulo,Mulheres,Preta,20 a 24 anos,135731.0,885.0,136616.0,0.6478011360309187
São Paulo,Mulheres,Preta,25 a 34 anos,290564.0,2313.0,292877.0,0.789751329056225
São Paulo,Mulheres,Preta,35 a 44 anos,315600.0,4747.0,320347.0,1.4818306398998586
São Paulo,Mulheres,Preta,45 a 54 anos,249512.0,10293.0,259805.0,3.961817516983892
São Paulo,Mulheres,Preta,55 a 64 anos,188488.0,16315.0,204803.0,7.966191901485818
São Paulo,Mulheres,Preta,65 anos ou mais,162250.0,38925.0,201175.0,19.348825649310303
São Paulo,Mulheres,Preta,75 anos ou mais,51621.0,19849.0,71470.0,27.772491954666297
São Paulo,Mulheres,Preta,80 anos ou mais,26224.0,12083.0,38307.0,31.542537917351922
São Paulo,Mulheres,Preta,Total,1448504.0,74234.0,1522738.0,4.875034313191107
São Paulo,Mulheres,Total,15 a 19 anos,1387308.0,9508.0,1396816.0,0.680690942829979
São Paulo,Mulheres,Total,20 a 24 anos,1573508.0,10583.0,1584091.0,0.6680803059925219
São Paulo,Mulheres,Total,25 a 34 anos,3362979.0,23021.0,3386000.0,0.6798877731836975
São Paulo,Mulheres,Total,35 a 44 anos,3734436.0,41585.0,3776021.0,1.1012915447239302
São Paulo,Mulheres,Total,45 a 54 anos,3092133.0,81961.0,3174094.0,2.5821856567574875
São Paulo,Mulheres,Total,55 a 64 anos,2603279.0,125449.0,2728728.0,4.597343524162174
São Paulo,Mulheres,Total,65 anos ou mais,2723095.0,339335.0,3062430.0,11.080579801007696
São Paulo,Mulheres,Total,75 anos ou mais,1025385.0,187111.0,1212496.0,15.431885960860903
São Paulo,Mulheres,Total,80 anos ou mais,559818.0,118868.0,678686.0,17.51443230006218
São Paulo,Mulheres,Total,Total,18476738.0,631442.0,19108180.0,3.304563804611428
São Paulo,Total,Amarela,15 a 19 anos,21680.0,158.0,21838.0,0.7235094788900083
São Paulo,Total,Amarela,20 a 24 anos,24848.0,190.0,25038.0,0.7588465532390766
São Paulo,Total,Amarela,25 a 34 anos,57449.0,538.0,57987.0,0.9277941607601705
São Paulo,Total,Amarela,35 a 44 anos,77432.0,760.0,78192.0,0.9719664415797012
São Paulo,Total,Amarela,45 a 54 anos,70624.0,797.0,71421.0,1.1159182873384579
São Paulo,Total,Amarela,55 a 64 anos,69997.0,780.0,70777.0,1.1020529267982537
São Paulo,Total,Amarela,65 anos ou mais,134175.0,2793.0,136968.0,2.0391624321009285
São Paulo,Total,Amarela,75 anos ou mais,63536.0,1991.0,65527.0,3.0384421688769514
São Paulo,Total,Amarela,80 anos ou mais,35623.0,1622.0,37245.0,4.35494697274802
São Paulo,Total,Amarela,Total,456205.0,6016.0,462221.0,1.3015419031156092
São Paulo,Total,Branca,15 a 19 anos,1523508.0,13036.0,1536544.0,0.8483974425724223
São Paulo,Total,Branca,20 a 24 anos,1681849.0,13214.0,1695063.0,0.7795580459251367
São Paulo,Total,Branca,25 a 34 anos,3614280.0,27148.0,3641428.0,0.7455316980041896
São Paulo,Total,Branca,35 a 44 anos,4048179.0,39666.0,4087845.0,0.9703401180817766
São Paulo,Total,Branca,45 a 54 anos,3390904.0,62331.0,3453235.0,1.805003134741771
São Paulo,Total,Branca,55 a 64 anos,3002720.0,84913.0,3087633.0,2.7501001576288377
São Paulo,Total,Branca,65 anos ou mais,3309644.0,238170.0,3547814.0,6.713147870773383
São Paulo,Total,Branca,75 anos ou mais,1264083.0,137607.0,1401690.0,9.817220640797894
São Paulo,Total,Branca,80 anos ou mais,684244.0,89509.0,773753.0,11.568161932813185
São Paulo,Total,Branca,Total,20571084.0,478478.0,21049562.0,2.2731019296268493
São Paulo,Total,Indígena,15 a 19 anos,3102.0,48.0,3150.0,1.5238095238095237
São Paulo,Total,Indígena,20 a 24 anos,4011.0,58.0,4069.0,1.4254116490538216
São Paulo,Total,Indígena,25 a 34 anos,8681.0,120.0,8801.0,1.3634814225656176
São Paulo,Total,Indígena,35 a 44 anos,8186.0,245.0,8431.0,2.9059423555924564
São Paulo,Total,Indígena,45 a 54 anos,6537.0,376.0,6913.0,5.439027918414581
São Paulo,Total,Indígena,55 a 64 anos,5042.0,494.0,5536.0,8.923410404624278
São Paulo,Total,Indígena,65 anos ou mais,4613.0,987.0,5600.0,17.625
São Paulo,Total,Indígena,75 anos ou mais,1507.0,517.0,2024.0,25.543478260869566
São Paulo,Total,Indígena,80 anos ou mais,733.0,321.0,1054.0,30.45540796963947
São Paulo,Total,Indígena,Total,40172.0,2328.0,42500.0,5.477647058823529
São Paulo,Total,Parda,15 a 19 anos,1055147.0,11238.0,1066385.0,1.0538407798309242
São Paulo,Total,Parda,20 a 24 anos,1178352.0,12228.0,1190580.0,1.0270624401552184
São Paulo,Total,Parda,25 a 34 anos,2342345.0,27988.0,2370333.0,1.180762365456668
São Paulo,Total,Parda,35 a 44 anos,2411761.0,49330.0,2461091.0,2.0043956115397603
São Paulo,Total,Parda,45 a 54 anos,1893597.0,84852.0,1978449.0,4.28881411651248
São Paulo,Total,Parda,55 a 64 anos,1371016.0,109563.0,1480579.0,7.400010401336234
São Paulo,Total,Parda,65 anos ou mais,1037973.0,208695.0,1246668.0,16.74022273772969
São Paulo,Total,Parda,75 anos ou mais,294540.0,99516.0,394056.0,25.254278579694255
São Paulo,Total,Parda,80 anos ou mais,136686.0,57745.0,194431.0,29.699482078475143
São Paulo,Total,Parda,Total,11290191.0,503894.0,11794085.0,4.272429781538797
São Paulo,Total,Preta,15 a 19 anos,227177.0,2423.0,229600.0,1.0553135888501743
São Paulo,Total,Preta,20 a 24 anos,293018.0,2841.0,295859.0,0.9602547159288716
São Paulo,Total,Preta,25 a 34 anos,623164.0,7222.0,630386.0,1.1456472700853129
São Paulo,Total,Preta,35 a 44 anos,654223.0,13774.0,667997.0,2.061985308317253
São Paulo,Total,Preta,45 a 54 anos,502385.0,23533.0,525918.0,4.474651941937716
São Paulo,Total,Preta,55 a 64 anos,356979.0,30891.0,387870.0,7.964266377910125
São Paulo,Total,Preta,65 anos ou mais,285927.0,61967.0,347894.0,17.81203470022478
São Paulo,Total,Preta,75 anos ou mais,87021.0,30144.0,117165.0,25.727819741390345
São Paulo,Total,Preta,80 anos ou mais,42899.0,17914.0,60813.0,29.457517307154717
São Paulo,Total,Preta,Total,2942873.0,142651.0,3085524.0,4.623234173514774
São Paulo,Total,Total,15 a 19 anos,2830766.0,26903.0,2857669.0,0.9414316353643476
São Paulo,Total,Total,20 a 24 anos,3182301.0,28535.0,3210836.0,0.8887093579366869
São Paulo,Total,Total,25 a 34 anos,6646387.0,63022.0,6709409.0,0.9393077691343603
São Paulo,Total,Total,35 a 44 anos,7200248.0,103783.0,7304031.0,1.4209003220276584
São Paulo,Total,Total,45 a 54 anos,5864392.0,171893.0,6036285.0,2.8476620968029174
São Paulo,Total,Total,55 a 64 anos,4806005.0,226654.0,5032659.0,4.503662974185217
São Paulo,Total,Total,65 anos ou mais,4772555.0,512631.0,5285186.0,9.69939373940671
São Paulo,Total,Total,75 anos ou mais,1710767.0,269786.0,1980553.0,13.621751096789634
São Paulo,Total,Total,80 anos ou mais,900239.0,167117.0,1067356.0,15.657100348899524
São Paulo,Total,Total,Total,35302654.0,1133421.0,36436075.0,3.1107110192302545
Tocantins,Homens,Amarela,15 a 19 anos,110.0,2.0,112.0,1.7857142857142856
Tocantins,Homens,Amarela,20 a 24 anos,106.0,4.0,110.0,3.6363636363636362
Tocantins,Homens,Amarela,25 a 34 anos,261.0,3.0,264.0,1.1363636363636365
Tocantins,Homens,Amarela,35 a 44 anos,216.0,6.0,222.0,2.7027027027027026
Tocantins,Homens,Amarela,45 a 54 anos,165.0,16.0,181.0,8.83977900552486
Tocantins,Homens,Amarela,55 a 64 anos,124.0,12.0,136.0,8.823529411764707
Tocantins,Homens,Amarela,65 anos ou mais,138.0,36.0,174.0,20.689655172413794
Tocantins,Homens,Amarela,75 anos ou mais,53.0,13.0,66.0,19.696969696969695
Tocantins,Homens,Amarela,80 anos ou mais,22.0,6.0,28.0,21.428571428571427
Tocantins,Homens,Amarela,Total,1120.0,79.0,1199.0,6.58882402001668
Tocantins,Homens,Branca,15 a 19 anos,13108.0,191.0,13299.0,1.4361982103917588
Tocantins,Homens,Branca,20 a 24 anos,12849.0,191.0,13040.0,1.4647239263803682
Tocantins,Homens,Branca,25 a 34 anos,23559.0,458.0,24017.0,1.906982554024233
Tocantins,Homens,Branca,35 a 44 anos,24212.0,966.0,25178.0,3.836682818333466
Tocantins,Homens,Branca,45 a 54 anos,19409.0,1539.0,20948.0,7.346763414168417
Tocantins,Homens,Branca,55 a 64 anos,14712.0,1842.0,16554.0,11.127220007249003
Tocantins,Homens,Branca,65 anos ou mais,13649.0,4148.0,17797.0,23.307298982974658
Tocantins,Homens,Branca,75 anos ou mais,4851.0,2166.0,7017.0,30.867892261650276
Tocantins,Homens,Branca,80 anos ou mais,2514.0,1325.0,3839.0,34.51419640531388
Tocantins,Homens,Branca,Total,121498.0,9335.0,130833.0,7.13505002560516
Tocantins,Homens,Indígena,15 a 19 anos,969.0,37.0,1006.0,3.6779324055666
Tocantins,Homens,Indígena,20 a 24 anos,848.0,43.0,891.0,4.8260381593714925
Tocantins,Homens,Indígena,25 a 34 anos,1294.0,63.0,1357.0,4.642593957258659
Tocantins,Homens,Indígena,35 a 44 anos,814.0,96.0,910.0,10.54945054945055
Tocantins,Homens,Indígena,45 a 54 anos,514.0,84.0,598.0,14.046822742474916
Tocantins,Homens,Indígena,55 a 64 anos,268.0,99.0,367.0,26.975476839237057
Tocantins,Homens,Indígena,65 anos ou mais,220.0,178.0,398.0,44.72361809045226
Tocantins,Homens,Indígena,75 anos ou mais,71.0,103.0,174.0,59.195402298850574
Tocantins,Homens,Indígena,80 anos ou mais,32.0,70.0,102.0,68.62745098039215
Tocantins,Homens,Indígena,Total,4927.0,600.0,5527.0,10.85579880586213
Tocantins,Homens,Parda,15 a 19 anos,40181.0,713.0,40894.0,1.7435320584926886
Tocantins,Homens,Parda,20 a 24 anos,37905.0,607.0,38512.0,1.576132114665559
Tocantins,Homens,Parda,25 a 34 anos,68195.0,1847.0,70042.0,2.6369892350304105
Tocantins,Homens,Parda,35 a 44 anos,66740.0,4138.0,70878.0,5.838200852168515
Tocantins,Homens,Parda,45 a 54 anos,47730.0,6558.0,54288.0,12.08001768346596
Tocantins,Homens,Parda,55 a 64 anos,30453.0,7739.0,38192.0,20.26340594888982
Tocantins,Homens,Parda,65 anos ou mais,23296.0,13176.0,36472.0,36.126343496380784
Tocantins,Homens,Parda,75 anos ou mais,7402.0,6200.0,13602.0,45.581532127628286
Tocantins,Homens,Parda,80 anos ou mais,3742.0,3487.0,7229.0,48.23627057684327
Tocantins,Homens,Parda,Total,314500.0,34778.0,349278.0,9.957111527207555
Tocantins,Homens,Preta,15 a 19 anos,7885.0,173.0,8058.0,2.146934723256391
Tocantins,Homens,Preta,20 a 24 anos,9146.0,201.0,9347.0,2.1504225954851823
Tocantins,Homens,Preta,25 a 34 anos,17831.0,543.0,18374.0,2.9552628714487863
Tocantins,Homens,Preta,35 a 44 anos,17202.0,1558.0,18760.0,8.304904051172707
Tocantins,Homens,Preta,45 a 54 anos,12379.0,2588.0,14967.0,17.291374356918553
Tocantins,Homens,Preta,55 a 64 anos,7484.0,3092.0,10576.0,29.23600605143722
Tocantins,Homens,Preta,65 anos ou mais,5411.0,5555.0,10966.0,50.65657486777312
Tocantins,Homens,Preta,75 anos ou mais,1762.0,2596.0,4358.0,59.56860945387793
Tocantins,Homens,Preta,80 anos ou mais,879.0,1451.0,2330.0,62.274678111587974
Tocantins,Homens,Preta,Total,77338.0,13710.0,91048.0,15.057991389157369
Tocantins,Homens,Total,15 a 19 anos,62254.0,1116.0,63370.0,1.7610856872337068
Tocantins,Homens,Total,20 a 24 anos,60858.0,1046.0,61904.0,1.689713104161282
Tocantins,Homens,Total,25 a 34 anos,111144.0,2914.0,114058.0,2.5548405197355732
Tocantins,Homens,Total,35 a 44 anos,109188.0,6765.0,115953.0,5.834260433106517
Tocantins,Homens,Total,45 a 54 anos,80199.0,10786.0,90985.0,11.85470132439413
Tocantins,Homens,Total,55 a 64 anos,53046.0,12786.0,65832.0,19.422165512212906
Tocantins,Homens,Total,65 anos ou mais,42717.0,23093.0,65810.0,35.09041179152105
Tocantins,Homens,Total,75 anos ou mais,14140.0,11078.0,25218.0,43.9289396462844
Tocantins,Homens,Total,80 anos ou mais,7189.0,6339.0,13528.0,46.85836782968658
Tocantins,Homens,Total,Total,519406.0,58506.0,577912.0,10.123686651254863
Tocantins,Mulheres,Amarela,15 a 19 anos,166.0,0.0,166.0,0.0
Tocantins,Mulheres,Amarela,20 a 24 anos,196.0,0.0,196.0,0.0
Tocantins,Mulheres,Amarela,25 a 34 anos,321.0,7.0,328.0,2.1341463414634148
Tocantins,Mulheres,Amarela,35 a 44 anos,347.0,7.0,354.0,1.977401129943503
Tocantins,Mulheres,Amarela,45 a 54 anos,234.0,14.0,248.0,5.64516129032258
Tocantins,Mulheres,Amarela,55 a 64 anos,147.0,26.0,173.0,15.028901734104046
Tocantins,Mulheres,Amarela,65 anos ou mais,141.0,37.0,178.0,20.786516853932586
Tocantins,Mulheres,Amarela,75 anos ou mais,45.0,22.0,67.0,32.83582089552239
Tocantins,Mulheres,Amarela,80 anos ou mais,21.0,11.0,32.0,34.375
Tocantins,Mulheres,Amarela,Total,1552.0,91.0,1643.0,5.538648813146683
Tocantins,Mulheres,Branca,15 a 19 anos,13852.0,127.0,13979.0,0.9085056155662065
Tocantins,Mulheres,Branca,20 a 24 anos,13326.0,134.0,13460.0,0.9955423476968795
Tocantins,Mulheres,Branca,25 a 34 anos,25148.0,277.0,25425.0,1.089478859390364
Tocantins,Mulheres,Branca,35 a 44 anos,26569.0,587.0,27156.0,2.1615849167771395
Tocantins,Mulheres,Branca,45 a 54 anos,20827.0,1017.0,21844.0,4.655740706830251
Tocantins,Mulheres,Branca,55 a 64 anos,14718.0,1477.0,16195.0,9.120098795924667
Tocantins,Mulheres,Branca,65 anos ou mais,13793.0,4290.0,18083.0,23.72393961179008
Tocantins,Mulheres,Branca,75 anos ou mais,5299.0,2444.0,7743.0,31.563993284256746
Tocantins,Mulheres,Branca,80 anos ou mais,2833.0,1509.0,4342.0,34.7535697835099
Tocantins,Mulheres,Branca,Total,128233.0,7909.0,136142.0,5.80937550498744
Tocantins,Mulheres,Indígena,15 a 19 anos,1022.0,36.0,1058.0,3.402646502835539
Tocantins,Mulheres,Indígena,20 a 24 anos,837.0,46.0,883.0,5.209513023782559
Tocantins,Mulheres,Indígena,25 a 34 anos,1152.0,124.0,1276.0,9.717868338557993
Tocantins,Mulheres,Indígena,35 a 44 anos,696.0,239.0,935.0,25.56149732620321
Tocantins,Mulheres,Indígena,45 a 54 anos,409.0,200.0,609.0,32.84072249589491
Tocantins,Mulheres,Indígena,55 a 64 anos,213.0,185.0,398.0,46.482412060301506
Tocantins,Mulheres,Indígena,65 anos ou mais,162.0,304.0,466.0,65.23605150214593
Tocantins,Mulheres,Indígena,75 anos ou mais,52.0,185.0,237.0,78.05907172995781
Tocantins,Mulheres,Indígena,80 anos ou mais,25.0,110.0,135.0,81.48148148148148
Tocantins,Mulheres,Indígena,Total,4491.0,1134.0,5625.0,20.16
Tocantins,Mulheres,Parda,15 a 19 anos,39425.0,354.0,39779.0,0.8899167902662208
Tocantins,Mulheres,Parda,20 a 24 anos,38629.0,333.0,38962.0,0.8546789179200246
Tocantins,Mulheres,Parda,25 a 34 anos,74945.0,1000.0,75945.0,1.3167423793534794
Tocantins,Mulheres,Parda,35 a 44 anos,72564.0,2557.0,75121.0,3.403841801892946
Tocantins,Mulheres,Parda,45 a 54 anos,51930.0,4386.0,56316.0,7.788195184317067
Tocantins,Mulheres,Parda,55 a 64 anos,33440.0,6431.0,39871.0,16.12951769456497
Tocantins,Mulheres,Parda,65 anos ou mais,23465.0,13039.0,36504.0,35.71937321937322
Tocantins,Mulheres,Parda,75 anos ou mais,7159.0,6408.0,13567.0,47.23225473575588
Tocantins,Mulheres,Parda,80 anos ou mais,3634.0,3819.0,7453.0,51.24111096202871
Tocantins,Mulheres,Parda,Total,334398.0,28100.0,362498.0,7.751766906300173
Tocantins,Mulheres,Preta,15 a 19 anos,6950.0,70.0,7020.0,0.9971509971509971
Tocantins,Mulheres,Preta,20 a 24 anos,7988.0,77.0,8065.0,0.9547427154370738
Tocantins,Mulheres,Preta,25 a 34 anos,15259.0,223.0,15482.0,1.4403823795375275
Tocantins,Mulheres,Preta,35 a 44 anos,14766.0,710.0,15476.0,4.587748772292581
Tocantins,Mulheres,Preta,45 a 54 anos,10633.0,1421.0,12054.0,11.788617886178862
Tocantins,Mulheres,Preta,55 a 64 anos,6868.0,2249.0,9117.0,24.66820225951519
Tocantins,Mulheres,Preta,65 anos ou mais,4772.0,4649.0,9421.0,49.347203057000314
Tocantins,Mulheres,Preta,75 anos ou mais,1398.0,2251.0,3649.0,61.688133735269936
Tocantins,Mulheres,Preta,80 anos ou mais,682.0,1303.0,1985.0,65.64231738035264
Tocantins,Mulheres,Preta,Total,67236.0,9399.0,76635.0,12.264631043256998
Tocantins,Mulheres,Total,15 a 19 anos,61416.0,587.0,62003.0,0.9467283841104462
Tocantins,Mulheres,Total,20 a 24 anos,60977.0,590.0,61567.0,0.9583055857845925
Tocantins,Mulheres,Total,25 a 34 anos,116831.0,1631.0,118462.0,1.376812817612399
Tocantins,Mulheres,Total,35 a 44 anos,114945.0,4100.0,119045.0,3.444075769666933
Tocantins,Mulheres,Total,45 a 54 anos,84037.0,7039.0,91076.0,7.728710088277922
Tocantins,Mulheres,Total,55 a 64 anos,55387.0,10368.0,65755.0,15.767622234050643
Tocantins,Mulheres,Total,65 anos ou mais,42335.0,22319.0,64654.0,34.52067930831812
Tocantins,Mulheres,Total,75 anos ou mais,13954.0,11310.0,25264.0,44.76725775807473
Tocantins,Mulheres,Total,80 anos ou mais,7195.0,6752.0,13947.0,48.41184484118448
Tocantins,Mulheres,Total,Total,535928.0,46634.0,582562.0,8.004984877146123
Tocantins,Total,Amarela,15 a 19 anos,276.0,2.0,278.0,0.7194244604316548
Tocantins,Total,Amarela,20 a 24 anos,302.0,4.0,306.0,1.3071895424836601
Tocantins,Total,Amarela,25 a 34 anos,582.0,10.0,592.0,1.6891891891891893
Tocantins,Total,Amarela,35 a 44 anos,563.0,13.0,576.0,2.256944444444444
Tocantins,Total,Amarela,45 a 54 anos,399.0,30.0,429.0,6.993006993006993
Tocantins,Total,Amarela,55 a 64 anos,271.0,38.0,309.0,12.297734627831716
Tocantins,Total,Amarela,65 anos ou mais,279.0,73.0,352.0,20.738636363636363
Tocantins,Total,Amarela,75 anos ou mais,98.0,35.0,133.0,26.31578947368421
Tocantins,Total,Amarela,80 anos ou mais,43.0,17.0,60.0,28.333333333333332
Tocantins,Total,Amarela,Total,2672.0,170.0,2842.0,5.9817030260380015
Tocantins,Total,Branca,15 a 19 anos,26960.0,318.0,27278.0,1.165774616907398
Tocantins,Total,Branca,20 a 24 anos,26175.0,325.0,26500.0,1.2264150943396228
Tocantins,Total,Branca,25 a 34 anos,48707.0,735.0,49442.0,1.4865903482868816
Tocantins,Total,Branca,35 a 44 anos,50781.0,1553.0,52334.0,2.967478121297818
Tocantins,Total,Branca,45 a 54 anos,40236.0,2556.0,42792.0,5.973079080201907
Tocantins,Total,Branca,55 a 64 anos,29430.0,3319.0,32749.0,10.134660600323674
Tocantins,Total,Branca,65 anos ou mais,27442.0,8438.0,35880.0,23.51727982162765
Tocantins,Total,Branca,75 anos ou mais,10150.0,4610.0,14760.0,31.233062330623305
Tocantins,Total,Branca,80 anos ou mais,5347.0,2834.0,8181.0,34.64124190196797
Tocantins,Total,Branca,Total,249731.0,17244.0,266975.0,6.45903174454537
Tocantins,Total,Indígena,15 a 19 anos,1991.0,73.0,2064.0,3.5368217054263567
Tocantins,Total,Indígena,20 a 24 anos,1685.0,89.0,1774.0,5.016910935738444
Tocantins,Total,Indígena,25 a 34 anos,2446.0,187.0,2633.0,7.102164830991264
Tocantins,Total,Indígena,35 a 44 anos,1510.0,335.0,1845.0,18.157181571815716
Tocantins,Total,Indígena,45 a 54 anos,923.0,284.0,1207.0,23.52941176470588
Tocantins,Total,Indígena,55 a 64 anos,481.0,284.0,765.0,37.12418300653595
Tocantins,Total,Indígena,65 anos ou mais,382.0,482.0,864.0,55.78703703703704
Tocantins,Total,Indígena,75 anos ou mais,123.0,288.0,411.0,70.07299270072993
Tocantins,Total,Indígena,80 anos ou mais,57.0,180.0,237.0,75.9493670886076
Tocantins,Total,Indígena,Total,9418.0,1734.0,11152.0,15.548780487804878
Tocantins,Total,Parda,15 a 19 anos,79606.0,1067.0,80673.0,1.3226234303918287
Tocantins,Total,Parda,20 a 24 anos,76534.0,940.0,77474.0,1.213310271833131
Tocantins,Total,Parda,25 a 34 anos,143140.0,2847.0,145987.0,1.9501736455985808
Tocantins,Total,Parda,35 a 44 anos,139304.0,6695.0,145999.0,4.585647846903061
Tocantins,Total,Parda,45 a 54 anos,99660.0,10944.0,110604.0,9.894759683194097
Tocantins,Total,Parda,55 a 64 anos,63893.0,14170.0,78063.0,18.152005431510446
Tocantins,Total,Parda,65 anos ou mais,46761.0,26215.0,72976.0,35.92276912957685
Tocantins,Total,Parda,75 anos ou mais,14561.0,12608.0,27169.0,46.40583017409548
Tocantins,Total,Parda,80 anos ou mais,7376.0,7306.0,14682.0,49.761612859283474
Tocantins,Total,Parda,Total,648898.0,62878.0,711776.0,8.833958998336556
Tocantins,Total,Preta,15 a 19 anos,14835.0,243.0,15078.0,1.6116195781933944
Tocantins,Total,Preta,20 a 24 anos,17134.0,278.0,17412.0,1.5966000459453251
Tocantins,Total,Preta,25 a 34 anos,33090.0,766.0,33856.0,2.262523629489603
Tocantins,Total,Preta,35 a 44 anos,31968.0,2268.0,34236.0,6.624605678233439
Tocantins,Total,Preta,45 a 54 anos,23012.0,4009.0,27021.0,14.836608563709708
Tocantins,Total,Preta,55 a 64 anos,14352.0,5341.0,19693.0,27.12131214137003
Tocantins,Total,Preta,65 anos ou mais,10183.0,10204.0,20387.0,50.05150340903517
Tocantins,Total,Preta,75 anos ou mais,3160.0,4847.0,8007.0,60.534532284251284
Tocantins,Total,Preta,80 anos ou mais,1561.0,2754.0,4315.0,63.82387022016223
Tocantins,Total,Preta,Total,144574.0,23109.0,167683.0,13.78136125904236
Tocantins,Total,Total,15 a 19 anos,123670.0,1703.0,125373.0,1.3583466934666955
Tocantins,Total,Total,20 a 24 anos,121835.0,1636.0,123471.0,1.3250074916377126
Tocantins,Total,Total,25 a 34 anos,227975.0,4545.0,232520.0,1.9546705659728196
Tocantins,Total,Total,35 a 44 anos,224133.0,10865.0,234998.0,4.6234436037753515
Tocantins,Total,Total,45 a 54 anos,164236.0,17825.0,182061.0,9.790674554132956
Tocantins,Total,Total,55 a 64 anos,108433.0,23154.0,131587.0,17.595963127056624
Tocantins,Total,Total,65 anos ou mais,85052.0,45412.0,130464.0,34.80806965906304
Tocantins,Total,Total,75 anos ou mais,28094.0,22388.0,50482.0,44.3484806465671
Tocantins,Total,Total,80 anos ou mais,14384.0,13091.0,27475.0,47.64695177434031
Tocantins,Total,Total,Total,1055334.0,105140.0,1160474.0,9.060090962830705