Tabela 9542 - Pessoas de 15 anos ou mais de idade, total e as alfabetizadas, por sexo, cor ou raça e grupos de idade;;;;;;;;;;;;;;;;;;;;;;;;;;;;;;;;;;;;;;;;;;;;;;;;;;;;;;;;;;;;;;;;;;;;;;;;;;;;;;;;;;;;;;;;;;;;;;;;;;;;;;;;;;;;;;;;;;;;;;;;;;;;;;;;;;;;;;;;;;;;;;;;;;;;;;;;;;;;;;;;;;;;;;;;;;;;;;;;;;;;;;;;;;;;;;;;;;;;;;;;;;;;;;;;;;;;;;;;;;;;;;;;;;;;;;;;;;;;;;;;;;;;;;;;;;;;;;;;;;;;;;;;;;;;;;;;;;;;;;;;;;;;;;;;;;;;;;;;;;;;;;;;;;;;;;;;;;;;;;;;;;;;;;;;;;;;;;;;;;;;;;;;;;;;;;;;;;;;;;;;;;;;;;;;;;;;;;;;;;;;;;;;;;;;;;;;;;;;;;;;;;;;;;;;;;;;;;;;;;;;;;;;;;;;;;;;;;;;;;;;;;;;;;;;;;;;;;;;;;;;;;;;;;;;;;;;;;;;;;;;;;;;;;;;;;;;;;;;;;;;;;;;;;;;;;;;;;;;;;;;;;;;;;;;;;;;;;;;;;;;
Variável - Pessoas de 15 anos ou mais de idade (Pessoas);;;;;;;;;;;;;;;;;;;;;;;;;;;;;;;;;;;;;;;;;;;;;;;;;;;;;;;;;;;;;;;;;;;;;;;;;;;;;;;;;;;;;;;;;;;;;;;;;;;;;;;;;;;;;;;;;;;;;;;;;;;;;;;;;;;;;;;;;;;;;;;;;;;;;;;;;;;;;;;;;;;;;;;;;;;;;;;;;;;;;;;;;;;;;;;;;;;;;;;;;;;;;;;;;;;;;;;;;;;;;;;;;;;;;;;;;;;;;;;;;;;;;;;;;;;;;;;;;;;;;;;;;;;;;;;;;;;;;;;;;;;;;;;;;;;;;;;;;;;;;;;;;;;;;;;;;;;;;;;;;;;;;;;;;;;;;;;;;;;;;;;;;;;;;;;;;;;;;;;;;;;;;;;;;;;;;;;;;;;;;;;;;;;;;;;;;;;;;;;;;;;;;;;;;;;;;;;;;;;;;;;;;;;;;;;;;;;;;;;;;;;;;;;;;;;;;;;;;;;;;;;;;;;;;;;;;;;;;;;;;;;;;;;;;;;;;;;;;;;;;;;;;;;;;;;;;;;;;;;;;;;;;;;;;;;;;;;;;;;;
Brasil, Grande Região e Unidade da Federação;Ano x Sexo x Cor ou raça x Idade x Alfabetização;;;;;;;;;;;;;;;;;;;;;;;;;;;;;;;;;;;;;;;;;;;;;;;;;;;;;;;;;;;;;;;;;;;;;;;;;;;;;;;;;;;;;;;;;;;;;;;;;;;;;;;;;;;;;;;;;;;;;;;;;;;;;;;;;;;;;;;;;;;;;;;;;;;;;;;;;;;;;;;;;;;;;;;;;;;;;;;;;;;;;;;;;;;;;;;;;;;;;;;;;;;;;;;;;;;;;;;;;;;;;;;;;;;;;;;;;;;;;;;;;;;;;;;;;;;;;;;;;;;;;;;;;;;;;;;;;;;;;;;;;;;;;;;;;;;;;;;;;;;;;;;;;;;;;;;;;;;;;;;;;;;;;;;;;;;;;;;;;;;;;;;;;;;;;;;;;;;;;;;;;;;;;;;;;;;;;;;;;;;;;;;;;;;;;;;;;;;;;;;;;;;;;;;;;;;;;;;;;;;;;;;;;;;;;;;;;;;;;;;;;;;;;;;;;;;;;;;;;;;;;;;;;;;;;;;;;;;;;;;;;;;;;;;;;;;;;;;;;;;;;;;;;;;;;;;;;;;;;;;;;;;;;;;;;;;;;;;;;;;
;2022;;;;;;;;;;;;;;;;;;;;;;;;;;;;;;;;;;;;;;;;;;;;;;;;;;;;;;;;;;;;;;;;;;;;;;;;;;;;;;;;;;;;;;;;;;;;;;;;;;;;;;;;;;;;;;;;;;;;;;;;;;;;;;;;;;;;;;;;;;;;;;;;;;;;;;;;;;;;;;;;;;;;;;;;;;;;;;;;;;;;;;;;;;;;;;;;;;;;;;;;;;;;;;;;;;;;;;;;;;;;;;;;;;;;;;;;;;;;;;;;;;;;;;;;;;;;;;;;;;;;;;;;;;;;;;;;;;;;;;;;;;;;;;;;;;;;;;;;;;;;;;;;;;;;;;;;;;;;;;;;;;;;;;;;;;;;;;;;;;;;;;;;;;;;;;;;;;;;;;;;;;;;;;;;;;;;;;;;;;;;;;;;;;;;;;;;;;;;;;;;;;;;;;;;;;;;;;;;;;;;;;;;;;;;;;;;;;;;;;;;;;;;;;;;;;;;;;;;;;;;;;;;;;;;;;;;;;;;;;;;;;;;;;;;;;;;;;;;;;;;;;;;;;;;;;;;;;;;;;;;;;;;;;;;;;;;;;;;;;;
;Total;;;;;;;;;;;;;;;;;;;;;;;;;;;;;;;;;;;;;;;;;;;;;;;;;;;;;;;;;;;;;;;;;;;;;;;;;;;;;;;;;;;;;;;;;;;;;;;;;;;;;;;;;;;;;;;;;;;;;;;;;;;;;;;;;;;;;;;;;;;;;;;;;;;;;;;;;;;;;;;;;;;;;;;;;;;;;;;;;;;;Homens;;;;;;;;;;;;;;;;;;;;;;;;;;;;;;;;;;;;;;;;;;;;;;;;;;;;;;;;;;;;;;;;;;;;;;;;;;;;;;;;;;;;;;;;;;;;;;;;;;;;;;;;;;;;;;;;;;;;;;;;;;;;;;;;;;;;;;;;;;;;;;;;;;;;;;;;;;;;;;;;;;;;;;;;;;;;;;;;;;;;Mulheres;;;;;;;;;;;;;;;;;;;;;;;;;;;;;;;;;;;;;;;;;;;;;;;;;;;;;;;;;;;;;;;;;;;;;;;;;;;;;;;;;;;;;;;;;;;;;;;;;;;;;;;;;;;;;;;;;;;;;;;;;;;;;;;;;;;;;;;;;;;;;;;;;;;;;;;;;;;;;;;;;;;;;;;;;;;;;;;;;;;
;Total;;;;;;;;;;;;;;;;;;;;;;;;;;;;;;Branca;;;;;;;;;;;;;;;;;;;;;;;;;;;;;;Preta;;;;;;;;;;;;;;;;;;;;;;;;;;;;;;Amarela;;;;;;;;;;;;;;;;;;;;;;;;;;;;;;Parda;;;;;;;;;;;;;;;;;;;;;;;;;;;;;;Indígena;;;;;;;;;;;;;;;;;;;;;;;;;;;;;;Total;;;;;;;;;;;;;;;;;;;;;;;;;;;;;;Branca;;;;;;;;;;;;;;;;;;;;;;;;;;;;;;Preta;;;;;;;;;;;;;;;;;;;;;;;;;;;;;;Amarela;;;;;;;;;;;;;;;;;;;;;;;;;;;;;;Parda;;;;;;;;;;;;;;;;;;;;;;;;;;;;;;Indígena;;;;;;;;;;;;;;;;;;;;;;;;;;;;;;Total;;;;;;;;;;;;;;;;;;;;;;;;;;;;;;Branca;;;;;;;;;;;;;;;;;;;;;;;;;;;;;;Preta;;;;;;;;;;;;;;;;;;;;;;;;;;;;;;Amarela;;;;;;;;;;;;;;;;;;;;;;;;;;;;;;Parda;;;;;;;;;;;;;;;;;;;;;;;;;;;;;;Indígena;;;;;;;;;;;;;;;;;;;;;;;;;;;;;
;Total;;;15 a 19 anos;;;20 a 24 anos;;;25 a 34 anos;;;35 a 44 anos;;;45 a 54 anos;;;55 a 64 anos;;;65 anos ou mais;;;75 anos ou mais;;;80 anos ou mais;;;Total;;;15 a 19 anos;;;20 a 24 anos;;;25 a 34 anos;;;35 a 44 anos;;;45 a 54 anos;;;55 a 64 anos;;;65 anos ou mais;;;75 anos ou mais;;;80 anos ou mais;;;Total;;;15 a 19 anos;;;20 a 24 anos;;;25 a 34 anos;;;35 a 44 anos;;;45 a 54 anos;;;55 a 64 anos;;;65 anos ou mais;;;75 anos ou mais;;;80 anos ou mais;;;Total;;;15 a 19 anos;;;20 a 24 anos;;;25 a 34 anos;;;35 a 44 anos;;;45 a 54 anos;;;55 a 64 anos;;;65 anos ou mais;;;75 anos ou mais;;;80 anos ou mais;;;Total;;;15 a 19 anos;;;20 a 24 anos;;;25 a 34 anos;;;35 a 44 anos;;;45 a 54 anos;;;55 a 64 anos;;;65 anos ou mais;;;75 anos ou mais;;;80 anos ou mais;;;Total;;;15 a 19 anos;;;20 a 24 anos;;;25 a 34 anos;;;35 a 44 anos;;;45 a 54 anos;;;55 a 64 anos;;;65 anos ou mais;;;75 anos ou mais;;;80 anos ou mais;;;Total;;;15 a 19 anos;;;20 a 24 anos;;;25 a 34 anos;;;35 a 44 anos;;;45 a 54 anos;;;55 a 64 anos;;;65 anos ou mais;;;75 anos ou mais;;;80 anos ou mais;;;Total;;;15 a 19 anos;;;20 a 24 anos;;;25 a 34 anos;;;35 a 44 anos;;;45 a 54 anos;;;55 a 64 anos;;;65 anos ou mais;;;75 anos ou mais;;;80 anos ou mais;;;Total;;;15 a 19 anos;;;20 a 24 anos;;;25 a 34 anos;;;35 a 44 anos;;;45 a 54 anos;;;55 a 64 anos;;;65 anos ou mais;;;75 anos ou mais;;;80 anos ou mais;;;Total;;;15 a 19 anos;;;20 a 24 anos;;;25 a 34 anos;;;35 a 44 anos;;;45 a 54 anos;;;55 a 64 anos;;;65 anos ou mais;;;75 anos ou mais;;;80 anos ou mais;;;Total;;;15 a 19 anos;;;20 a 24 anos;;;25 a 34 anos;;;35 a 44 anos;;;45 a 54 anos;;;55 a 64 anos;;;65 anos ou mais;;;75 anos ou mais;;;80 anos ou mais;;;Total;;;15 a 19 anos;;;20 a 24 anos;;;25 a 34 anos;;;35 a 44 anos;;;45 a 54 anos;;;55 a 64 anos;;;65 anos ou mais;;;75 anos ou mais;;;80 anos ou mais;;;Total;;;15 a 19 anos;;;20 a 24 anos;;;25 a 34 anos;;;35 a 44 anos;;;45 a 54 anos;;;55 a 64 anos;;;65 anos ou mais;;;75 anos ou mais;;;80 anos ou mais;;;Total;;;15 a 19 anos;;;20 a 24 anos;;;25 a 34 anos;;;35 a 44 anos;;;45 a 54 anos;;;55 a 64 anos;;;65 anos ou mais;;;75 anos ou mais;;;80 anos ou mais;;;Total;;;15 a 19 anos;;;20 a 24 anos;;;25 a 34 anos;;;35 a 44 anos;;;45 a 54 anos;;;55 a 64 anos;;;65 anos ou mais;;;75 anos ou mais;;;80 anos ou mais;;;Total;;;15 a 19 anos;;;20 a 24 anos;;;25 a 34 anos;;;35 a 44 anos;;;45 a 54 anos;;;55 a 64 anos;;;65 anos ou mais;;;75 anos ou mais;;;80 anos ou mais;;;Total;;;15 a 19 anos;;;20 a 24 anos;;;25 a 34 anos;;;35 a 44 anos;;;45 a 54 anos;;;55 a 64 anos;;;65 anos ou mais;;;75 anos ou mais;;;80 anos ou mais;;;Total;;;15 a 19 anos;;;20 a 24 anos;;;25 a 34 anos;;;35 a 44 anos;;;45 a 54 anos;;;55 a 64 anos;;;65 anos ou mais;;;75 anos ou mais;;;80 anos ou mais;;
;Total;Alfabetizadas;Não alfabetizadas;Total;Alfabetizadas;Não alfabetizadas;Total;Alfabetizadas;Não alfabetizadas;Total;Alfabetizadas;Não alfabetizadas;Total;Alfabetizadas;Não alfabetizadas;Total;Alfabetizadas;Não alfabetizadas;Total;Alfabetizadas;Não alfabetizadas;Total;Alfabetizadas;Não alfabetizadas;Total;Alfabetizadas;Não alfabetizadas;Total;Alfabetizadas;Não alfabetizadas;Total;Alfabetizadas;Não alfabetizadas;Total;Alfabetizadas;Não alfabetizadas;Total;Alfabetizadas;Não alfabetizadas;Total;Alfabetizadas;Não alfabetizadas;Total;Alfabetizadas;Não alfabetizadas;Total;Alfabetizadas;Não alfabetizadas;Total;Alfabetizadas;Não alfabetizadas;Total;Alfabetizadas;Não alfabetizadas;Total;Alfabetizadas;Não alfabetizadas;Total;Alfabetizadas;Não alfabetizadas;Total;Alfabetizadas;Não alfabetizadas;Total;Alfabetizadas;Não alfabetizadas;Total;Alfabetizadas;Não alfabetizadas;Total;Alfabetizadas;Não alfabetizadas;Total;Alfabetizadas;Não alfabetizadas;Total;Alfabetizadas;Não alfabetizadas;Total;Alfabetizadas;Não alfabetizadas;Total;Alfabetizadas;Não alfabetizadas;Total;Alfabetizadas;Não alfabetizadas;Total;Alfabetizadas;Não alfabetizadas;Total;Alfabetizadas;Não alfabetizadas;Total;Alfabetizadas;Não alfabetizadas;Total;Alfabetizadas;Não alfabetizadas;Total;Alfabetizadas;Não alfabetizadas;Total;Alfabetizadas;Não alfabetizadas;Total;Alfabetizadas;Não alfabetizadas;Total;Alfabetizadas;Não alfabetizadas;Total;Alfabetizadas;Não alfabetizadas;Total;Alfabetizadas;Não alfabetizadas;Total;Alfabetizadas;Não alfabetizadas;Total;Alfabetizadas;Não alfabetizadas;Total;Alfabetizadas;Não alfabetizadas;Total;Alfabetizadas;Não alfabetizadas;Total;Alfabetizadas;Não alfabetizadas;Total;Alfabetizadas;Não alfabetizadas;Total;Alfabetizadas;Não alfabetizadas;Total;Alfabetizadas;Não alfabetizadas;Total;Alfabetizadas;Não alfabetizadas;Total;Alfabetizadas;Não alfabetizadas;Total;Alfabetizadas;Não alfabetizadas;Total;Alfabetizadas;Não alfabetizadas;Total;Alfabetizadas;Não alfabetizadas;Total;Alfabetizadas;Não alfabetizadas;Total;Alfabetizadas;Não alfabetizadas;Total;Alfabetizadas;Não alfabetizadas;Total;Alfabetizadas;Não alfabetizadas;Total;Alfabetizadas;Não alfabetizadas;Total;Alfabetizadas;Não alfabetizadas;Total;Alfabetizadas;Não alfabetizadas;Total;Alfabetizadas;Não alfabetizadas;Total;Alfabetizadas;Não alfabetizadas;Total;Alfabetizadas;Não alfabetizadas;Total;Alfabetizadas;Não alfabetizadas;Total;Alfabetizadas;Não alfabetizadas;Total;Alfabetizadas;Não alfabetizadas;Total;Alfabetizadas;Não alfabetizadas;Total;Alfabetizadas;Não alfabetizadas;Total;Alfabetizadas;Não alfabetizadas;Total;Alfabetizadas;Não alfabetizadas;Total;Alfabetizadas;Não alfabetizadas;Total;Alfabetizadas;Não alfabetizadas;Total;Alfabetizadas;Não alfabetizadas;Total;Alfabetizadas;Não alfabetizadas;Total;Alfabetizadas;Não alfabetizadas;Total;Alfabetizadas;Não alfabetizadas;Total;Alfabetizadas;Não alfabetizadas;Total;Alfabetizadas;Não alfabetizadas;Total;Alfabetizadas;Não alfabetizadas;Total;Alfabetizadas;Não alfabetizadas;Total;Alfabetizadas;Não alfabetizadas;Total;Alfabetizadas;Não alfabetizadas;Total;Alfabetizadas;Não alfabetizadas;Total;Alfabetizadas;Não alfabetizadas;Total;Alfabetizadas;Não alfabetizadas;Total;Alfabetizadas;Não alfabetizadas;Total;Alfabetizadas;Não alfabetizadas;Total;Alfabetizadas;Não alfabetizadas;Total;Alfabetizadas;Não alfabetizadas;Total;Alfabetizadas;Não alfabetizadas;Total;Alfabetizadas;Não alfabetizadas;Total;Alfabetizadas;Não alfabetizadas;Total;Alfabetizadas;Não alfabetizadas;Total;Alfabetizadas;Não alfabetizadas;Total;Alfabetizadas;Não alfabetizadas;Total;Alfabetizadas;Não alfabetizadas;Total;Alfabetizadas;Não alfabetizadas;Total;Alfabetizadas;Não alfabetizadas;Total;Alfabetizadas;Não alfabetizadas;Total;Alfabetizadas;Não alfabetizadas;Total;Alfabetizadas;Não alfabetizadas;Total;Alfabetizadas;Não alfabetizadas;Total;Alfabetizadas;Não alfabetizadas;Total;Alfabetizadas;Não alfabetizadas;Total;Alfabetizadas;Não alfabetizadas;Total;Alfabetizadas;Não alfabetizadas;Total;Alfabetizadas;Não alfabetizadas;Total;Alfabetizadas;Não alfabetizadas;Total;Alfabetizadas;Não alfabetizadas;Total;Alfabetizadas;Não alfabetizadas;Total;Alfabetizadas;Não alfabetizadas;Total;Alfabetizadas;Não alfabetizadas;Total;Alfabetizadas;Não alfabetizadas;Total;Alfabetizadas;Não alfabetizadas;Total;Alfabetizadas;Não alfabetizadas;Total;Alfabetizadas;Não alfabetizadas;Total;Alfabetizadas;Não alfabetizadas;Total;Alfabetizadas;Não alfabetizadas;Total;Alfabetizadas;Não alfabetizadas;Total;Alfabetizadas;Não alfabetizadas;Total;Alfabetizadas;Não alfabetizadas;Total;Alfabetizadas;Não alfabetizadas;Total;Alfabetizadas;Não alfabetizadas;Total;Alfabetizadas;Não alfabetizadas;Total;Alfabetizadas;Não alfabetizadas;Total;Alfabetizadas;Não alfabetizadas;Total;Alfabetizadas;Não alfabetizadas;Total;Alfabetizadas;Não alfabetizadas;Total;Alfabetizadas;Não alfabetizadas;Total;Alfabetizadas;Não alfabetizadas;Total;Alfabetizadas;Não alfabetizadas;Total;Alfabetizadas;Não alfabetizadas;Total;Alfabetizadas;Não alfabetizadas;Total;Alfabetizadas;Não alfabetizadas;Total;Alfabetizadas;Não alfabetizadas;Total;Alfabetizadas;Não alfabetizadas;Total;Alfabetizadas;Não alfabetizadas;Total;Alfabetizadas;Não alfabetizadas;Total;Alfabetizadas;Não alfabetizadas;Total;Alfabetizadas;Não alfabetizadas;Total;Alfabetizadas;Não alfabetizadas;Total;Alfabetizadas;Não alfabetizadas;Total;Alfabetizadas;Não alfabetizadas;Total;Alfabetizadas;Não alfabetizadas;Total;Alfabetizadas;Não alfabetizadas;Total;Alfabetizadas;Não alfabetizadas;Total;Alfabetizadas;Não alfabetizadas;Total;Alfabetizadas;Não alfabetizadas;Total;Alfabetizadas;Não alfabetizadas;Total;Alfabetizadas;Não alfabetizadas;Total;Alfabetizadas;Não alfabetizadas;Total;Alfabetizadas;Não alfabetizadas;Total;Alfabetizadas;Não alfabetizadas;Total;Alfabetizadas;Não alfabetizadas;Total;Alfabetizadas;Não alfabetizadas;Total;Alfabetizadas;Não alfabetizadas;Total;Alfabetizadas;Não alfabetizadas;Total;Alfabetizadas;Não alfabetizadas;Total;Alfabetizadas;Não alfabetizadas;Total;Alfabetizadas;Não alfabetizadas;Total;Alfabetizadas;Não alfabetizadas;Total;Alfabetizadas;Não alfabetizadas;Total;Alfabetizadas;Não alfabetizadas;Total;Alfabetizadas;Não alfabetizadas;Total;Alfabetizadas;Não alfabetizadas;Total;Alfabetizadas;Não alfabetizadas;Total;Alfabetizadas;Não alfabetizadas;Total;Alfabetizadas;Não alfabetizadas;Total;Alfabetizadas;Não alfabetizadas;Total;Alfabetizadas;Não alfabetizadas;Total;Alfabetizadas;Não alfabetizadas;Total;Alfabetizadas;Não alfabetizadas;Total;Alfabetizadas;Não alfabetizadas;Total;Alfabetizadas;Não alfabetizadas;Total;Alfabetizadas;Não alfabetizadas;Total;Alfabetizadas;Não alfabetizadas;Total;Alfabetizadas;Não alfabetizadas;Total;Alfabetizadas;Não alfabetizadas;Total;Alfabetizadas;Não alfabetizadas;Total;Alfabetizadas;Não alfabetizadas;Total;Alfabetizadas;Não alfabetizadas
Brasil;162951495;151547694;11403801;14375942;14154728;221214;15466463;15228462;238001;30942840;30335251;607589;32244961;30919544;1325417;26238693;24184186;2054507;21513495;19046263;2467232;22169101;17679260;4489841;8434333;6236913;2197420;4586954;3284500;1302454;71323919;68230928;3092991;5610575;5545534;65041;6076604;6008699;67905;12557978;12401488;156490;13552562;13252564;299998;11486257;11008782;477475;10294372;9683097;611275;11745571;10330764;1414807;4693366;3929886;763480;2602358;2128845;473513;17724520;15927141;1797379;1403059;1377965;25094;1725800;1695267;30533;3530238;3445411;84827;3701846;3497446;204400;2962748;2628962;333786;2263936;1849224;414712;2136893;1432866;704027;770804;443737;327067;413304;223666;189638;753926;735125;18801;42066;41691;375;49540;49071;469;108560;107213;1347;134648;132355;2293;116579;113535;3044;108995;105529;3466;193538;185731;7807;90303;85743;4560;50917;47727;3190;72315015;65953388;6361627;7196383;7073749;122634;7500613;7368890;131723;14564226;14213527;350699;14705924;13907843;798081;11565177;10348335;1216842;8768536;7353861;1414675;8014156;5687183;2326973;2848087;1763676;1084411;1502257;877133;625124;824634;692183;132451;123236;115180;8056;112621;105282;7339;179356;165195;14161;148021;127457;20564;106617;83357;23260;76713;53719;22994;78070;41993;36077;31438;13612;17826;17910;6969;10941;78066714;72201119;5865595;7317515;7168334;149181;7767306;7609556;157750;15164743;14766401;398342;15608392;14799556;808836;12563500;11401234;1162266;10025339;8768805;1256534;9619919;7687233;1932686;3416517;2532102;884415;1758731;1261226;497505;33185762;31687364;1498398;2796168;2754538;41630;2993920;2951558;42362;6057607;5960032;97575;6382510;6203202;179308;5331242;5066710;264532;4699117;4393064;306053;4925198;4358260;566938;1814641;1532456;282185;943728;778972;164756;9010965;8044704;966261;741701;723761;17940;910533;888792;21741;1849587;1789990;59597;1923049;1790429;132620;1521999;1323223;198776;1106273;887054;219219;957823;641455;316368;326173;188006;138167;167173;91073;76100;351782;343117;8665;20333;20103;230;23298;23011;287;51494;50732;762;64113;62891;1222;55184;53670;1514;50984;49369;1615;86376;83341;3035;38704;37115;1589;21028;19979;1049;35107041;31775413;3331628;3696331;3611058;85273;3782184;3692464;89720;7115698;6882114;233584;7164333;6678101;486232;5601470;4914986;686484;4131703;3412640;719063;3615322;2584050;1031272;1223683;768247;455436;619387;368055;251332;405666;345363;60303;62651;58554;4097;56496;52886;3610;88747;81976;6771;73241;63848;9393;52930;42031;10899;36765;26243;10522;34836;19825;15011;13182;6171;7011;7338;3085;4253;84884781;79346575;5538206;7058427;6986394;72033;7699157;7618906;80251;15778097;15568850;209247;16636569;16119988;516581;13675193;12782952;892241;11488156;10277458;1210698;12549182;9992027;2557155;5017816;3704811;1313005;2828223;2023274;804949;38138157;36543564;1594593;2814407;2790996;23411;3082684;3057141;25543;6500371;6441456;58915;7170052;7049362;120690;6155015;5942072;212943;5595255;5290033;305222;6820373;5972504;847869;2878725;2397430;481295;1658630;1349873;308757;8713555;7882437;831118;661358;654204;7154;815267;806475;8792;1680651;1655421;25230;1778797;1707017;71780;1440749;1305739;135010;1157663;962170;195493;1179070;791411;387659;444631;255731;188900;246131;132593;113538;402144;392008;10136;21733;21588;145;26242;26060;182;57066;56481;585;70535;69464;1071;61395;59865;1530;58011;56160;1851;107162;102390;4772;51599;48628;2971;29889;27748;2141;37207974;34177975;3029999;3500052;3462691;37361;3718429;3676426;42003;7448528;7331413;117115;7541591;7229742;311849;5963707;5433349;530358;4636833;3941221;695612;4398834;3103133;1295701;1624404;995429;628975;882870;509078;373792;418968;346820;72148;60585;56626;3959;56125;52396;3729;90609;83219;7390;74780;63609;11171;53687;41326;12361;39948;27476;12472;43234;22168;21066;18256;7441;10815;10572;3884;6688
Norte;12983834;11923833;1060001;1545379;1510955;34424;1524097;1490297;33800;2778389;2700516;77873;2649301;2504246;145055;1937675;1741061;196614;1342518;1121144;221374;1206475;855614;350861;433113;272613;160500;228990;137000;91990;2657225;2497162;160063;306470;301303;5167;300598;295392;5206;536606;525695;10911;524018;504723;19295;399733;373058;26675;294720;263464;31256;295080;233527;61553;114710;83610;31100;62748;44055;18693;1285471;1138355;147116;120628;118002;2626;138480;135525;2955;266546;258591;7955;270060;251554;18506;208782;180730;28052;147216;113330;33886;133759;80623;53136;47939;24702;23237;25039;12162;12877;24807;23680;1127;2332;2305;27;2498;2459;39;5025;4959;66;5018;4885;133;3685;3493;192;2756;2521;235;3493;3058;435;1423;1185;238;759;624;135;8689862;7996985;692877;1056004;1034902;21102;1031918;1010997;20921;1894967;1843915;51052;1794406;1696476;97930;1288524;1156308;132216;873673;726413;147260;750370;527974;222396;259521;159971;99550;135080;78631;56449;324661;265991;58670;59761;54264;5497;50263;45603;4660;74655;66805;7850;55467;46307;9160;36752;27298;9454;24050;15332;8718;23713;10382;13331;9502;3131;6371;5357;1523;3834;6433861;5853861;580000;785714;763666;22048;765966;744741;21225;1366506;1317740;48766;1307235;1220100;87135;965059;851328;113731;664648;547212;117436;578733;409074;169659;198478;124772;73706;100997;60370;40627;1265049;1181816;83233;148635;145418;3217;147366;144199;3167;259786;253146;6640;245896;234551;11345;188401;173317;15084;141751;125655;16096;133214;105530;27684;48382;35120;13262;25159;17522;7637;711699;623583;88116;66016;64162;1854;76331;74191;2140;148067;142483;5584;151267;138701;12566;118102;100098;18004;80960;61277;19683;70956;42671;28285;24608;12761;11847;12483;6119;6364;11068;10533;535;995;983;12;1032;1009;23;2132;2100;32;2185;2112;73;1657;1572;85;1311;1203;108;1756;1554;202;690;591;99;366;311;55;4281179;3898981;382198;539560;525304;14256;515662;501977;13685;918782;885800;32982;879577;820266;59311;637934;561461;76473;428402;350648;77754;361262;253525;107737;120378;74548;45830;60476;35546;24930;163737;137944;25793;30413;27709;2704;25357;23165;2192;37342;33846;3496;28106;24296;3810;18846;14779;4067;12160;8381;3779;11513;5768;5745;4409;1743;2666;2509;869;1640;6549973;6069972;480001;759665;747289;12376;758131;745556;12575;1411883;1382776;29107;1342066;1284146;57920;972616;889733;82883;677870;573932;103938;627742;446540;181202;234635;147841;86794;127993;76630;51363;1392176;1315346;76830;157835;155885;1950;153232;151193;2039;276820;272549;4271;278122;270172;7950;211332;199741;11591;152969;137809;15160;161866;127997;33869;66328;48490;17838;37589;26533;11056;573772;514772;59000;54612;53840;772;62149;61334;815;118479;116108;2371;118793;112853;5940;90680;80632;10048;66256;52053;14203;62803;37952;24851;23331;11941;11390;12556;6043;6513;13739;13147;592;1337;1322;15;1466;1450;16;2893;2859;34;2833;2773;60;2028;1921;107;1445;1318;127;1737;1504;233;733;594;139;393;313;80;4408683;4098004;310679;516444;509598;6846;516256;509020;7236;976185;958115;18070;914829;876210;38619;650590;594847;55743;445271;375765;69506;389108;274449;114659;139143;85423;53720;74604;43085;31519;160924;128047;32877;29348;26555;2793;24906;22438;2468;37313;32959;4354;27361;22011;5350;17906;12519;5387;11890;6951;4939;12200;4614;7586;5093;1388;3705;2848;654;2194
Nordeste;43108045;36984056;6123989;4244151;4142140;102011;4324396;4210931;113465;8278228;7951797;326431;8635152;7818942;816210;6799001;5573113;1225888;5296087;3937118;1358969;5531030;3350015;2181015;2228969;1194329;1034640;1247253;644131;603122;11330819;9998395;1332424;1091161;1067504;23657;1083916;1058471;25445;2033283;1965431;67852;2157953;1998490;159463;1762842;1517740;245102;1447036;1170961;276075;1754628;1219798;534830;771853;492476;279377;449647;279299;170348;6075398;5051449;1023949;499436;486047;13389;585809;569436;16373;1158798;1109752;49046;1266634;1136938;129696;1017495;812232;205263;779354;539450;239904;767872;397594;370278;294447;126261;168186;161666;65231;96435;57830;50871;6959;5084;4987;97;6003;5886;117;12072;11676;396;11966;11046;920;8464;7076;1388;6646;5077;1569;7595;5123;2472;2927;1834;1093;1524;934;590;25401041;21685891;3715150;2618597;2555205;63392;2619809;2549822;69987;5024951;4819628;205323;5152346;4633455;518891;3975214;3209899;765315;3036349;2204023;832326;2973775;1713859;1259916;1148683;569192;579491;628165;296239;331926;239669;194398;45271;29702;28234;1468;28350;26814;1536;48205;44405;3800;45546;38339;7207;34563;25796;8767;26399;17359;9040;26904;13451;13453;10968;4505;6463;6195;2392;3803;20527920;17233784;3294136;2158973;2086491;72482;2154129;2075314;78815;3984824;3764047;220777;4133468;3629928;503540;3230714;2524660;706054;2451853;1740327;711526;2413959;1413017;1000942;924286;472453;451833;494558;242532;252026;5227890;4535864;692026;540592;524640;15952;535943;519279;16664;976523;932344;44179;1003622;906427;97195;804005;664638;139367;648313;504712;143601;718892;483824;235068;295228;179266;115962;163178;95719;67459;3072746;2507166;565580;262918;253047;9871;304713;292832;11881;593989;559075;34914;650937;567030;83907;522851;399766;123085;384567;255895;128672;352771;179521;173250;129823;54761;75062;68507;27377;41130;23654;20260;3394;2138;2075;63;2377;2296;81;4751;4518;233;4751;4271;480;3385;2680;705;2849;2101;748;3403;2319;1084;1293;827;466;673;415;258;12085492;10075494;2009998;1338108;1292382;45726;1296501;1247211;49290;2385444;2246231;139213;2451495;2133514;317981;1883497;1445357;438140;1403532;969570;433962;1326915;741229;585686;493397;235634;257763;259736;118022;141714;116018;93014;23004;15106;14242;864;14186;13294;892;23449;21223;2226;22230;18274;3956;16743;12019;4724;12429;7916;4513;11875;6046;5829;4515;1943;2572;2445;984;1461;22580125;19750272;2829853;2085178;2055649;29529;2170267;2135617;34650;4293404;4187750;105654;4501684;4189014;312670;3568287;3048453;519834;2844234;2196791;647443;3117071;1936998;1180073;1304683;721876;582807;752695;401599;351096;6102929;5462531;640398;550569;542864;7705;547973;539192;8781;1056760;1033087;23673;1154331;1092063;62268;958837;853102;105735;798723;666249;132474;1035736;735974;299762;476625;313210;163415;286469;183580;102889;3002652;2544283;458369;236518;233000;3518;281096;276604;4492;564809;550677;14132;615697;569908;45789;494644;412466;82178;394787;283555;111232;415101;218073;197028;164624;71500;93124;93159;37854;55305;34176;30611;3565;2946;2912;34;3626;3590;36;7321;7158;163;7215;6775;440;5079;4396;683;3797;2976;821;4192;2804;1388;1634;1007;627;851;519;332;13315549;11610397;1705152;1280489;1262823;17666;1323308;1302611;20697;2639507;2573397;66110;2700851;2499941;200910;2091717;1764542;327175;1632817;1234453;398364;1646860;972630;674230;655286;333558;321728;368429;178217;190212;123651;101384;22267;14596;13992;604;14164;13520;644;24756;23182;1574;23316;20065;3251;17820;13777;4043;13970;9443;4527;15029;7405;7624;6453;2562;3891;3750;1408;2342
Sudeste;69559389;66834250;2725139;5489267;5434238;55029;6162437;6103703;58734;12680590;12548193;132397;13657027;13419699;237328;11436594;11029349;407245;9771022;9206567;564455;10362452;9092501;1269951;3914584;3255605;658979;2136295;1731830;404465;34797087;33845534;951553;2501987;2480329;21658;2788330;2766093;22237;5908201;5861628;46573;6590996;6516692;74304;5666002;5543653;122349;5210920;5034666;176254;6130651;5642473;488178;2461412;2184343;277069;1376247;1198899;177348;7778585;7328655;449930;585501;578724;6777;744376;736140;8236;1551973;1531949;20024;1614149;1574477;39672;1303348;1232360;70988;1019307;919974;99333;959931;755031;204900;332944;232850;100094;177047;117151;59896;512135;504247;7888;24947;24762;185;29028;28802;226;67025;66333;692;88631;87657;974;79342;78258;1084;77042;75863;1179;146120;142572;3548;69421;67049;2372;39389;37535;1854;26377884;25069563;1308321;2369203;2343046;26157;2591662;2563858;27804;5134983;5070316;64667;5345196;5223663;121533;4373096;4161364;211732;3451432;3165319;286113;3112312;2541997;570315;1045715;767822;277893;540811;376429;164382;90364;83050;7314;7418;7167;251;8712;8486;226;17715;17284;431;17341;16509;832;14283;13207;1076;11900;10350;1550;12995;10047;2948;4906;3390;1516;2682;1718;964;33069198;31799411;1269787;2797766;2761989;35777;3104063;3066629;37434;6241975;6157516;84459;6592801;6449381;143420;5436939;5215724;221215;4503694;4233129;270565;4391960;3915043;476917;1528899;1303906;224993;784013;654569;129444;16041812;15621443;420369;1249102;1235555;13547;1369413;1355982;13431;2837574;2809539;28035;3085055;3041515;43540;2608788;2543644;65144;2356062;2272425;83637;2535818;2362783;173035;936079;847355;88724;489969;437040;52929;3872627;3652987;219640;306967;302299;4668;389642;383973;5669;807497;793832;13665;826108;800703;25405;653556;613119;40437;481947;432706;49241;406910;326355;80555;129405;93692;35713;64882;44871;20011;241162;237696;3466;12429;12314;115;14090;13960;130;32882;32489;393;43053;42532;521;38220;37695;525;36050;35508;542;64438;63198;1240;29341;28608;733;15967;15438;529;12869542;12246460;623082;1225428;1208111;17317;1326436;1308356;18080;2554805;2512681;42124;2629766;2556263;73503;2129295;2014754;114541;1624206;1487764;136442;1379606;1158531;221075;432256;332918;99338;212269;156581;55688;42350;39188;3162;3748;3618;130;4281;4162;119;8821;8586;235;8426;7982;444;6832;6272;560;5223;4533;690;5019;4035;984;1746;1276;470;884;606;278;36490191;35034839;1455352;2691501;2672249;19252;3058374;3037074;21300;6438615;6390677;47938;7064226;6970318;93908;5999655;5813625;186030;5267328;4973438;293890;5970492;5177458;793034;2385685;1951699;433986;1352282;1077261;275021;18755275;18224091;531184;1252885;1244774;8111;1418917;1410111;8806;3070627;3052089;18538;3505941;3475177;30764;3057214;3000009;57205;2854858;2762241;92617;3594833;3279690;315143;1525333;1336988;188345;886278;761859;124419;3905958;3675668;230290;278534;276425;2109;354734;352167;2567;744476;738117;6359;788041;773774;14267;649792;619241;30551;537360;487268;50092;553021;428676;124345;203539;139158;64381;112165;72280;39885;270973;266551;4422;12518;12448;70;14938;14842;96;34143;33844;299;45578;45125;453;41122;40563;559;40992;40355;637;81682;79374;2308;40080;38441;1639;23422;22097;1325;13508342;12823103;685239;1143775;1134935;8840;1265226;1255502;9724;2580178;2557635;22543;2715430;2667400;48030;2243801;2146610;97191;1827226;1677555;149671;1732706;1383466;349240;613459;434904;178555;328542;219848;108694;48014;43862;4152;3670;3549;121;4431;4324;107;8894;8698;196;8915;8527;388;7451;6935;516;6677;5817;860;7976;6012;1964;3160;2114;1046;1798;1112;686
Sul;24412689;23570354;842335;1910723;1893285;17438;2176769;2158121;18648;4597880;4557671;40209;4636881;4572715;64166;3937695;3820948;116747;3527532;3350924;176608;3625209;3216690;408519;1335273;1129448;205825;698726;576701;122025;17780348;17308149;472199;1307958;1296917;11041;1476541;1465098;11443;3193490;3170068;23422;3332201;3299195;33006;2871357;2812819;58538;2700366;2608794;91572;2898435;2655258;243177;1089021;960081;128940;575204;496876;78328;1294364;1218383;75981;94821;93670;1151;125969;124473;1496;277027;273247;3780;269187;262558;6629;212464;201017;11447;166238;149103;17135;148658;114315;34343;50732;34386;16346;25956;16514;9442;107064;105424;1640;6239;6201;38;7764;7706;58;15530;15412;118;18568;18428;140;16504;16313;191;15652;15383;269;26807;25981;826;12383;11807;576;6976;6541;435;5170830;4884636;286194;494038;488972;5066;557725;552294;5431;1098272;1085880;12392;1006365;982867;23498;829495;784171;45324;639243;572872;66371;545692;417580;128112;180972;122056;58916;89323;56202;33121;59414;53109;6305;7629;7487;142;8696;8477;219;13389;12893;496;10446;9554;892;7763;6520;1243;5948;4692;1256;5543;3486;2057;2140;1094;1046;1250;552;698;11761458;11374148;387310;972409;961464;10945;1098829;1087172;11657;2281427;2256761;24666;2273779;2237033;36746;1900771;1840576;60195;1657625;1574484;83141;1576618;1416658;159960;534918;460054;74864;261380;219692;41688;8414032;8197493;216539;658308;651543;6765;731814;724838;6976;1556541;1542512;14029;1604345;1585385;18960;1363948;1332952;30996;1255423;1210852;44571;1243653;1149411;94242;427778;382391;45387;209861;184314;25547;661314;624684;36630;50312;49569;743;67837;66844;993;147885;145412;2473;141085;137066;4019;108699;102602;6097;80372;72123;8249;65124;51068;14056;20811;14384;6427;10026;6499;3527;51644;50936;708;3089;3063;26;3848;3812;36;7686;7621;65;9393;9318;75;7958;7857;101;7500;7385;115;12170;11880;290;5460;5280;180;2995;2864;131;2604761;2473808;130953;256798;253473;3325;290932;287391;3541;562511;554645;7866;513718;500368;13350;416236;393718;22518;311357;281628;29729;253209;202585;50624;80017;57500;22517;38025;25770;12255;29362;26887;2475;3883;3797;86;4362;4251;111;6710;6478;232;5175;4834;341;3882;3400;482;2925;2450;475;2425;1677;748;838;485;353;465;237;228;12651231;12196206;455025;938314;931821;6493;1077940;1070949;6991;2316453;2300910;15543;2363102;2335682;27420;2036924;1980372;56552;1869907;1776440;93467;2048591;1800032;248559;800355;669394;130961;437346;357009;80337;9366316;9110656;255660;649650;645374;4276;744727;740260;4467;1636949;1627556;9393;1727856;1713810;14046;1507409;1479867;27542;1444943;1397942;47001;1654782;1505847;148935;661243;577690;83553;365343;312562;52781;633050;593699;39351;44509;44101;408;58132;57629;503;129142;127835;1307;128102;125492;2610;103765;98415;5350;85866;76980;8886;83534;63247;20287;29921;20002;9919;15930;10015;5915;55420;54488;932;3150;3138;12;3916;3894;22;7844;7791;53;9175;9110;65;8546;8456;90;8152;7998;154;14637;14101;536;6923;6527;396;3981;3677;304;2566069;2410828;155241;237240;235499;1741;266793;264903;1890;535761;531235;4526;492647;482499;10148;413259;390453;22806;327886;291244;36642;292483;214995;77488;100955;64556;36399;51298;30432;20866;30052;26222;3830;3746;3690;56;4334;4226;108;6679;6415;264;5271;4720;551;3881;3120;761;3023;2242;781;3118;1809;1309;1302;609;693;785;315;470
Centro-Oeste;12887538;12235201;652337;1186422;1174110;12312;1278764;1265410;13354;2607753;2577074;30679;2666600;2603942;62658;2127728;2019715;108013;1576336;1430510;145826;1443935;1164440;279495;522394;384918;137476;275690;194838;80852;4758440;4581688;176752;402999;399481;3518;427219;423645;3574;886398;878666;7732;947394;933464;13930;786323;761512;24811;641330;605212;36118;666777;579708;87069;256370;209376;46994;138512;109716;28796;1290702;1190299;100403;102673;101522;1151;131166;129693;1473;275894;271872;4022;281816;271919;9897;220659;202623;18036;151821;127367;24454;126673;85303;41370;44742;25538;19204;23596;12608;10988;52090;50903;1187;3464;3436;28;4247;4218;29;8908;8833;75;10465;10339;126;8584;8395;189;6899;6685;214;9523;8997;526;4149;3868;281;2269;2093;176;6675398;6316313;359085;658541;651624;6917;699499;691919;7580;1411053;1393788;17265;1407611;1371382;36229;1098848;1036593;62255;767839;685234;82605;632007;485773;146234;213196;144635;68561;108878;69632;39246;110526;95635;14891;18726;18028;698;16600;15902;698;25392;23808;1584;19221;16748;2473;13256;10536;2720;8416;5986;2430;8915;4627;4288;3922;1492;2430;2426;784;1642;6274277;5939915;334362;602653;594724;7929;644319;635700;8619;1290011;1270337;19674;1301109;1263114;37995;1030017;968946;61071;747519;673653;73866;658649;533441;125208;229936;170917;59019;117783;84063;33720;2236979;2150748;86231;199531;197382;2149;209384;207260;2124;427183;422491;4692;443592;435324;8268;366100;352159;13941;297568;279420;18148;293621;256712;36909;107174;88324;18850;55561;44377;11184;692579;636284;56295;55488;54684;804;72010;70952;1058;152149;149188;2961;153652;146929;6723;118791;107638;11153;78427;65053;13374;62062;41840;20222;21526;12408;9118;11275;6207;5068;24254;23692;562;1682;1668;14;1951;1934;17;4043;4004;39;4731;4658;73;3964;3866;98;3274;3172;102;4609;4390;219;1920;1809;111;1027;951;76;3266067;3080670;185397;336437;331788;4649;352653;347529;5124;694156;682757;11399;689777;667690;22087;534508;499696;34812;364206;323030;41176;294330;228180;66150;97635;67647;29988;48881;32136;16745;54199;48330;5869;9501;9188;313;8310;8014;296;12425;11843;582;9304;8462;842;6627;5561;1066;4028;2963;1065;4004;2299;1705;1674;724;950;1035;389;646;6613261;6295286;317975;583769;579386;4383;634445;629710;4735;1317742;1306737;11005;1365491;1340828;24663;1097711;1050769;46942;828817;756857;71960;785286;630999;154287;292458;214001;78457;157907;110775;47132;2521461;2430940;90521;203468;202099;1369;217835;216385;1450;459215;456175;3040;503802;498140;5662;420223;409353;10870;343762;325792;17970;373156;322996;50160;149196;121052;28144;82951;65339;17612;598123;554015;44108;47185;46838;347;59156;58741;415;123745;122684;1061;128164;124990;3174;101868;94985;6883;73394;62314;11080;64611;43463;21148;23216;13130;10086;12321;6401;5920;27836;27211;625;1782;1768;14;2296;2284;12;4865;4829;36;5734;5681;53;4620;4529;91;3625;3513;112;4914;4607;307;2229;2059;170;1242;1142;100;3409331;3235643;173688;322104;319836;2268;346846;344390;2456;716897;711031;5866;717834;703692;14142;564340;536897;27443;403633;362204;41429;337677;257593;80084;115561;76988;38573;59997;37496;22501;56327;47305;9022;9225;8840;385;8290;7888;402;12967;11965;1002;9917;8286;1631;6629;4975;1654;4388;3023;1365;4911;2328;2583;2248;768;1480;1391;395;996
Rondônia;1233044;1153509;79535;122058;120589;1469;124515;122969;1546;251290;247949;3341;251957;245693;6264;202633;190818;11815;152320;133082;19238;128271;92409;35862;44011;27082;16929;22765;13087;9678;377505;357346;20159;34607;34245;362;34891;34488;403;71865;71035;830;73122;71820;1302;63200;60583;2617;51788;47302;4486;48032;37873;10159;17108;11989;5119;8924;5920;3004;119320;107642;11678;8862;8725;137;10999;10821;178;23643;23266;377;25631;24746;885;20987;19213;1774;15831;12801;3030;13367;8070;5297;4726;2354;2372;2435;1125;1310;3648;3521;127;280;277;3;306;304;2;753;748;5;782;768;14;521;515;6;519;484;35;487;425;62;173;138;35;93;67;26;721272;675199;46073;76315;75395;920;76645;75724;921;152359;150326;2033;150536;146631;3905;116589;109482;7107;83314;71939;11375;65514;45702;19812;21632;12489;9143;11107;5923;5184;11268;9774;1494;1993;1946;47;1670;1628;42;2664;2569;95;1878;1720;158;1331;1020;311;866;555;311;866;336;530;369;111;258;206;52;154;610681;571311;39370;61942;60971;971;62155;61150;1005;123646;121565;2081;122916;119301;3615;99775;93438;6337;76502;67177;9325;63745;47709;16036;21675;14168;7507;11114;6796;4318;182204;172801;9403;17084;16855;229;16986;16747;239;34904;34421;483;34406;33671;735;30159;28730;1429;25690;23594;2096;22975;18783;4192;8040;5929;2111;4109;2870;1239;66437;60019;6418;4918;4820;98;6189;6048;141;13129;12864;265;14420;13863;557;11754;10704;1050;8730;7102;1628;7297;4618;2679;2567;1376;1191;1316;657;659;1654;1592;62;124;123;1;149;147;2;331;329;2;330;326;4;217;214;3;241;222;19;262;231;31;83;66;17;39;26;13;354657;331809;22848;38789;38171;618;37964;37361;603;73927;72646;1281;72799;70540;2259;56988;53244;3744;41406;35952;5454;32784;23895;8889;10811;6740;4071;5552;3215;2337;5716;5078;638;1027;1002;25;865;845;20;1353;1303;50;957;897;60;655;544;111;434;306;128;425;181;244;172;56;116;98;28;70;622363;582198;40165;60116;59618;498;62360;61819;541;127644;126384;1260;129041;126392;2649;102858;97380;5478;75818;65905;9913;64526;44700;19826;22336;12914;9422;11651;6291;5360;195301;184545;10756;17523;17390;133;17905;17741;164;36961;36614;347;38716;38149;567;33041;31853;1188;26098;23708;2390;25057;19090;5967;9068;6060;3008;4815;3050;1765;52883;47623;5260;3944;3905;39;4810;4773;37;10514;10402;112;11211;10883;328;9233;8509;724;7101;5699;1402;6070;3452;2618;2159;978;1181;1119;468;651;1994;1929;65;156;154;2;157;157;-;422;419;3;452;442;10;304;301;3;278;262;16;225;194;31;90;72;18;54;41;13;366615;343390;23225;37526;37224;302;38681;38363;318;78432;77680;752;77737;76091;1646;59601;56238;3363;41908;35987;5921;32730;21807;10923;10821;5749;5072;5555;2708;2847;5552;4696;856;966;944;22;805;783;22;1311;1266;45;921;823;98;676;476;200;432;249;183;441;155;286;197;55;142;108;24;84
Acre;608858;535023;73835;78689;76811;1878;77247;75138;2109;131630;126233;5397;123331;111488;11843;87454;71745;15709;57937;42626;15311;52570;30982;21588;19099;9624;9475;10130;4855;5275;125551;113838;11713;17204;16835;369;15937;15587;350;26259;25455;804;24496;22765;1731;17273;15077;2196;11927;9627;2300;12455;8492;3963;4969;3019;1950;2790;1611;1179;58888;49190;9698;6149;6022;127;6910;6710;200;12119;11598;521;12191;10733;1458;9354;7162;2192;6419;4225;2194;5746;2740;3006;2008;790;1218;1035;386;649;1541;1393;148;168;165;3;210;204;6;338;328;10;348;322;26;196;152;44;143;112;31;138;110;28;42;29;13;17;13;4;407137;358663;48474;51774;50734;1040;51436;50217;1219;89255;85803;3452;83749;75798;7951;59050;48433;10617;38653;28290;10363;33220;19388;13832;11561;5707;5854;5959;2799;3160;15733;11932;3801;3392;3053;339;2753;2419;334;3658;3048;610;2546;1869;677;1580;921;659;793;370;423;1011;252;759;519;79;440;329;46;283;302193;262400;39793;40435;39274;1161;39152;37889;1263;64611;61375;3236;60594;54036;6558;43490;34827;8663;28395;20428;7967;25516;14571;10945;9034;4302;4732;4682;2137;2545;59786;53531;6255;8441;8208;233;7797;7591;206;12599;12078;521;11217;10266;951;8163;6954;1209;5705;4530;1175;5864;3904;1960;2201;1284;917;1192;660;532;32905;27266;5639;3374;3286;88;3944;3810;134;6852;6503;349;6874;5973;901;5282;3980;1302;3573;2313;1260;3006;1401;1605;1029;388;641;541;201;340;649;579;70;73;73;-;95;92;3;129;124;5;146;129;17;76;55;21;66;53;13;64;53;11;18;13;5;6;5;1;200914;174567;26347;26882;26187;695;25856;25054;802;43192;41068;2124;41055;36610;4445;29174;23281;5893;18627;13305;5322;16128;9062;7066;5565;2568;2997;2802;1239;1563;7935;6454;1481;1664;1519;145;1459;1341;118;1839;1602;237;1302;1058;244;794;557;237;423;226;197;454;151;303;221;49;172;141;32;109;306665;272623;34042;38254;37537;717;38095;37249;846;67019;64858;2161;62737;57452;5285;43964;36918;7046;29542;22198;7344;27054;16411;10643;10065;5322;4743;5448;2718;2730;65765;60307;5458;8763;8627;136;8140;7996;144;13660;13377;283;13279;12499;780;9110;8123;987;6222;5097;1125;6591;4588;2003;2768;1735;1033;1598;951;647;25983;21924;4059;2775;2736;39;2966;2900;66;5267;5095;172;5317;4760;557;4072;3182;890;2846;1912;934;2740;1339;1401;979;402;577;494;185;309;892;814;78;95;92;3;115;112;3;209;204;5;202;193;9;120;97;23;77;59;18;74;57;17;24;16;8;11;8;3;206223;184096;22127;24892;24547;345;25580;25163;417;46063;44735;1328;42694;39188;3506;29876;25152;4724;20026;14985;5041;17092;10326;6766;5996;3139;2857;3157;1560;1597;7798;5478;2320;1728;1534;194;1294;1078;216;1819;1446;373;1244;811;433;786;364;422;370;144;226;557;101;456;298;30;268;188;14;174
Amazonas;2866187;2667211;198976;367978;359410;8568;362878;354535;8343;629230;611797;17433;582063;553337;28726;414805;378585;36220;275625;236032;39593;233608;173515;60093;80306;53213;27093;42437;26573;15864;521562;495784;25778;65142;63995;1147;64437;63306;1131;110470;108270;2200;103019;99602;3417;75489;71107;4382;52804;47947;4857;50201;41557;8644;18669;14485;4184;10150;7577;2573;163443;147214;16229;14921;14610;311;17518;17124;394;34127;33131;996;35199;32951;2248;27321;24147;3174;18778;15033;3745;15579;10218;5361;5152;2919;2233;2657;1413;1244;5025;4871;154;454;450;4;456;449;7;959;950;9;1015;1004;11;891;866;25;554;524;30;696;628;68;260;221;39;141;116;25;1989409;1865164;124245;253960;249196;4764;252018;247303;4715;440984;430790;10194;410627;392742;17885;289850;266745;23105;188891;163346;25545;153079;115042;38037;50614;33713;16901;26312;16543;9769;186650;154089;32561;33496;31154;2342;28439;26343;2096;42663;38631;4032;32180;27016;5164;21239;15707;5532;14590;9175;5415;14043;6063;7980;5609;1873;3736;3175;922;2253;1418417;1314789;103628;187167;181833;5334;182347;177415;4932;310585;300431;10154;287405;271553;15852;206250;186661;19589;135791;115922;19869;108872;80974;27898;35009;23232;11777;17667;11023;6644;243879;230809;13070;31393;30666;727;31308;30668;640;53143;51885;1258;47515;45614;1901;34618;32286;2332;24440;22017;2423;21462;17673;3789;7232;5550;1682;3623;2680;943;95572;85846;9726;8593;8367;226;10243;9965;278;20004;19330;674;20785;19297;1488;16528;14484;2044;10976;8836;2140;8443;5567;2876;2587;1476;1111;1279;674;605;2383;2326;57;192;191;1;193;190;3;422;419;3;485;479;6;426;420;6;300;287;13;365;340;25;130;120;10;70;63;7;981809;915632;66177;129763;126599;3164;126299;123302;2997;215637;209300;6337;202208;191972;10236;143589;130849;12740;92635;79684;12951;71678;53926;17752;22407;14996;7411;11167;7053;4114;94727;80135;14592;17223;16007;1216;14301;13287;1014;21362;19482;1880;16402;14181;2221;11082;8617;2465;7435;5094;2341;6922;3467;3455;2653;1090;1563;1528;553;975;1447770;1352422;95348;180811;177577;3234;180531;177120;3411;318645;311366;7279;294658;281784;12874;208555;191924;16631;139834;120110;19724;124736;92541;32195;45297;29981;15316;24770;15550;9220;277683;264975;12708;33749;33329;420;33129;32638;491;57327;56385;942;55504;53988;1516;40871;38821;2050;28364;25930;2434;28739;23884;4855;11437;8935;2502;6527;4897;1630;67871;61368;6503;6328;6243;85;7275;7159;116;14123;13801;322;14414;13654;760;10793;9663;1130;7802;6197;1605;7136;4651;2485;2565;1443;1122;1378;739;639;2642;2545;97;262;259;3;263;259;4;537;531;6;530;525;5;465;446;19;254;237;17;331;288;43;130;101;29;71;53;18;1007600;949532;58068;124197;122597;1600;125719;124001;1718;225347;221490;3857;208419;200770;7649;146261;135896;10365;96256;83662;12594;81401;61116;20285;28207;18717;9490;15145;9490;5655;91923;73954;17969;16273;15147;1126;14138;13056;1082;21301;19149;2152;15778;12835;2943;10157;7090;3067;7155;4081;3074;7121;2596;4525;2956;783;2173;1647;369;1278
Roraima;450499;419303;31196;56875;54244;2631;58711;56561;2150;105431;102352;3079;92723;88856;3867;62831;58040;4791;41553;35868;5685;32375;23382;8993;10263;6264;3999;5214;3000;2214;93224;89807;3417;10607;10487;120;11202;11069;133;21484;21253;231;19373;19002;371;13261;12732;529;9403;8688;715;7894;6576;1318;2586;1936;650;1346;984;362;40304;36984;3320;3823;3772;51;4689;4620;69;9139;8988;151;8754;8383;371;6306;5704;602;4156;3398;758;3437;2119;1318;1102;543;559;526;247;279;640;609;31;71;70;1;74;70;4;150;148;2;126;123;3;84;83;1;67;60;7;68;55;13;24;17;7;10;6;4;264619;251587;13032;32403;32005;398;34498;34077;421;62655;61885;770;55726;54254;1472;37350;35069;2281;24310;21241;3069;17677;13056;4621;5382;3391;1991;2664;1589;1075;50996;39649;11347;9871;7811;2060;8096;6582;1514;11803;9888;1915;8616;6976;1640;5752;4385;1367;3578;2448;1130;3280;1559;1721;1165;374;791;667;174;493;224943;207960;16983;28873;27480;1393;29360;28174;1186;52170;50513;1657;45883;43624;2259;31241;28468;2773;20936;17764;3172;16480;11937;4543;5047;3119;1928;2477;1441;1036;44491;42551;1940;5170;5093;77;5427;5332;95;10200;10063;137;8948;8719;229;6231;5902;329;4665;4257;408;3850;3185;665;1179;853;326;604;419;185;23173;20998;2175;2148;2115;33;2644;2596;48;5240;5136;104;5017;4729;288;3711;3307;404;2395;1884;511;2018;1231;787;654;331;323;308;153;155;289;272;17;34;33;1;32;29;3;68;67;1;55;53;2;30;29;1;34;31;3;36;30;6;13;11;2;6;5;1;131286;123740;7546;16478;16209;269;17183;16885;298;30734;30224;510;27464;26482;982;18369;16965;1404;12054;10334;1720;9004;6641;2363;2667;1716;951;1258;771;487;25314;20051;5263;4993;3981;1012;3991;3258;733;5817;4920;897;4329;3581;748;2855;2227;628;1767;1242;525;1562;842;720;532;207;325;300;93;207;225556;211343;14213;28002;26764;1238;29351;28387;964;53261;51839;1422;46840;45232;1608;31590;29572;2018;20617;18104;2513;15895;11445;4450;5216;3145;2071;2737;1559;1178;48733;47256;1477;5437;5394;43;5775;5737;38;11284;11190;94;10425;10283;142;7030;6830;200;4738;4431;307;4044;3391;653;1407;1083;324;742;565;177;17131;15986;1145;1675;1657;18;2045;2024;21;3899;3852;47;3737;3654;83;2595;2397;198;1761;1514;247;1419;888;531;448;212;236;218;94;124;351;337;14;37;37;-;42;41;1;82;81;1;71;70;1;54;54;-;33;29;4;32;25;7;11;6;5;4;1;3;133333;127847;5486;15925;15796;129;17315;17192;123;31921;31661;260;28262;27772;490;18981;18104;877;12256;10907;1349;8673;6415;2258;2715;1675;1040;1406;818;588;25682;19598;6084;4878;3830;1048;4105;3324;781;5986;4968;1018;4287;3395;892;2897;2158;739;1811;1206;605;1718;717;1001;633;167;466;367;81;286
Pará;6129189;5592512;536677;726778;709825;16953;707887;691018;16869;1306506;1264831;41675;1255303;1176440;78863;909564;806001;103563;634117;523280;110837;589034;421117;167917;214713;139260;75453;113392;70621;42771;1163952;1087431;76521;137188;134593;2595;133122;130474;2648;232495;226797;5698;230335;220072;10263;172490;159012;13478;126338;111701;14637;131984;104782;27202;53278;39647;13631;29510;21370;8140;665400;587798;77602;64446;62841;1605;72257;70558;1699;138170;133336;4834;139441;128811;10630;106524;91263;15261;75124;57698;17426;69438;43291;26147;24869;13702;11167;12939;6808;6131;10501;10029;472;1027;1013;14;1079;1066;13;2098;2069;29;2023;1959;64;1474;1392;82;1102;1014;88;1698;1516;182;770;667;103;429;373;56;4245912;3871012;374900;516247;504121;12126;494803;482865;11938;923708;893580;30128;876063;819244;56819;624042;550489;73553;428474;350816;77658;382575;269897;112678;134471;84724;49747;69830;41828;28002;42526;35424;7102;7798;7189;609;6459;5898;561;9693;8733;960;7280;6212;1068;4943;3763;1180;3035;2016;1019;3318;1613;1705;1318;514;804;680;239;441;3036421;2732601;303820;369568;358258;11310;356294;345223;11071;641894;614655;27239;621688;572189;49499;454900;392978;61922;312813;252284;60529;279264;197014;82250;96147;61564;34583;48259;29719;18540;553529;512805;40724;66303;64688;1615;65856;64189;1667;113288;109755;3533;108818;102630;6188;81470;73704;7766;60190;52480;7710;57604;45359;12245;21407;15664;5743;11087;7874;3213;364118;316960;47158;34917;33786;1131;39232;37990;1242;75916;72489;3427;77491;70141;7350;59628;49705;9923;40750;30516;10234;36184;22333;13851;12397;6808;5589;6175;3249;2926;4619;4382;237;441;434;7;421;415;6;858;840;18;886;849;37;688;651;37;500;456;44;825;737;88;369;321;48;212;187;25;2092223;1879567;212656;263930;255636;8294;247347;239455;7892;446749;426859;19890;430739;395231;35508;310572;266881;43691;209829;167739;42090;183057;127766;55291;61363;38525;22838;30472;18293;12179;21291;18317;2974;3939;3680;259;3313;3058;255;4822;4473;349;3641;3244;397;2482;1984;498;1515;1072;443;1579;806;773;605;240;365;310;113;197;3092768;2859911;232857;357210;351567;5643;351593;345795;5798;664612;650176;14436;633615;604251;29364;454664;413023;41641;321304;270996;50308;309770;224103;85667;118566;77696;40870;65133;40902;24231;610423;574626;35797;70885;69905;980;67266;66285;981;119207;117042;2165;121517;117442;4075;91020;85308;5712;66148;59221;6927;74380;59423;14957;31871;23983;7888;18423;13496;4927;301282;270838;30444;29529;29055;474;33025;32568;457;62254;60847;1407;61950;58670;3280;46896;41558;5338;34374;27182;7192;33254;20958;12296;12472;6894;5578;6764;3559;3205;5882;5647;235;586;579;7;658;651;7;1240;1229;11;1137;1110;27;786;741;45;602;558;44;873;779;94;401;346;55;217;186;31;2153689;1991445;162244;252317;248485;3832;247456;243410;4046;476959;466721;10238;445324;424013;21311;313470;283608;29862;218645;183077;35568;199518;142131;57387;73108;46199;26909;39358;23535;15823;21235;17107;4128;3859;3509;350;3146;2840;306;4871;4260;611;3639;2968;671;2461;1779;682;1520;944;576;1739;807;932;713;274;439;370;126;244
Amapá;535583;500941;34642;67628;66406;1222;69388;68241;1147;121782;119379;2403;108926;104299;4627;78327;71636;6691;49379;41823;7556;40153;29157;10996;14239;9076;5163;7577;4480;3097;108456;103225;5231;14444;14188;256;14509;14293;216;24591;24178;413;21339;20681;658;15228;14311;917;9711;8769;942;8634;6805;1829;3340;2384;956;1847;1246;601;70433;64953;5480;7349;7197;152;8695;8558;137;15492;15182;310;14608;13962;646;11269;10229;1040;7215;5823;1392;5805;4002;1803;2075;1234;841;1132;622;510;610;585;25;54;54;-;67;64;3;135;134;1;148;146;2;90;86;4;62;56;6;54;45;9;21;15;6;9;6;3;349737;326462;23275;44632;43845;787;45044;44277;767;80019;78391;1628;71706;68503;3203;51039;46430;4609;31968;26888;5080;25329;18128;7201;8692;5386;3306;4526;2573;1953;6336;5705;631;1147;1120;27;1072;1048;24;1541;1490;51;1122;1004;118;700;579;121;423;287;136;331;177;154;111;57;54;63;33;30;263294;245394;17900;34359;33596;763;34754;34032;722;59542;58057;1485;52796;50209;2587;38418;34757;3661;24379;20591;3788;19046;14152;4894;6348;4247;2101;3270;2065;1205;50327;47821;2506;6945;6800;145;6952;6823;129;11635;11385;250;9814;9439;375;6812;6332;480;4507;4065;442;3662;2977;685;1306;989;317;705;505;200;38446;35156;3290;4008;3903;105;4732;4636;96;8552;8330;222;7920;7496;424;6232;5539;693;3960;3142;818;3042;2110;932;1016;620;396;534;306;228;275;262;13;19;19;-;32;30;2;60;60;-;61;60;1;39;38;1;34;30;4;30;25;5;11;7;4;5;3;2;171012;159166;11846;22824;22321;503;22501;22015;486;38501;37508;993;34434;32691;1743;24954;22511;2443;15659;13181;2478;12139;8939;3200;3963;2601;1362;1996;1233;763;3227;2982;245;561;551;10;537;528;9;792;772;20;565;521;44;380;336;44;219;173;46;173;101;72;52;30;22;30;18;12;272289;255547;16742;33269;32810;459;34634;34209;425;62240;61322;918;56130;54090;2040;39909;36879;3030;25000;21232;3768;21107;15005;6102;7891;4829;3062;4307;2415;1892;58129;55404;2725;7499;7388;111;7557;7470;87;12956;12793;163;11525;11242;283;8416;7979;437;5204;4704;500;4972;3828;1144;2034;1395;639;1142;741;401;31987;29797;2190;3341;3294;47;3963;3922;41;6940;6852;88;6688;6466;222;5037;4690;347;3255;2681;574;2763;1892;871;1059;614;445;598;316;282;335;323;12;35;35;-;35;34;1;75;74;1;87;86;1;51;48;3;28;26;2;24;20;4;10;8;2;4;3;1;178725;167296;11429;21808;21524;284;22543;22262;281;41518;40883;635;37272;35812;1460;26085;23919;2166;16309;13707;2602;13190;9189;4001;4729;2785;1944;2530;1340;1190;3109;2723;386;586;569;17;535;520;15;749;718;31;557;483;74;320;243;77;204;114;90;158;76;82;59;27;32;33;15;18
Tocantins;1160474;1055334;105140;125373;123670;1703;123471;121835;1636;232520;227975;4545;234998;224133;10865;182061;164236;17825;131587;108433;23154;130464;85052;45412;50482;28094;22388;27475;14384;13091;266975;249731;17244;27278;26960;318;26500;26175;325;49442;48707;735;52334;50781;1553;42792;40236;2556;32749;29430;3319;35880;27442;8438;14760;10150;4610;8181;5347;2834;167683;144574;23109;15078;14835;243;17412;17134;278;33856;33090;766;34236;31968;2268;27021;23012;4009;19693;14352;5341;20387;10183;10204;8007;3160;4847;4315;1561;2754;2842;2672;170;278;276;2;306;302;4;592;582;10;576;563;13;429;399;30;309;271;38;352;279;73;133;98;35;60;43;17;711776;648898;62878;80673;79606;1067;77474;76534;940;145987;143140;2847;145999;139304;6695;110604;99660;10944;78063;63893;14170;72976;46761;26215;27169;14561;12608;14682;7376;7306;11152;9418;1734;2064;1991;73;1774;1685;89;2633;2446;187;1845;1510;335;1207;923;284;765;481;284;864;382;482;411;123;288;237;57;180;577912;519406;58506;63370;62254;1116;61904;60858;1046;114058;111144;2914;115953;109188;6765;90985;80199;10786;65832;53046;12786;65810;42717;23093;25218;14140;11078;13528;7189;6339;130833;121498;9335;13299;13108;191;13040;12849;191;24017;23559;458;25178;24212;966;20948;19409;1539;16554;14712;1842;17797;13649;4148;7017;4851;2166;3839;2514;1325;91048;77338;13710;8058;7885;173;9347;9146;201;18374;17831;543;18760;17202;1558;14967;12379;2588;10576;7484;3092;10966;5411;5555;4358;1762;2596;2330;879;1451;1199;1120;79;112;110;2;110;106;4;264;261;3;222;216;6;181;165;16;136;124;12;174;138;36;66;53;13;28;22;6;349278;314500;34778;40894;40181;713;38512;37905;607;70042;68195;1847;70878;66740;4138;54288;47730;6558;38192;30453;7739;36472;23296;13176;13602;7402;6200;7229;3742;3487;5527;4927;600;1006;969;37;891;848;43;1357;1294;63;910;814;96;598;514;84;367;268;99;398;220;178;174;71;103;102;32;70;582562;535928;46634;62003;61416;587;61567;60977;590;118462;116831;1631;119045;114945;4100;91076;84037;7039;65755;55387;10368;64654;42335;22319;25264;13954;11310;13947;7195;6752;136142;128233;7909;13979;13852;127;13460;13326;134;25425;25148;277;27156;26569;587;21844;20827;1017;16195;14718;1477;18083;13793;4290;7743;5299;2444;4342;2833;1509;76635;67236;9399;7020;6950;70;8065;7988;77;15482;15259;223;15476;14766;710;12054;10633;1421;9117;6868;2249;9421;4772;4649;3649;1398;2251;1985;682;1303;1643;1552;91;166;166;-;196;196;-;328;321;7;354;347;7;248;234;14;173;147;26;178;141;37;67;45;22;32;21;11;362498;334398;28100;39779;39425;354;38962;38629;333;75945;74945;1000;75121;72564;2557;56316;51930;4386;39871;33440;6431;36504;23465;13039;13567;7159;6408;7453;3634;3819;5625;4491;1134;1058;1022;36;883;837;46;1276;1152;124;935;696;239;609;409;200;398;213;185;466;162;304;237;52;185;135;25;110
Maranhão;5131119;4358810;772309;612914;595759;17155;572449;555512;16937;1041113;993824;47289;1041002;923655;117347;739734;590441;149293;551414;388178;163236;572493;311441;261052;225039;105110;119929;125534;55635;69899;1023614;904682;118932;115260;112518;2742;110506;107741;2765;198198;191319;6879;202315;185753;16562;150079;129051;21028;113414;90587;22827;133842;87713;46129;57449;33732;23717;33160;18773;14387;717933;579376;138557;64016;61899;2117;68656;66342;2314;138785;131869;6916;147581;128968;18613;114330;87845;26485;90387;58332;32055;94178;44121;50057;36207;14114;22093;20224;7357;12867;5453;4819;634;575;564;11;579;570;9;1243;1214;29;1162;1076;86;711;600;111;540;385;155;643;410;233;213;114;99;98;45;53;3352006;2846680;505326;427039;415405;11634;387578;376370;11208;695751;663723;32028;684439;604184;80255;471209;370935;100274;344970;237775;107195;341020;178288;162732;129618;56814;72804;71070;29261;41809;31974;23133;8841;6012;5361;651;5115;4475;640;7114;5678;1436;5477;3649;1828;3382;1992;1390;2084;1085;999;2790;893;1897;1543;329;1214;977;195;782;2491137;2066556;424581;311432;299230;12202;285307;273671;11636;504305;472857;31448;505442;433540;71902;358617;271346;87271;259642;174955;84687;266392;140957;125435;101633;46006;55627;54853;23499;31354;481473;418656;62817;56270;54461;1809;54693;52852;1841;95484;91094;4390;95431;85323;10108;69737;57495;12242;51859;40158;11701;57999;37273;20726;23617;13438;10179;13045;7116;5929;370674;292085;78589;34546;32922;1624;36424;34755;1669;72484;67561;4923;77451;65310;12141;59185;42910;16275;44933;27816;17117;45651;20811;24840;17131;6480;10651;9281;3311;5970;2255;1950;305;235;228;7;251;242;9;504;484;20;439;399;40;282;231;51;247;182;65;297;184;113;108;55;53;47;18;29;1620941;1341900;279041;217328;208877;8451;191348;183521;7827;332279;310792;21487;329432;280580;48852;227739;169647;58092;161591;106232;55359;161224;82251;78973;60140;25864;34276;32044;12948;19096;15726;11908;3818;3045;2734;311;2583;2294;289;3544;2917;627;2678;1918;760;1663;1056;607;1001;559;442;1212;430;782;632;164;468;434;104;330;2639982;2292254;347728;301482;296529;4953;287142;281841;5301;536808;520967;15841;535560;490115;45445;381117;319095;62022;291772;213223;78549;306101;170484;135617;123406;59104;64302;70681;32136;38545;542141;486026;56115;58990;58057;933;55813;54889;924;102714;100225;2489;106884;100430;6454;80342;71556;8786;61555;50429;11126;75843;50440;25403;33832;20294;13538;20115;11657;8458;347259;287291;59968;29470;28977;493;32232;31587;645;66301;64308;1993;70130;63658;6472;55145;44935;10210;45454;30516;14938;48527;23310;25217;19076;7634;11442;10943;4046;6897;3198;2869;329;340;336;4;328;328;-;739;730;9;723;677;46;429;369;60;293;203;90;346;226;120;105;59;46;51;27;24;1731065;1504780;226285;209711;206528;3183;196230;192849;3381;363472;352931;10541;355007;323604;31403;243470;201288;42182;183379;131543;51836;179796;96037;83759;69478;30950;38528;39026;16313;22713;16248;11225;5023;2967;2627;340;2532;2181;351;3570;2761;809;2799;1731;1068;1719;936;783;1083;526;557;1578;463;1115;911;165;746;543;91;452
Piauí;2589265;2143217;446048;257358;250898;6460;258937;251973;6964;488240;465774;22466;514620;452073;62547;400563;314847;85716;320793;225017;95776;348754;182635;166119;141336;62942;78394;78385;33862;44523;573721;494471;79250;58168;56891;1277;57549;56244;1305;104773;100728;4045;107756;97724;10032;86562;72572;13990;70979;55243;15736;87934;55069;32865;39131;22054;17077;22661;12523;10138;345853;268335;77518;26907;26066;841;32214;31186;1028;62886;59452;3434;70284;59967;10317;57669;42641;15028;46238;28580;17658;49655;20443;29212;19752;6337;13415;10735;3312;7423;2656;2133;523;218;213;5;284;281;3;500;478;22;478;417;61;411;294;117;341;226;115;424;224;200;175;86;89;82;37;45;1662037;1374346;287691;171518;167206;4312;168364;163770;4594;319259;304354;14905;335150;293193;41957;255127;198757;56370;202574;140531;62043;210045;106535;103510;82024;34349;47675;44760;17929;26831;4948;3891;1057;542;518;24;519;485;34;811;751;60;947;767;180;787;578;209;655;432;223;687;360;327;250;114;136;143;59;84;1252442;1006760;245682;131514;126778;4736;130264;125299;4965;239750;224174;15576;250476;210307;40169;193115;141524;51591;150157;98635;51522;157166;80043;77123;61656;26611;35045;33100;13891;19209;270295;228618;41677;28539;27691;848;28553;27683;870;51873;49208;2665;51384;45031;6353;40212;31871;8341;32358;24058;8300;37376;23076;14300;15799;8715;7084;8796;4771;4025;180918;136429;44489;14592;13932;660;17234;16456;778;33530;31028;2502;37724;30822;6902;30768;21226;9542;23447;13527;9920;23623;9438;14185;9105;2832;6273;4815;1458;3357;1108;852;256;88;83;5;118;115;3;207;188;19;195;165;30;164;104;60;151;95;56;185;102;83;81;42;39;41;19;22;797658;638956;158702;88024;84818;3206;84075;80779;3296;153711;143362;10349;160719;133930;26789;121571;88046;33525;93873;60743;33130;95685;47278;48407;36564;14975;21589;19392;7624;11768;2432;1880;552;267;251;16;280;262;18;422;381;41;451;356;95;394;273;121;324;209;115;294;148;146;105;46;59;54;18;36;1336823;1136457;200366;125844;124120;1724;128673;126674;1999;248490;241600;6890;264144;241766;22378;207448;173323;34125;170636;126382;44254;191588;102592;88996;79680;36331;43349;45285;19971;25314;303426;265853;37573;29629;29200;429;28996;28561;435;52900;51520;1380;56372;52693;3679;46350;40701;5649;38621;31185;7436;50558;31993;18565;23332;13339;9993;13865;7752;6113;164935;131906;33029;12315;12134;181;14980;14730;250;29356;28424;932;32560;29145;3415;26901;21415;5486;22791;15053;7738;26032;11005;15027;10647;3505;7142;5920;1854;4066;1548;1281;267;130;130;-;166;166;-;293;290;3;283;252;31;247;190;57;190;131;59;239;122;117;94;44;50;41;18;23;864379;735390;128989;83494;82388;1106;84289;82991;1298;165548;160992;4556;174431;159263;15168;133556;110711;22845;108701;79788;28913;114360;59257;55103;45460;19374;26086;25368;10305;15063;2516;2011;505;275;267;8;239;223;16;389;370;19;496;411;85;393;305;88;331;223;108;393;212;181;145;68;77;89;41;48
Ceará;6992522;6005313;987209;648812;635970;12842;701679;686543;15136;1419106;1367726;51380;1368108;1244558;123550;1084365;884076;200289;857893;636345;221548;912559;550095;362464;377547;203406;174141;215786;112561;103225;1927660;1712299;215361;180838;177543;3295;186513;182839;3674;358568;347714;10854;355142;331636;23506;290860;252301;38559;246255;201865;44390;309484;218401;91083;138361;90203;48158;81946;52037;29909;530862;420213;110649;36268;35352;916;49766;48457;1309;102109;97132;4977;101591;88622;12969;90774;68065;22709;74494;47702;26792;75860;34883;40977;30007;11430;18577;16578;6026;10552;9688;8166;1522;749;738;11;981;956;25;1999;1914;85;1945;1771;174;1421;1127;294;1197;832;365;1396;828;568;549;305;244;295;155;140;4492850;3838472;654378;427742;419206;8536;460852;450837;10015;949471;914353;35118;903266;817149;86117;696614;559012;137602;532338;383540;148798;522567;294375;228192;207377;100949;106428;116264;54074;62190;30752;25507;5245;3166;3084;82;3494;3381;113;6809;6467;342;6011;5236;775;4579;3463;1116;3519;2329;1190;3174;1547;1627;1228;499;729;690;258;432;3336184;2786335;549849;330466;321581;8885;351598;341314;10284;689597;654752;34845;657588;580286;77302;513948;394736;119212;396058;273924;122134;396929;219742;177187;157608;75968;81640;86448;39831;46617;886589;771234;115355;89161;86994;2167;92647;90346;2301;172939;165971;6968;165636;151095;14541;131655;108943;22712;108923;84779;24144;125628;83106;42522;53089;31609;21480;29855;17082;12773;284916;219674;65242;19852;19169;683;27339;26360;979;56830;53201;3629;56501;47729;8772;49199;34764;14435;38759;23085;15674;36436;15366;21070;14124;4853;9271;7521;2435;5086;4137;3385;752;346;340;6;412;395;17;850;810;40;812;720;92;588;431;157;498;324;174;631;365;266;229;127;102;120;64;56;2145280;1779772;365508;219498;213529;5969;229454;222540;6914;455578;431614;23964;431637;378216;53421;330242;249007;81235;246146;164680;81466;232725;120186;112539;89628;39165;50463;48671;20144;28527;14940;11974;2966;1589;1530;59;1713;1640;73;3321;3079;242;2932;2462;470;2212;1543;669;1695;1025;670;1478;695;783;532;209;323;276;102;174;3656338;3218978;437360;318346;314389;3957;350081;345229;4852;729509;712974;16535;710520;664272;46248;570417;489340;81077;461835;362421;99414;515630;330353;185277;219939;127438;92501;129338;72730;56608;1041071;941065;100006;91677;90549;1128;93866;92493;1373;185629;181743;3886;189506;180541;8965;159205;143358;15847;137332;117086;20246;183856;135295;48561;85272;58594;26678;52091;34955;17136;245946;200539;45407;16416;16183;233;22427;22097;330;45279;43931;1348;45090;40893;4197;41575;33301;8274;35735;24617;11118;39424;19517;19907;15883;6577;9306;9057;3591;5466;5551;4781;770;403;398;5;569;561;8;1149;1104;45;1133;1051;82;833;696;137;699;508;191;765;463;302;320;178;142;175;91;84;2347570;2058700;288870;208244;205677;2567;231398;228297;3101;493893;482739;11154;471629;438933;32696;366372;310005;56367;286192;218860;67332;289842;174189;115653;117749;61784;55965;67593;33930;33663;15812;13533;2279;1577;1554;23;1781;1741;40;3488;3388;100;3079;2774;305;2367;1920;447;1824;1304;520;1696;852;844;696;290;406;414;156;258
Rio Grande do Norte;2648071;2281148;366923;243526;236892;6634;255391;247619;7772;512209;491020;21189;526653;480217;46436;421585;348474;73111;341416;258920;82496;347291;218006;129285;143390;80569;62821;82003;44503;37500;1018996;907242;111754;94173;91932;2241;96242;93806;2436;192141;185894;6247;199486;186500;12986;157921;137050;20871;131200;107431;23769;147833;104629;43204;64667;41799;22868;38435;24118;14317;267617;214014;53603;18463;17800;663;23422;22482;940;49073;46347;2726;53578;46899;6679;46221;35581;10640;38514;25795;12719;38346;19110;19236;15181;6411;8770;8362;3321;5041;4538;3890;648;373;359;14;447;430;17;948;908;40;891;806;85;681;556;125;586;439;147;612;392;220;243;138;105;129;70;59;1349447;1150138;199309;129778;126120;3658;134443;130143;4300;268447;256439;12008;271225;244801;26424;215640;174512;41128;170245;124689;45556;159669;93434;66235;62955;32055;30900;34887;16911;17976;7405;5801;1604;732;674;58;834;755;79;1588;1420;168;1458;1197;261;1108;763;345;860;556;304;825;436;389;341;164;177;187;81;106;1264470;1053977;210493;124463;119691;4772;128569;123025;5544;249558;234818;14740;254158;224083;30075;200649;156258;44391;158183;111473;46710;148890;84629;64261;58314;28588;29726;31883;14853;17030;469736;407513;62223;47359;45789;1570;47860;46221;1639;92225;88005;4220;93096;84804;8292;71616;59140;12476;58400;45017;13383;59180;38537;20643;24148;13873;10275;13647;7495;6152;141535;109474;32061;10006;9523;483;12757;12062;695;26569;24575;1994;29220;24638;4582;25081;18257;6824;19638;12223;7415;18264;8196;10068;7030;2575;4455;3781;1304;2477;1810;1516;294;166;156;10;170;160;10;381;358;23;356;314;42;253;199;54;231;161;70;253;168;85;106;67;39;60;35;25;647780;532768;115012;66559;63889;2670;67371;64225;3146;129607;121219;8388;130739;113738;17001;103153;78329;24824;79507;53832;25675;70844;37536;33308;26884;12001;14883;14319;5983;8336;3580;2680;900;370;331;39;409;355;54;771;656;115;739;582;157;541;329;212;402;236;166;348;191;157;145;71;74;75;35;40;1383601;1227171;156430;119063;117201;1862;126822;124594;2228;262651;256202;6449;272495;256134;16361;220936;192216;28720;183233;147447;35786;198401;133377;65024;85076;51981;33095;50120;29650;20470;549260;499729;49531;46814;46143;671;48382;47585;797;99916;97889;2027;106390;101696;4694;86305;77910;8395;72800;62414;10386;88653;66092;22561;40519;27926;12593;24788;16623;8165;126082;104540;21542;8457;8277;180;10665;10420;245;22504;21772;732;24358;22261;2097;21140;17324;3816;18876;13572;5304;20082;10914;9168;8151;3836;4315;4581;2017;2564;2728;2374;354;207;203;4;277;270;7;567;550;17;535;492;43;428;357;71;355;278;77;359;224;135;137;71;66;69;35;34;701667;617370;84297;63219;62231;988;67072;65918;1154;138840;135220;3620;140486;131063;9423;112487;96183;16304;90738;70857;19881;88825;55898;32927;36071;20054;16017;20568;10928;9640;3825;3121;704;362;343;19;425;400;25;817;764;53;719;615;104;567;434;133;458;320;138;477;245;232;196;93;103;112;46;66
Paraíba;3147766;2645317;502449;296275;288708;7567;301247;293143;8104;592416;567678;24738;618467;551625;66842;503205;396448;106757;397519;286795;110724;438637;260920;177717;183528;96888;86640;104660;53282;51378;1106017;960653;145364;103607;101193;2414;101271;98816;2455;195030;188164;6866;208022;190695;17327;174234;145665;28569;144428;114420;30008;179425;121700;57725;80361;49676;30685;47336;28416;18920;277118;214960;62158;20694;20024;670;24980;24095;885;49861;47066;2795;54753;46873;7880;48139;34749;13390;38040;23605;14435;40651;18548;22103;16161;6095;10066;9009;3198;5811;4115;3583;532;325;318;7;459;447;12;870;854;16;878;800;78;618;504;114;439;332;107;526;328;198;211;113;98;116;64;52;1741725;1450832;290893;169365;164993;4372;172421;167767;4654;342757;327939;14818;351075;310093;40982;277386;213461;63925;212580;147149;65431;216141;119430;96711;86092;40730;45362;47815;21454;26361;18734;15243;3491;2277;2173;104;2112;2014;98;3887;3645;242;3729;3154;575;2822;2065;757;2022;1284;738;1885;908;977;699;272;427;381;149;232;1496254;1216775;279479;151543;146019;5524;151096;145361;5735;287875;270590;17285;297447;255280;42167;238674;174987;63687;183228;122003;61225;186391;102535;83856;73572;35002;38570;40222;18313;21909;511736;433089;78647;52331;50661;1670;50597;48952;1645;94962;90287;4675;97685;86849;10836;79864;62952;16912;64344;47820;16524;71953;45568;26385;29888;16767;13121;16791;9062;7729;144866;109116;35750;11258;10735;523;13597;12939;658;27121;25034;2087;29504;24326;5178;25579;17197;8382;19079;10927;8152;18728;7958;10770;7121;2437;4684;3826;1243;2583;1714;1446;268;135;131;4;197;190;7;336;327;9;360;317;43;263;196;67;193;141;52;230;144;86;82;45;37;42;23;19;828837;665919;162918;86648;83390;3258;85661;82298;3363;163586;153221;10365;168071;142308;25763;131586;93696;37890;98635;62551;36084;94650;48455;46195;36200;15635;20565;19419;7926;11493;9071;7180;1891;1166;1097;69;1042;980;62;1865;1717;148;1822;1475;347;1378;943;435;971;561;410;827;407;420;279;116;163;143;58;85;1651512;1428542;222970;144732;142689;2043;150151;147782;2369;304541;297088;7453;321020;296345;24675;264531;221461;43070;214291;164792;49499;252246;158385;93861;109956;61886;48070;64438;34969;29469;594281;527564;66717;51276;50532;744;50674;49864;810;100068;97877;2191;110337;103846;6491;94370;82713;11657;80084;66600;13484;107472;76132;31340;50473;32909;17564;30545;19354;11191;132252;105844;26408;9436;9289;147;11383;11156;227;22740;22032;708;25249;22547;2702;22560;17552;5008;18961;12678;6283;21923;10590;11333;9040;3658;5382;5183;1955;3228;2401;2137;264;190;187;3;262;257;5;534;527;7;518;483;35;355;308;47;246;191;55;296;184;112;129;68;61;74;41;33;912888;784913;127975;82717;81603;1114;86760;85469;1291;179171;174718;4453;183004;167785;15219;145800;119765;26035;113945;84598;29347;121491;70975;50516;49892;25095;24797;28396;13528;14868;9663;8063;1600;1111;1076;35;1070;1034;36;2022;1928;94;1907;1679;228;1444;1122;322;1051;723;328;1058;501;557;420;156;264;238;91;147
Pernambuco;7164252;6203293;960959;685570;669083;16487;712918;693655;19263;1366445;1310412;56033;1411347;1281410;129937;1163728;967933;195795;900844;682134;218710;923400;598666;324734;362660;213011;149649;198362;113100;85262;2371974;2109979;261995;220371;215678;4693;222117;216920;5197;424887;410736;14151;452592;420523;32069;379410;330023;49387;308934;252514;56420;363663;263585;100078;155398;104778;50620;88537;58195;30342;789138;659635;129503;61517;59813;1704;74904;72761;2143;150435;143413;7022;158211;141684;16527;137428;110863;26565;105414;74348;31066;101229;56753;44476;37206;17797;19409;19660;8958;10702;11105;9968;1137;976;956;20;1223;1205;18;2396;2331;65;2292;2131;161;1627;1394;233;1251;1003;248;1340;948;392;542;360;182;282;188;94;3927439;3370021;557418;394970;385177;9793;406851;395237;11614;775503;741537;33966;786076;706577;79499;635856;518374;117482;478150;349480;128670;450033;273639;176394;166706;88838;77868;88344;45118;43226;62871;52029;10842;7686;7410;276;7458;7170;288;12621;11796;825;11793;10122;1671;9239;7127;2112;6996;4704;2292;7078;3700;3378;2789;1227;1562;1527;634;893;3355616;2857604;498012;348046;336184;11862;355843;342292;13551;655925;617902;38023;668221;589283;78938;540905;433473;107432;404406;296134;108272;382270;242336;139934;141388;79862;61526;73544;40272;33272;1070420;939846;130574;109139;105957;3182;108989;105557;3432;201262;191957;9305;206630;187425;19205;168434;141812;26622;133968;106341;27627;141998;100797;41201;55989;36353;19636;30066;18919;11147;399150;330153;68997;32694;31430;1264;39836;38238;1598;78356;73326;5030;82413;71857;10556;70210;55117;15093;50945;35142;15803;44696;25043;19653;15843;7566;8277;8095;3720;4375;4366;3817;549;394;380;14;493;483;10;900;861;39;873;789;84;614;493;121;518;403;115;574;408;166;233;154;79;123;83;40;1849946;1557940;292006;201791;194580;7211;202459;194161;8298;368766;345697;23069;372312;324270;48042;297091;232700;64391;215661;152094;63567;191866;114438;77428;68172;35275;32897;34655;17289;17366;30353;24510;5843;3984;3794;190;3725;3515;210;6130;5554;576;5711;4667;1044;4446;3253;1193;3244;2094;1150;3113;1633;1480;1146;512;634;602;259;343;3808636;3345689;462947;337524;332899;4625;357075;351363;5712;710520;692510;18010;743126;692127;50999;622823;534460;88363;496438;386000;110438;541130;356330;184800;221272;133149;88123;124818;72828;51990;1301554;1170133;131421;111232;109721;1511;113128;111363;1765;223625;218779;4846;245962;233098;12864;210976;188211;22765;174966;146173;28793;221665;162788;58877;99409;68425;30984;58471;39276;19195;389988;329482;60506;28823;28383;440;35068;34523;545;72079;70087;1992;75798;69827;5971;67218;55746;11472;54469;39206;15263;56533;31710;24823;21363;10231;11132;11565;5238;6327;6739;6151;588;582;576;6;730;722;8;1496;1470;26;1419;1342;77;1013;901;112;733;600;133;766;540;226;309;206;103;159;105;54;2077493;1812081;265412;193179;190597;2582;204392;201076;3316;406737;395840;10897;413764;382307;31457;338765;285674;53091;262489;197386;65103;258167;159201;98966;98534;53563;44971;53689;27829;25860;32518;27519;4999;3702;3616;86;3733;3655;78;6491;6242;249;6082;5455;627;4793;3874;919;3752;2610;1142;3965;2067;1898;1643;715;928;925;375;550
Alagoas;2415992;1989262;426730;258193;250018;8175;258640;248470;10170;471065;444098;26967;472438;404986;67452;386829;294514;92315;288947;194906;94041;279880;152270;127610;103766;49862;53904;54830;25887;28943;688096;588545;99551;74705;72610;2095;70368;67920;2448;124990;118949;6041;130632;116015;14617;109248;88973;20275;84677;63959;20718;93476;60119;33357;38341;22664;15677;21321;12443;8878;256528;196286;60242;22020;21102;918;26400;25092;1308;49672;46180;3492;50418;41256;9162;43868;30674;13194;33124;19096;14028;31026;12886;18140;10817;3622;7195;5595;1818;3777;4430;3880;550;461;454;7;547;533;14;1051;1005;46;961;860;101;634;515;119;406;293;113;370;220;150;120;68;52;64;39;25;1451921;1188535;263386;159010;153919;5091;159482;153162;6320;292337;275163;17174;287599;244562;43037;230876;172802;58074;169146;110574;58572;153471;78353;75118;53928;23298;30630;27567;11481;16086;14927;11941;2986;1989;1925;64;1836;1757;79;2999;2786;213;2808;2277;531;2187;1535;652;1582;976;606;1526;685;841;555;208;347;278;104;174;1135017;917960;217057;131153;125324;5829;126842;119802;7040;222479;205133;17346;221706;183956;37750;179684;131916;47768;131680;86892;44788;121473;64937;56536;42635;19629;23006;21401;9536;11865;313917;265271;48646;37056;35602;1454;34427;32822;1605;58976;55230;3746;59427;51323;8104;48597;38396;10201;37509;27856;9653;37925;24042;13883;14352;8157;6195;7542;4136;3406;134654;102359;32295;12015;11347;668;14240;13314;926;26514;24094;2420;27094;21614;5480;23264;15997;7267;16765;9724;7041;14762;6269;8493;4937;1661;3276;2433;780;1653;1659;1411;248;181;176;5;189;178;11;377;355;22;360;315;45;219;172;47;173;121;52;160;94;66;55;29;26;32;16;16;677477;543190;134287;80862;77204;3658;77058;72622;4436;135122;124111;11011;133476;109645;23831;106567;76668;29899;76485;48738;27747;67907;34202;33705;23047;9682;13365;11280;4554;6726;7267;5692;1575;1035;991;44;924;863;61;1480;1334;146;1341;1052;289;1030;677;353;742;448;294;715;327;388;244;100;144;114;50;64;1280975;1071302;209673;127040;124694;2346;131798;128668;3130;248586;238965;9621;250732;221030;29702;207145;162598;44547;157267;108014;49253;158407;87333;71074;61131;30233;30898;33429;16351;17078;374179;323274;50905;37649;37008;641;35941;35098;843;66014;63719;2295;71205;64692;6513;60651;50577;10074;47168;36103;11065;55551;36077;19474;23989;14507;9482;13779;8307;5472;121874;93927;27947;10005;9755;250;12160;11778;382;23158;22086;1072;23324;19642;3682;20604;14677;5927;16359;9372;6987;16264;6617;9647;5880;1961;3919;3162;1038;2124;2771;2469;302;280;278;2;358;355;3;674;650;24;601;545;56;415;343;72;233;172;61;210;126;84;65;39;26;32;23;9;774444;645345;129099;78148;76715;1433;82424;80540;1884;157215;151052;6163;154123;134917;19206;124309;96134;28175;92661;61836;30825;85564;44151;41413;30881;13616;17265;16287;6927;9360;7660;6249;1411;954;934;20;912;894;18;1519;1452;67;1467;1225;242;1157;858;299;840;528;312;811;358;453;311;108;203;164;54;110
Sergipe;1740503;1500088;240415;172544;168053;4491;178868;174075;4793;344975;331555;13420;351624;317063;34561;280576;229498;51078;209924;156675;53249;201992;123169;78823;78502;43113;35389;42788;23036;19752;430809;378001;52808;43152;42111;1041;42438;41340;1098;77658;74846;2812;83493;76563;6930;68292;57870;10422;53994;43025;10969;61782;42246;19536;26361;16756;9605;15082;9477;5605;242656;203782;38874;20760;20177;583;24646;23929;717;49080;46992;2088;50851;45506;5345;40727;32416;8311;29613;20563;9050;26979;14199;12780;10029;4455;5574;5386;2294;3092;2486;2240;246;239;235;4;247;245;2;564;543;21;593;548;45;347;298;49;256;203;53;240;168;72;74;45;29;31;17;14;1060594;912578;148016;108085;105228;2857;111208;108246;2962;216918;208440;8478;215875;193701;22174;170552;138338;32214;125509;92433;33076;112447;66192;46255;41815;21721;20094;22166;11172;10994;3895;3435;460;303;297;6;327;313;14;740;719;21;801;737;64;649;569;80;545;446;99;530;354;176;218;132;86;122;75;47;818111;689719;128392;87495;84264;3231;88110;84699;3411;163729;154418;9311;165026;143764;21262;130788;101934;28854;96204;69070;27134;86759;51570;35189;31401;16336;15065;16069;8048;8021;198674;171161;27513;21514;20799;715;21312;20553;759;37429;35537;1892;38415;34143;4272;30766;24928;5838;24102;18477;5625;25136;16724;8412;9708;5842;3866;5177;3042;2135;123661;102079;21582;10906;10448;458;12857;12344;513;25349;23829;1520;26206;22734;3472;20996;16058;4938;14794;10021;4773;12553;6645;5908;4368;1936;2432;2243;941;1302;1008;879;129;93;90;3;85;84;1;235;222;13;239;212;27;136;109;27;108;86;22;112;76;36;33;19;14;13;7;6;492861;413946;78915;54818;52769;2049;53696;51567;2129;100363;94495;5868;99750;86307;13443;78570;60568;18002;56947;40286;16661;48717;27954;20763;17202;8485;8717;8593;4031;4562;1879;1632;247;162;156;6;159;150;9;347;329;18;411;365;46;315;268;47;250;198;52;235;166;69;88;53;35;42;26;16;922392;810369;112023;85049;83789;1260;90758;89376;1382;181246;177137;4109;186598;173299;13299;149788;127564;22224;113720;87605;26115;115233;71599;43634;47101;26777;20324;26719;14988;11731;232135;206840;25295;21638;21312;326;21126;20787;339;40229;39309;920;45078;42420;2658;37526;32942;4584;29892;24548;5344;36646;25522;11124;16653;10914;5739;9905;6435;3470;118995;101703;17292;9854;9729;125;11789;11585;204;23731;23163;568;24645;22772;1873;19731;16358;3373;14819;10542;4277;14426;7554;6872;5661;2519;3142;3143;1353;1790;1478;1361;117;146;145;1;162;161;1;329;321;8;354;336;18;211;189;22;148;117;31;128;92;36;41;26;15;18;10;8;567733;498632;69101;53267;52459;808;57512;56679;833;116555;113945;2610;116125;107394;8731;91982;77770;14212;68562;52147;16415;63730;38238;25492;24613;13236;11377;13573;7141;6432;2016;1803;213;141;141;-;168;163;5;393;390;3;390;372;18;334;301;33;295;248;47;295;188;107;130;79;51;80;49;31
Bahia;11278555;9857608;1420947;1068959;1046759;22200;1084267;1059941;24326;2042659;1979710;62949;2330893;2163355;167538;1818416;1546882;271534;1427337;1108148;319189;1506024;952813;553211;613201;339428;273773;344905;182265;162640;2189932;1942523;247409;200887;197028;3859;196912;192845;4067;357038;347081;9957;418515;393081;25434;346236;304235;42001;293155;241917;51238;377189;266336;110853;171784;110814;60970;101169;63317;37852;2647693;2294848;352845;228791;223814;4977;260821;255092;5729;506897;491301;15596;579367;537163;42204;438339;369398;68941;323530;241429;82101;309948;176651;133297;119087;56000;63087;66117;28947;37170;13359;12192;1167;1168;1150;18;1236;1219;17;2501;2429;72;2766;2637;129;2014;1788;226;1630;1364;266;2044;1605;439;800;605;195;427;319;108;6363022;5554289;808733;631090;617951;13139;618610;604290;14320;1164508;1127680;36828;1317641;1219195;98446;1021954;863708;158246;800837;617852;182985;808382;503613;304769;318168;170438;147730;175292;88839;86453;64163;53418;10745;6995;6792;203;6655;6464;191;11636;11143;493;12522;11200;1322;9810;7704;2106;8136;5547;2589;8409;4568;3841;3345;1560;1785;1890;837;1053;5378689;4638098;740591;542861;527420;15441;536500;519851;16649;971606;929403;42203;1113404;1009429;103975;874334;718486;155848;672295;507241;165054;667689;426268;241421;256079;144451;111628;137038;74289;62749;1025050;900476;124574;99223;96686;2537;96865;94293;2572;171373;165055;6318;195918;180434;15484;163124;139101;24023;136850;110206;26644;161697;114701;46996;68638;44512;24126;38259;24096;14163;1292372;1105797;186575;117049;113541;3508;130429;126364;4065;247236;236427;10809;284824;258000;26824;218569;178240;40329;156207;113430;42777;138058;79795;58263;50164;24421;25743;26512;12185;14327;5597;5004;593;500;491;9;462;449;13;961;913;48;1117;1040;77;866;745;121;730;588;142;961;778;183;366;289;77;195;150;45;3024712;2601103;423609;322580;313326;9254;305379;295498;9881;546432;521720;24712;625359;564520;60839;486978;396696;90282;374687;280414;94273;363297;228929;134368;135560;74552;61008;71363;37523;33840;30770;25558;5212;3488;3358;130;3351;3235;116;5569;5256;313;6145;5397;748;4764;3677;1087;3800;2586;1214;3653;2049;1604;1344;672;672;705;332;373;5899866;5219510;680356;526098;519339;6759;547767;540090;7677;1071053;1050307;20746;1217489;1153926;63563;944082;828396;115686;755042;600907;154135;838335;526545;311790;357122;194977;162145;207867;107976;99891;1164882;1042047;122835;101664;100342;1322;100047;98552;1495;185665;182026;3639;222597;212647;9950;183112;165134;17978;156305;131711;24594;215492;151635;63857;103146;66302;36844;62910;39221;23689;1355321;1189051;166270;111742;110273;1469;130392;128728;1664;259661;254874;4787;294543;279163;15380;219770;191158;28612;167323;127999;39324;171890;96856;75034;68923;31579;37344;39605;16762;22843;7762;7188;574;668;659;9;774;770;4;1540;1516;24;1649;1597;52;1148;1043;105;900;776;124;1083;827;256;434;316;118;232;169;63;3338310;2953186;385124;308510;304625;3885;313231;308792;4439;618076;605960;12116;692282;654675;37607;534976;467012;67964;426150;337438;88712;445085;274684;170401;182608;95886;86722;103929;51316;52613;33393;27860;5533;3507;3434;73;3304;3229;75;6067;5887;180;6377;5803;574;5046;4027;1019;4336;2961;1375;4756;2519;2237;2001;888;1113;1185;505;680
Minas Gerais;16832070;15847064;985006;1363591;1348694;14897;1526557;1510670;15887;3076949;3038658;38291;3216156;3137486;78670;2725819;2584117;141702;2379906;2171739;208167;2543092;2055700;487392;988329;731806;256523;546963;390131;156832;6946400;6661136;285264;499790;495301;4489;563171;558499;4672;1163638;1153092;10546;1261058;1241422;19636;1120034;1085669;34365;1071599;1017125;54474;1267110;1110028;157082;519677;430451;89226;293010;236839;56171;2115780;1937091;178689;156430;154430;2000;200584;198165;2419;417147;410879;6268;426959;413027;13932;350815;324173;26642;283816;243861;39955;280029;192556;87473;104541;60453;44088;57381;30849;26532;27412;26285;1127;1747;1728;19;2302;2281;21;5097;5011;86;5534;5419;115;4334;4177;157;3528;3281;247;4870;4388;482;2047;1809;238;1089;944;145;7717253;7200817;516436;702962;694756;8206;757640;749009;8631;1486085;1464943;21142;1518079;1473567;44512;1247052;1167024;80028;1017896;905088;112808;987539;746430;241109;360659;238316;122343;194687;121099;73588;24608;21168;3440;2626;2443;183;2793;2650;143;4854;4608;246;4407;3934;473;3497;2991;506;2985;2309;676;3446;2233;1213;1362;754;608;767;385;382;8126918;7643934;482984;692733;682937;9796;768502;758186;10316;1522706;1497642;25064;1572371;1523398;48973;1317136;1236907;80229;1124864;1017944;106920;1128606;926920;201686;409255;311091;98164;214815;158295;56520;3254837;3119539;135298;248760;245998;2762;277246;274429;2817;563955;557569;6386;597825;585964;11861;523079;503736;19343;495582;467345;28237;548390;484498;63892;208922;175529;33393;111187;91448;19739;1074627;984104;90523;81860;80440;1420;104437;102752;1685;217756;213295;4461;222639;213478;9161;180894;165135;15759;139823;118795;21028;127218;90209;37009;44333;27158;17175;23122;13422;9700;12675;12163;512;832;819;13;1050;1036;14;2305;2253;52;2557;2494;63;1921;1844;77;1638;1532;106;2372;2185;187;980;893;87;494;444;50;3772567;3517636;254931;359964;354455;5509;384347;378629;5718;736134;722120;14014;747089;719482;27607;609467;564714;44753;486400;429189;57211;449166;349047;100119;154460;107183;47277;79709;52822;26887;11878;10184;1694;1300;1208;92;1383;1302;81;2474;2325;149;2200;1920;280;1725;1431;294;1376;1042;334;1420;956;464;538;315;223;288;150;138;8705152;8203130;502022;670858;665757;5101;758055;752484;5571;1554243;1541016;13227;1643785;1614088;29697;1408683;1347210;61473;1255042;1153795;101247;1414486;1128780;285706;579074;420715;158359;332148;231836;100312;3691563;3541597;149966;251030;249303;1727;285925;284070;1855;599683;595523;4160;663233;655458;7775;596955;581933;15022;576017;549780;26237;718720;625530;93190;310755;254922;55833;181823;145391;36432;1041153;952987;88166;74570;73990;580;96147;95413;734;199391;197584;1807;204320;199549;4771;169921;159038;10883;143993;125066;18927;152811;102347;50464;60208;33295;26913;34259;17427;16832;14737;14122;615;915;909;6;1252;1245;7;2792;2758;34;2977;2925;52;2413;2333;80;1890;1749;141;2498;2203;295;1067;916;151;595;500;95;3944686;3683181;261505;342998;340301;2697;373293;370380;2913;749951;742823;7128;770990;754085;16905;637585;602310;35275;531496;475899;55597;538373;397383;140990;206199;131133;75066;114978;68277;46701;12730;10984;1746;1326;1235;91;1410;1348;62;2380;2283;97;2207;2014;193;1772;1560;212;1609;1267;342;2026;1277;749;824;439;385;479;235;244
Espírito Santo;3092216;2918368;173848;256029;253225;2804;276033;273062;2971;570974;564186;6788;629235;615143;14092;503318;478896;24422;425644;387027;38617;430983;346829;84154;157960;115994;41966;87890;62068;25822;1209706;1157163;52543;85655;84858;797;93702;92877;825;202303;200500;1803;234859;231507;3352;194537;188487;6050;183586;173528;10058;215064;185406;29658;85089;68521;16568;48652;38059;10593;369440;339241;30199;29395;29032;363;36667;36208;459;75250;74167;1083;78926;76391;2535;60053;55457;4596;46748;39376;7372;42401;28610;13791;14542;8260;6282;8010;4221;3789;3594;3467;127;264;260;4;300;296;4;697;691;6;854;838;16;528;508;20;373;350;23;578;524;54;206;178;28;115;97;18;1500251;1410129;90122;139845;138217;1628;144445;142773;1672;291033;287165;3868;312839;304709;8130;246686;233034;13652;193724;172793;20931;171679;131438;40241;57636;38757;18879;30821;19546;11275;9163;8313;850;868;857;11;915;904;11;1687;1659;28;1742;1683;59;1501;1400;101;1203;971;232;1247;839;408;480;271;209;287;140;147;1491717;1409404;82313;130241;128415;1826;138739;136831;1908;280599;276265;4334;306871;298509;8362;243761;230601;13160;200706;181860;18846;190800;156923;33877;64731;49326;15405;33902;24998;8904;567347;543155;24192;42544;42042;502;45979;45476;503;97658;96574;1084;111920;109944;1976;91533;88205;3328;85022;79914;5108;92691;81000;11691;34041;28075;5966;18243;14666;3577;190761;175500;15261;15377;15133;244;19123;18802;321;39787;39050;737;41413;39800;1613;31515;28882;2633;23725;19946;3779;19821;13887;5934;6264;3808;2456;3312;1903;1409;1639;1578;61;107;105;2;127;124;3;316;311;5;372;363;9;238;224;14;178;166;12;301;285;16;101;92;9;60;54;6;727532;685078;42454;71758;70687;1071;73055;71983;1072;141995;139501;2494;152307;147574;4733;119718;112575;7143;91238;81386;9852;77461;61372;16089;24157;17250;6907;12194;8325;3869;4410;4067;343;455;448;7;454;445;9;841;827;14;851;820;31;752;711;41;538;443;95;519;373;146;165;98;67;91;48;43;1600499;1508964;91535;125788;124810;978;137294;136231;1063;290375;287921;2454;322364;316634;5730;259557;248295;11262;224938;205167;19771;240183;189906;50277;93229;66668;26561;53988;37070;16918;642359;614008;28351;43111;42816;295;47723;47401;322;104645;103926;719;122939;121563;1376;103004;100282;2722;98564;93614;4950;122373;104406;17967;51048;40446;10602;30409;23393;7016;178679;163741;14938;14018;13899;119;17544;17406;138;35463;35117;346;37513;36591;922;28538;26575;1963;23023;19430;3593;22580;14723;7857;8278;4452;3826;4698;2318;2380;1955;1889;66;157;155;2;173;172;1;381;380;1;482;475;7;290;284;6;195;184;11;277;239;38;105;86;19;55;43;12;772719;725051;47668;68087;67530;557;71390;70790;600;149038;147664;1374;160532;157135;3397;126968;120459;6509;102486;91407;11079;94218;70066;24152;33479;21507;11972;18627;11221;7406;4753;4246;507;413;409;4;461;459;2;846;832;14;891;863;28;749;689;60;665;528;137;728;466;262;315;173;142;196;92;104
Rio de Janeiro;13199028;12766164;432864;1011978;1001553;10425;1149011;1137670;11341;2323258;2298962;24296;2507605;2466822;40783;2171172;2101944;69228;1932813;1841796;91017;2103191;1917417;185774;787742;697038;90704;434086;379392;54694;5591419;5456151;135268;379998;376662;3336;436394;432868;3526;900832;893756;7076;1007234;995584;11650;898196;878593;19603;868102;841293;26809;1100663;1037395;63268;454956;421288;33668;260832;239757;21075;2207841;2109450;98391;170076;168085;1991;211266;208749;2517;429190;423739;5451;440267;430836;9431;366562;350345;16217;300873;279758;21115;289607;247938;41669;96696;77116;19580;50843;39182;11661;18908;18290;618;1098;1094;4;1388;1377;11;3244;3182;62;4051;3968;83;3059;2949;110;2364;2235;129;3704;3485;219;1641;1526;115;940;871;69;5366295;5168426;197869;460011;454926;5085;498997;493724;5273;987532;975863;11669;1053187;1033626;19561;900909;867709;33200;759233;716422;42811;706426;626156;80270;233364;196209;37155;120872;99098;21774;14093;13397;696;774;765;9;935;921;14;2373;2336;37;2761;2706;55;2372;2279;93;2176;2028;148;2702;2362;340;1040;858;182;574;460;114;6122668;5920157;202511;513939;507179;6760;570077;562819;7258;1115261;1100201;15060;1185549;1161662;23887;1013851;975957;37894;874193;830599;43594;849798;781740;68058;286856;258107;28749;146626;130855;15771;2502766;2440860;61906;188214;186108;2106;211529;209358;2171;423092;418934;4158;460039;453294;6745;403053;392337;10716;382773;369853;12920;434066;410976;23090;163093;152360;10733;87080;80943;6137;1044453;999014;45439;87245;85908;1337;106839;105132;1707;212445;208887;3558;214406;208802;5604;175034;166229;8805;135332;125474;9858;113152;98582;14570;33113;27326;5787;15942;12871;3071;8458;8180;278;510;507;3;592;586;6;1389;1349;40;1827;1781;46;1353;1311;42;1104;1048;56;1683;1598;85;755;709;46;421;399;22;2560587;2465985;94602;237563;234257;3306;250627;247258;3369;477153;469869;7284;507931;496470;11461;433334;415054;18280;354042;333344;20698;299937;269733;30204;89554;77418;12136;42999;36483;6516;6191;5918;273;397;389;8;472;467;5;1140;1120;20;1293;1264;29;1047;999;48;910;851;59;932;828;104;326;281;45;177;152;25;7076360;6846007;230353;498039;494374;3665;578934;574851;4083;1207997;1198761;9236;1322056;1305160;16896;1157321;1125987;31334;1058620;1011197;47423;1253393;1135677;117716;500886;438931;61955;287460;248537;38923;3088653;3015291;73362;191784;190554;1230;224865;223510;1355;477740;474822;2918;547195;542290;4905;495143;486256;8887;485329;471440;13889;666597;626419;40178;291863;268928;22935;173752;158814;14938;1163388;1110436;52952;82831;82177;654;104427;103617;810;216745;214852;1893;225861;222034;3827;191528;184116;7412;165541;154284;11257;176455;149356;27099;63583;49790;13793;34901;26311;8590;10450;10110;340;588;587;1;796;791;5;1855;1833;22;2224;2187;37;1706;1638;68;1260;1187;73;2021;1887;134;886;817;69;519;472;47;2805708;2702441;103267;222448;220669;1779;248370;246466;1904;510379;505994;4385;545256;537156;8100;467575;452655;14920;405191;383078;22113;406489;356423;50066;143810;118791;25019;77873;62615;15258;7902;7479;423;377;376;1;463;454;9;1233;1216;17;1468;1442;26;1325;1280;45;1266;1177;89;1770;1534;236;714;577;137;397;308;89
São Paulo;36436075;35302654;1133421;2857669;2830766;26903;3210836;3182301;28535;6709409;6646387;63022;7304031;7200248;103783;6036285;5864392;171893;5032659;4806005;226654;5285186;4772555;512631;1980553;1710767;269786;1067356;900239;167117;21049562;20571084;478478;1536544;1523508;13036;1695063;1681849;13214;3641428;3614280;27148;4087845;4048179;39666;3453235;3390904;62331;3087633;3002720;84913;3547814;3309644;238170;1401690;1264083;137607;773753;684244;89509;3085524;2942873;142651;229600;227177;2423;295859;293018;2841;630386;623164;7222;667997;654223;13774;525918;502385;23533;387870;356979;30891;347894;285927;61967;117165;87021;30144;60813;42899;17914;462221;456205;6016;21838;21680;158;25038;24848;190;57987;57449;538;78192;77432;760;71421;70624;797;70777;69997;780;136968;134175;2793;65527;63536;1991;37245;35623;1622;11794085;11290191;503894;1066385;1055147;11238;1190580;1178352;12228;2370333;2342345;27988;2461091;2411761;49330;1978449;1893597;84852;1480579;1371016;109563;1246668;1037973;208695;394056;294540;99516;194431;136686;57745;42500;40172;2328;3150;3102;48;4069;4011;58;8801;8681;120;8431;8186;245;6913;6537;376;5536;5042;494;5600;4613;987;2024;1507;517;1054;733;321;17327895;16825916;501979;1460853;1443458;17395;1626745;1608793;17952;3323409;3283408;40001;3528010;3465812;62198;2862191;2772259;89932;2303931;2202726;101205;2222756;2049460;173296;768057;685382;82675;388670;340421;48249;9716862;9517889;198973;769584;761407;8177;834659;826719;7940;1752869;1736462;16407;1915271;1892313;22958;1591123;1559366;31757;1392685;1355313;37372;1460671;1386309;74362;530023;491391;38632;273459;249983;23476;1562786;1494369;68417;122485;120818;1667;159243;157287;1956;337509;332600;4909;347650;338623;9027;266113;252873;13240;183067;168491;14576;146719;123677;23042;45695;35400;10295;22506;16675;5831;218390;215775;2615;10980;10883;97;12321;12214;107;28872;28576;296;38297;37894;403;34708;34316;392;33130;32762;368;60082;59130;952;27505;26914;591;14992;14541;451;5808856;5577761;231095;556143;548712;7431;618407;610486;7921;1199523;1181191;18332;1222439;1192737;29702;966776;922411;44365;692526;643845;48681;553042;478379;74663;164085;131067;33018;77367;58951;18416;19871;19019;852;1596;1573;23;1972;1948;24;4366;4314;52;4082;3978;104;3308;3131;177;2399;2197;202;2148;1878;270;717;582;135;328;256;72;19108180;18476738;631442;1396816;1387308;9508;1584091;1573508;10583;3386000;3362979;23021;3776021;3734436;41585;3174094;3092133;81961;2728728;2603279;125449;3062430;2723095;339335;1212496;1025385;187111;678686;559818;118868;11332700;11053195;279505;766960;762101;4859;860404;855130;5274;1888559;1877818;10741;2172574;2155866;16708;1862112;1831538;30574;1694948;1647407;47541;2087143;1923335;163808;871667;772692;98975;500294;434261;66033;1522738;1448504;74234;107115;106359;756;136616;135731;885;292877;290564;2313;320347;315600;4747;259805;249512;10293;204803;188488;16315;201175;162250;38925;71470;51621;19849;38307;26224;12083;243831;240430;3401;10858;10797;61;12717;12634;83;29115;28873;242;39895;39538;357;36713;36308;405;37647;37235;412;76886;75045;1841;38022;36622;1400;22253;21082;1171;5985229;5712430;272799;510242;506435;3807;572173;567866;4307;1170810;1161154;9656;1238652;1219024;19628;1011673;971186;40487;788053;727171;60882;693626;559594;134032;229971;163473;66498;117064;77735;39329;22629;21153;1476;1554;1529;25;2097;2063;34;4435;4367;68;4349;4208;141;3605;3406;199;3137;2845;292;3452;2735;717;1307;925;382;726;477;249
Paraná;9249083;8850749;398334;761026;754701;6325;846638;839714;6924;1763352;1747564;15788;1747303;1719661;27642;1536252;1482879;53373;1295642;1208366;87276;1298870;1097864;201006;478777;378697;100080;249153;190754;58399;5957678;5769358;188320;468627;465105;3522;516529;512745;3784;1091973;1084116;7857;1112711;1100755;11956;986466;964334;22132;867768;830167;37601;913604;812136;101468;344543;291218;53325;181526;149460;32066;430532;396109;34423;27664;27377;287;37887;37490;397;86560;85371;1189;88594;86149;2445;76995;72306;4689;59037;50811;8226;53795;36605;17190;19294;10991;8303;9855;5200;4655;89123;87904;1219;5182;5152;30;6319;6270;49;11948;11872;76;14703;14603;100;13682;13542;140;13546;13369;177;23743;23096;647;11090;10618;472;6263;5892;371;2751004;2579031;171973;256801;254363;2438;283171;280547;2624;568228;561762;6466;527706;514882;12824;456407;430433;25974;353099;312309;40790;305592;224735;80857;103014;65460;37554;51036;30002;21034;20416;18024;2392;2736;2688;48;2696;2627;69;4554;4355;199;3530;3214;316;2652;2214;438;2151;1670;481;2097;1256;841;821;396;425;463;191;272;4456751;4283683;173068;386743;382845;3898;426841;422489;4352;873801;864051;9750;853072;837507;15565;738393;712374;26019;604651;566604;38047;573250;497813;75437;199996;163860;36136;99220;78840;20380;2803031;2722751;80280;234787;232685;2102;254779;252502;2277;529532;524802;4730;528921;522215;6706;462762;451773;10989;398010;381323;16687;394240;357451;36789;139137;121035;18102;69174;58799;10375;229305;213285;16020;15085;14891;194;21018;20739;279;48236;47446;790;48685;47158;1527;41280;38834;2446;29730;25939;3791;25271;18278;6993;8918;5490;3428;4487;2599;1888;42738;42235;503;2562;2543;19;3132;3103;29;5905;5859;46;7409;7353;56;6607;6536;71;6452;6385;67;10671;10456;215;4817;4677;140;2627;2523;104;1371470;1296178;75292;132928;131373;1555;146559;144825;1734;287769;283684;4085;266269;259129;7140;226429;214084;12345;169377;152068;17309;142139;111015;31124;46796;32481;14315;22755;14833;7922;10042;9071;971;1374;1346;28;1336;1303;33;2308;2210;98;1756;1621;135;1295;1127;168;1063;870;193;910;594;316;319;168;151;172;81;91;4792332;4567066;225266;374283;371856;2427;419797;417225;2572;889551;883513;6038;894231;882154;12077;797859;770505;27354;690991;641762;49229;725620;600051;125569;278781;214837;63944;149933;111914;38019;3154647;3046607;108040;233840;232420;1420;261750;260243;1507;562441;559314;3127;583790;578540;5250;523704;512561;11143;469758;448844;20914;519364;454685;64679;205406;170183;35223;112352;90661;21691;201227;182824;18403;12579;12486;93;16869;16751;118;38324;37925;399;39909;38991;918;35715;33472;2243;29307;24872;4435;28524;18327;10197;10376;5501;4875;5368;2601;2767;46385;45669;716;2620;2609;11;3187;3167;20;6043;6013;30;7294;7250;44;7075;7006;69;7094;6984;110;13072;12640;432;6273;5941;332;3636;3369;267;1379534;1282853;96681;123873;122990;883;136612;135722;890;280459;278078;2381;261437;255753;5684;229978;216349;13629;183722;160241;23481;163453;113720;49733;56218;32979;23239;28281;15169;13112;10374;8953;1421;1362;1342;20;1360;1324;36;2246;2145;101;1774;1593;181;1357;1087;270;1088;800;288;1187;662;525;502;228;274;291;110;181
Santa Catarina;6187151;6021965;165186;480629;476842;3787;574485;570298;4187;1260088;1250668;9420;1242561;1228035;14526;987339;961379;25960;847610;811335;36275;794439;723408;71031;278104;243549;34555;142755;122544;20211;4747831;4644202;103629;344847;342258;2589;402202;399552;2650;909612;903807;5805;936828;928907;7921;771426;756894;14532;699284;677586;21698;683632;635198;48434;243653;218931;24722;125980;111253;14727;263180;251562;11618;19377;19202;175;29456;29138;318;68283;67422;861;60092;58618;1474;38953;36814;2139;26576;24006;2570;20443;16362;4081;6446;4670;1776;3269;2246;1023;10720;10530;190;634;632;2;919;916;3;2238;2213;25;2518;2494;24;1695;1671;24;1148;1100;48;1568;1504;64;591;558;33;311;294;17;1151029;1102448;48581;114089;113081;1008;139727;138555;1172;276566;273912;2654;240396;235424;4972;173331;164311;9020;119271;107562;11709;87649;69603;18046;26963;19145;7818;12931;8632;4299;14229;13063;1166;1673;1660;13;2159;2115;44;3345;3270;75;2702;2567;135;1899;1655;244;1316;1067;249;1135;729;406;448;242;206;261;116;145;3022823;2943714;79109;245134;242724;2410;292053;289430;2623;631810;626049;5761;618166;609795;8371;482416;468674;13742;403362;385759;17603;349882;321283;28599;112171;99322;12849;53482;46578;6904;2275090;2225768;49322;173896;172294;1602;199720;198103;1617;445708;442264;3444;456802;452244;4558;371303;363451;7852;329684;318854;10830;297977;278558;19419;97146;88116;9030;46511;41631;4880;141224;135266;5958;10499;10373;126;16575;16357;218;37991;37431;560;33126;32231;895;20668;19496;1172;13191;11926;1265;9174;7452;1722;2628;1927;701;1247;870;377;5466;5377;89;332;331;1;454;451;3;1132;1124;8;1322;1313;9;845;828;17;590;567;23;791;763;28;293;280;13;162;153;9;593843;570577;23266;59515;58843;672;74201;73442;759;145268;143559;1709;125564;122709;2855;88616;84018;4598;59261;53874;5387;41418;34132;7286;11909;8876;3033;5448;3862;1586;7112;6639;473;887;878;9;1094;1068;26;1684;1644;40;1337;1283;54;970;867;103;625;528;97;515;371;144;194;122;72;113;61;52;3164328;3078251;86077;235495;234118;1377;282432;280868;1564;628278;624619;3659;624395;618240;6155;504923;492705;12218;444248;425576;18672;444557;402125;42432;165933;144227;21706;89273;75966;13307;2472741;2418434;54307;170951;169964;987;202482;201449;1033;463904;461543;2361;480026;476663;3363;400123;393443;6680;369600;358732;10868;385655;356640;29015;146507;130815;15692;79469;69622;9847;121956;116296;5660;8878;8829;49;12881;12781;100;30292;29991;301;26966;26387;579;18285;17318;967;13385;12080;1305;11269;8910;2359;3818;2743;1075;2022;1376;646;5254;5153;101;302;301;1;465;465;-;1106;1089;17;1196;1181;15;850;843;7;558;533;25;777;741;36;298;278;20;149;141;8;557186;531871;25315;54574;54238;336;65526;65113;413;131298;130353;945;114832;112715;2117;84715;80293;4422;60010;53688;6322;46231;35471;10760;15054;10269;4785;7483;4770;2713;7117;6424;693;786;782;4;1065;1047;18;1661;1626;35;1365;1284;81;929;788;141;691;539;152;620;358;262;254;120;134;148;55;93
Rio Grande do Sul;8976455;8697640;278815;669068;661742;7326;755646;748109;7537;1574440;1559439;15001;1647017;1625019;21998;1414104;1376690;37414;1384280;1331223;53057;1531900;1395418;136482;578392;507202;71190;306818;263403;43415;7074839;6894589;180250;494484;489554;4930;557810;552801;5009;1191905;1182145;9760;1282662;1269533;13129;1113465;1091591;21874;1133314;1101041;32273;1301199;1207924;93275;500825;449932;50893;267698;236163;31535;600652;570712;29940;47780;47091;689;58626;57845;781;122184;120454;1730;120501;117791;2710;96516;91897;4619;80625;74286;6339;74420;61348;13072;24992;18725;6267;12832;9068;3764;7221;6990;231;423;417;6;526;520;6;1344;1327;17;1347;1331;16;1127;1100;27;958;914;44;1496;1381;115;702;631;71;402;355;47;1268797;1203157;65640;123148;121528;1620;134827;133192;1635;253478;250206;3272;238263;232561;5702;199757;189427;10330;166873;153001;13872;152451;123242;29209;50995;37451;13544;25356;17568;7788;24769;22022;2747;3220;3139;81;3841;3735;106;5490;5268;222;4214;3773;441;3212;2651;561;2481;1955;526;2311;1501;810;871;456;415;526;245;281;4281884;4146751;135133;340532;335895;4637;379935;375253;4682;775816;766661;9155;802541;789731;12810;679962;659528;20434;649612;622121;27491;653486;597562;55924;222751;196872;25879;108678;94274;14404;3335911;3248974;86937;249625;246564;3061;277315;274233;3082;581301;575446;5855;618622;610926;7696;529883;517728;12155;527729;510675;17054;551436;513402;38034;191495;173240;18255;94176;83884;10292;290785;276133;14652;24728;24305;423;30244;29748;496;61658;60535;1123;59274;57677;1597;46751;44272;2479;37451;34258;3193;30679;25338;5341;9265;6967;2298;4292;3030;1262;3440;3324;116;195;189;6;262;258;4;649;638;11;662;652;10;506;493;13;458;433;25;708;661;47;350;323;27;206;188;18;639448;607053;32395;64355;63257;1098;70172;69124;1048;129474;127402;2072;121885;118530;3355;101191;95616;5575;82719;75686;7033;69652;57438;12214;21312;16143;5169;9822;7075;2747;12208;11177;1031;1622;1573;49;1932;1880;52;2718;2624;94;2082;1930;152;1617;1406;211;1237;1052;185;1000;712;288;325;195;130;180;95;85;4694571;4550889;143682;328536;325847;2689;375711;372856;2855;798624;792778;5846;844476;835288;9188;734142;717162;16980;734668;709102;25566;878414;797856;80558;355641;310330;45311;198140;169129;29011;3738928;3645615;93313;244859;242990;1869;280495;278568;1927;610604;606699;3905;664040;658607;5433;583582;573863;9719;605585;590366;15219;749763;694522;55241;309330;276692;32638;173522;152279;21243;309867;294579;15288;23052;22786;266;28382;28097;285;60526;59919;607;61227;60114;1113;49765;47625;2140;43174;40028;3146;43741;36010;7731;15727;11758;3969;8540;6038;2502;3781;3666;115;228;228;-;264;262;2;695;689;6;685;679;6;621;607;14;500;481;19;788;720;68;352;308;44;196;167;29;629349;596104;33245;58793;58271;522;64655;64068;587;124004;122804;1200;116378;114031;2347;98566;93811;4755;84154;77315;6839;82799;65804;16995;29683;21308;8375;15534;10493;5041;12561;10845;1716;1598;1566;32;1909;1855;54;2772;2644;128;2132;1843;289;1595;1245;350;1244;903;341;1311;789;522;546;261;285;346;150;196
Mato Grosso do Sul;2150221;2034357;115864;198275;196225;2050;206935;204667;2268;429085;423533;5552;427126;416231;10895;347193;328525;18668;277161;250471;26690;264446;214705;49741;97409;72590;24819;51895;37013;14882;908750;873657;35093;78102;77396;706;79773;79084;689;171205;169608;1597;177996;175260;2736;146097;141272;4825;124847;117340;7507;130730;113697;17033;49810;40784;9026;26981;21444;5537;156034;143176;12858;11206;11103;103;14605;14440;165;32512;32044;468;32721;31611;1110;26971;24783;2188;20460;17116;3344;17559;12079;5480;6438;3798;2640;3437;1909;1528;17242;16926;316;1084;1079;5;1301;1292;9;2397;2380;17;2984;2965;19;2796;2751;45;2642;2588;54;4038;3871;167;1884;1774;110;1071;989;82;1004205;945154;59051;96899;95920;979;101319;100253;1066;207858;205217;2641;202484;196872;5612;163862;153889;9973;124550;110300;14250;107233;82703;24530;37102;25491;11611;19044;12263;6781;63936;55394;8542;10981;10724;257;9935;9596;339;15099;14271;828;10929;9511;1418;7460;5823;1637;4653;3120;1533;4879;2349;2530;2172;741;1431;1361;407;954;1047525;991949;55576;100956;99700;1256;103778;102380;1398;211844;208510;3334;209410;203432;5978;168501;158869;9632;131364;118757;12607;121672;100301;21371;43222;32801;10421;22346;16237;6109;429727;413240;16487;38921;38503;418;39273;38864;409;82896;81931;965;84153;82618;1535;68245;65775;2470;57806;54186;3620;58433;51363;7070;21147;17554;3593;11020;8853;2167;83920;77172;6748;6084;6012;72;7997;7885;112;17925;17603;322;18001;17259;742;14699;13433;1266;10582;8868;1714;8632;6112;2520;3140;1914;1226;1648;956;692;8314;8166;148;539;537;2;623;618;5;1165;1154;11;1430;1419;11;1350;1326;24;1255;1234;21;1952;1878;74;877;833;44;486;452;34;494071;465525;28546;49812;49187;625;50923;50242;681;102535;100901;1634;100530;97398;3132;80440;75240;5200;59442;52880;6562;50389;39677;10712;17114;12117;4997;8600;5768;2832;31465;27820;3645;5598;5459;139;4961;4770;191;7316;6915;401;5291;4733;558;3763;3091;672;2275;1586;689;2261;1266;995;942;381;561;591;207;384;1102696;1042408;60288;97319;96525;794;103157;102287;870;217241;215023;2218;217716;212799;4917;178692;169656;9036;145797;131714;14083;142774;114404;28370;54187;39789;14398;29549;20776;8773;479023;460417;18606;39181;38893;288;40500;40220;280;88309;87677;632;93843;92642;1201;77852;75497;2355;67041;63154;3887;72297;62334;9963;28663;23230;5433;15961;12591;3370;72114;66004;6110;5122;5091;31;6608;6555;53;14587;14441;146;14720;14352;368;12272;11350;922;9878;8248;1630;8927;5967;2960;3298;1884;1414;1789;953;836;8928;8760;168;545;542;3;678;674;4;1232;1226;6;1554;1546;8;1446;1425;21;1387;1354;33;2086;1993;93;1007;941;66;585;537;48;510134;479629;30505;47087;46733;354;50396;50011;385;105323;104316;1007;101954;99474;2480;83422;78649;4773;65108;57420;7688;56844;43026;13818;19988;13374;6614;10444;6495;3949;32471;27574;4897;5383;5265;118;4974;4826;148;7783;7356;427;5638;4778;860;3697;2732;965;2378;1534;844;2618;1083;1535;1230;360;870;770;200;570
Mato Grosso;2828963;2664471;164492;270800;267408;3392;289545;286195;3350;603389;595327;8062;592611;576386;16225;457561;430271;27290;333017;294507;38510;282040;214377;67663;97284;65602;31682;49953;31575;18378;915309;878506;36803;79605;78833;772;83998;83219;779;182527;180849;1678;184706;181764;2942;149466;144157;5309;122105;114200;7905;112902;95484;17418;40201;31247;8954;20737;15313;5424;309198;281985;27213;24522;24203;319;30737;30344;393;67417;66343;1074;67809;65130;2679;52695;47955;4740;36237;29324;6913;29781;18686;11095;10358;5419;4939;5341;2582;2759;9235;9018;217;659;649;10;742;736;6;1609;1600;9;1935;1911;24;1526;1497;29;1206;1170;36;1558;1455;103;614;570;44;345;317;28;1562137;1467210;94927;159394;157531;1863;168665;166834;1831;344042;339453;4589;332513;322883;9630;250437;234102;16335;171531;148545;22986;135555;97862;37693;44969;28022;16947;22772;13176;9596;33012;27686;5326;6616;6188;428;5395;5054;341;7764;7052;712;5636;4687;949;3425;2549;876;1936;1267;669;2240;889;1351;1140;344;796;757;187;570;1418276;1331689;86587;137790;135612;2178;146781;144742;2039;302278;297281;4997;297196;287445;9751;229481;213993;15488;166892;146919;19973;137858;105697;32161;46052;31558;14494;23029;14871;8158;450263;431692;18571;39505;39031;474;41897;41417;480;90263;89218;1045;90506;88745;1761;73378;70380;2998;60818;56780;4038;53896;46121;7775;18180;14401;3779;9049;6832;2217;169351;153462;15889;13384;13146;238;16893;16610;283;37387;36597;790;37567;35745;1822;29064;26050;3014;19522;15574;3948;15534;9740;5794;5311;2787;2524;2734;1340;1394;4388;4297;91;326;322;4;326;323;3;744;741;3;915;901;14;720;709;11;593;573;20;764;728;36;293;277;16;159;149;10;777717;727456;50261;81224;79929;1295;84915;83739;1176;170003;166995;3008;165408;159487;5921;124535;115370;9165;84989;73292;11697;66643;48644;17999;21768;13917;7851;10757;6445;4312;16518;14746;1772;3348;3181;167;2748;2651;97;3862;3711;151;2793;2560;233;1779;1480;299;969;699;270;1019;464;555;499;176;323;330;105;225;1410687;1332782;77905;133010;131796;1214;142764;141453;1311;301111;298046;3065;295415;288941;6474;228080;216278;11802;166125;147588;18537;144182;108680;35502;51232;34044;17188;26924;16704;10220;465046;446814;18232;40100;39802;298;42101;41802;299;92264;91631;633;94200;93019;1181;76088;73777;2311;61287;57420;3867;59006;49363;9643;22021;16846;5175;11688;8481;3207;139847;128523;11324;11138;11057;81;13844;13734;110;30030;29746;284;30242;29385;857;23631;21905;1726;16715;13750;2965;14247;8946;5301;5047;2632;2415;2607;1242;1365;4847;4721;126;333;327;6;416;413;3;865;859;6;1020;1010;10;806;788;18;613;597;16;794;727;67;321;293;28;186;168;18;784420;739754;44666;78170;77602;568;83750;83095;655;174039;172458;1581;167105;163396;3709;125902;118732;7170;86542;75253;11289;68912;49218;19694;23201;14105;9096;12015;6731;5284;16494;12940;3554;3268;3007;261;2647;2403;244;3902;3341;561;2843;2127;716;1646;1069;577;967;568;399;1221;425;796;641;168;473;427;82;345
Goiás;5625206;5316507;308699;508801;503591;5210;554318;548983;5335;1127943;1115122;12821;1154195;1125846;28349;933268;882062;51206;697808;629427;68381;648873;511476;137397;235262;166777;68485;123799;83588;40211;2029391;1941571;87820;170462;168912;1550;181398;179839;1559;368805;365400;3405;393224;386638;6586;337323;325229;12094;279589;261928;17661;298590;253625;44965;116002;91209;24793;62717;47467;15250;563092;513881;49211;45398;44820;578;57628;56973;655;119355;117505;1850;122677;117893;4784;95698;86707;8991;65874;54017;11857;56462;35966;20496;20127;10542;9585;10617;5090;5527;14508;14015;493;1059;1050;9;1387;1380;7;2987;2955;32;3052;2997;55;2340;2249;91;1673;1568;105;2010;1816;194;802;705;97;407;358;49;3009243;2838849;170394;291102;288036;3066;313062;309957;3105;635103;627597;7506;633493;616642;16851;496396;466519;29877;349470;310896;38574;290617;219202;71415;97915;64068;33847;49858;30567;19291;8797;8023;774;770;763;7;827;818;9;1650;1622;28;1701;1629;72;1488;1336;152;1186;1004;182;1175;851;324;411;250;161;196;104;92;2737460;2576858;160602;258460;255081;3379;278317;274970;3347;557449;549093;8356;564828;547119;17709;451447;421524;29923;329595;294157;35438;297364;234914;62450;104623;74846;29777;53349;36419;16930;952553;909158;43395;84300;83351;949;88582;87685;897;177577;175535;2042;184453;180456;3997;157211;150122;7089;128862;119779;9083;131568;112230;19338;48953;38835;10118;25346;19364;5982;304087;276231;27856;24591;24197;394;31649;31198;451;65914;64541;1373;67706;64429;3277;51768;46157;5611;34329;27794;6535;28130;17915;10215;9840;5211;4629;5125;2558;2567;6479;6230;249;493;487;6;621;616;5;1289;1271;18;1286;1252;34;1036;984;52;761;710;51;993;910;83;370;332;38;187;162;25;1470186;1381428;88758;148678;146652;2026;157067;155077;1990;311841;306937;4904;310570;300207;10363;240718;223617;17101;165126;145438;19688;136186;103500;32686;45304;30363;14941;22618;14289;8329;4061;3718;343;390;386;4;392;388;4;808;789;19;784;747;37;702;632;70;508;427;81;477;349;128;155;104;51;72;45;27;2887746;2739649;148097;250341;248510;1831;276001;274013;1988;570494;566029;4465;589367;578727;10640;481821;460538;21283;368213;335270;32943;351509;276562;74947;130639;91931;38708;70450;47169;23281;1076838;1032413;44425;86162;85561;601;92816;92154;662;191228;189865;1363;208771;206182;2589;180112;175107;5005;150727;142149;8578;167022;141395;25627;67049;52374;14675;37371;28103;9268;259005;237650;21355;20807;20623;184;25979;25775;204;53441;52964;477;54971;53464;1507;43930;40550;3380;31545;26223;5322;28332;18051;10281;10287;5331;4956;5492;2532;2960;8029;7785;244;566;563;3;766;764;2;1698;1684;14;1766;1745;21;1304;1265;39;912;858;54;1017;906;111;432;373;59;220;196;24;1539057;1457421;81636;142424;141384;1040;155995;154880;1115;323262;320660;2602;322923;316435;6488;255678;242902;12776;184344;165458;18886;154431;115702;38729;52611;33705;18906;27240;16278;10962;4736;4305;431;380;377;3;435;430;5;842;833;9;917;882;35;786;704;82;678;577;101;698;502;196;256;146;110;124;59;65
Distrito Federal;2283148;2219866;63282;208546;206886;1660;227966;225565;2401;447336;443092;4244;492668;485479;7189;389706;378857;10849;268350;256105;12245;248576;223882;24694;92439;79949;12490;50043;42662;7381;904990;887954;17036;74830;74340;490;82050;81503;547;163861;162809;1052;191468;189802;1666;153437;150854;2583;114789;111744;3045;124555;116902;7653;50357;46136;4221;28077;25492;2585;262378;251257;11121;21547;21396;151;28196;27936;260;56610;55980;630;58609;57285;1324;45295;43178;2117;29250;26910;2340;22871;18572;4299;7819;5779;2040;4201;3027;1174;11105;10944;161;662;658;4;817;810;7;1915;1898;17;2494;2466;28;1922;1898;24;1378;1359;19;1917;1855;62;849;819;30;446;429;17;1099813;1065100;34713;111146;110137;1009;116453;114875;1578;224050;221521;2529;239121;234985;4136;188153;182083;6070;122288;115493;6795;98602;86006;12596;33210;27054;6156;17204;13626;3578;4781;4532;249;359;353;6;443;434;9;879;863;16;955;921;34;883;828;55;641;595;46;621;538;83;199;157;42;112;86;26;1071016;1039419;31597;105447;104331;1116;115443;113608;1835;218440;215453;2987;229675;225118;4557;180588;174560;6028;119668;113820;5848;101755;92529;9226;36039;31712;4327;19059;16536;2523;404436;396658;7778;36805;36497;308;39632;39294;338;76447;75807;640;84480;83505;975;67266;65882;1384;50082;48675;1407;49724;46998;2726;18894;17534;1360;10146;9328;818;135221;129419;5802;11429;11329;100;15471;15259;212;30923;30447;476;30378;29496;882;23260;21998;1262;13994;12817;1177;9766;8073;1693;3235;2496;739;1768;1353;415;5073;4999;74;324;322;2;381;377;4;845;838;7;1100;1086;14;858;847;11;665;655;10;900;874;26;380;367;13;195;188;7;524093;506261;17832;56723;56020;703;59748;58471;1277;109777;107924;1853;113269;110598;2671;88815;85469;3346;54649;51420;3229;41112;36359;4753;13449;11250;2199;6906;5634;1272;2155;2046;109;165;162;3;209;205;4;439;428;11;436;422;14;383;358;25;276;251;25;247;220;27;78;63;15;42;32;10;1212132;1180447;31685;103099;102555;544;112523;111957;566;228896;227639;1257;262993;260361;2632;209118;204297;4821;148682;142285;6397;146821;131353;15468;56400;48237;8163;30984;26126;4858;500554;491296;9258;38025;37843;182;42418;42209;209;87414;87002;412;106988;106297;691;86171;84972;1199;64707;63069;1638;74831;69904;4927;31463;28602;2861;17931;16164;1767;127157;121838;5319;10118;10067;51;12725;12677;48;25687;25533;154;28231;27789;442;22035;21180;855;15256;14093;1163;13105;10499;2606;4584;3283;1301;2433;1674;759;6032;5945;87;338;336;2;436;433;3;1070;1060;10;1394;1380;14;1064;1051;13;713;704;9;1017;981;36;469;452;17;251;241;10;575720;558839;16881;54423;54117;306;56705;56404;301;114273;113597;676;125852;124387;1465;99338;96614;2724;67639;64073;3566;57490;49647;7843;19761;15804;3957;10298;7992;2306;2626;2486;140;194;191;3;234;229;5;440;435;5;519;499;20;500;470;30;365;344;21;374;318;56;121;94;27;70;54;16
Fonte: IBGE - Censo Demográfico;;;;;;;;;;;;;;;;;;;;;;;;;;;;;;;;;;;;;;;;;;;;;;;;;;;;;;;;;;;;;;;;;;;;;;;;;;;;;;;;;;;;;;;;;;;;;;;;;;;;;;;;;;;;;;;;;;;;;;;;;;;;;;;;;;;;;;;;;;;;;;;;;;;;;;;;;;;;;;;;;;;;;;;;;;;;;;;;;;;;;;;;;;;;;;;;;;;;;;;;;;;;;;;;;;;;;;;;;;;;;;;;;;;;;;;;;;;;;;;;;;;;;;;;;;;;;;;;;;;;;;;;;;;;;;;;;;;;;;;;;;;;;;;;;;;;;;;;;;;;;;;;;;;;;;;;;;;;;;;;;;;;;;;;;;;;;;;;;;;;;;;;;;;;;;;;;;;;;;;;;;;;;;;;;;;;;;;;;;;;;;;;;;;;;;;;;;;;;;;;;;;;;;;;;;;;;;;;;;;;;;;;;;;;;;;;;;;;;;;;;;;;;;;;;;;;;;;;;;;;;;;;;;;;;;;;;;;;;;;;;;;;;;;;;;;;;;;;;;;;;;;;;;;;;;;;;;;;;;;;;;;;;;;;;;;;;;;;;;;;
